id,sha256,source,licence,organe,classe,site,date,annotateur,split,images
hf_rice_disease:Rice___Brown_Spot,881a2d62a93965c99ed801471aa1ba149f1f5622585f8f5acdbc763300bb638b,ml/data/raw/hf_rice_disease/,Apache-2.0,feuille,helminthosporiose,,,,,613
hf_rice_disease:Rice___Healthy,881a2d62a93965c99ed801471aa1ba149f1f5622585f8f5acdbc763300bb638b,ml/data/raw/hf_rice_disease/,Apache-2.0,feuille,feuille_saine,,,,,1488
hf_rice_disease:Rice___Leaf_Blast,881a2d62a93965c99ed801471aa1ba149f1f5622585f8f5acdbc763300bb638b,ml/data/raw/hf_rice_disease/,Apache-2.0,feuille,pyriculariose_feuille,,,,,977
hf_rice_disease:Rice___Neck_Blast,881a2d62a93965c99ed801471aa1ba149f1f5622585f8f5acdbc763300bb638b,ml/data/raw/hf_rice_disease/,Apache-2.0,panicule_grains,pyriculariose_cou,,,,,1000
mendeley_hx6f852hw4:Original Images/Bacterial Leaf Blight,eb1e804ae414250d7a333a1c3820c49a520c2f09e2e6a38f280e90f58a4f62fb,ml/data/raw/mendeley_hx6f852hw4/,CC BY 4.0,feuille,blb,,,,,180
mendeley_hx6f852hw4:Original Images/Brown Spot,eb1e804ae414250d7a333a1c3820c49a520c2f09e2e6a38f280e90f58a4f62fb,ml/data/raw/mendeley_hx6f852hw4/,CC BY 4.0,feuille,helminthosporiose,,,,,267
mendeley_hx6f852hw4:Original Images/Healthy Rice Leaf,eb1e804ae414250d7a333a1c3820c49a520c2f09e2e6a38f280e90f58a4f62fb,ml/data/raw/mendeley_hx6f852hw4/,CC BY 4.0,feuille,feuille_saine,,,,,157
mendeley_hx6f852hw4:Original Images/Leaf Blast,eb1e804ae414250d7a333a1c3820c49a520c2f09e2e6a38f280e90f58a4f62fb,ml/data/raw/mendeley_hx6f852hw4/,CC BY 4.0,feuille,pyriculariose_feuille,,,,,305
mendeley_hx6f852hw4:Original Images/Leaf scald,eb1e804ae414250d7a333a1c3820c49a520c2f09e2e6a38f280e90f58a4f62fb,ml/data/raw/mendeley_hx6f852hw4/,CC BY 4.0,feuille,echaudure,,,,,189
mendeley_hx6f852hw4:Original Images/Narrow Brown Leaf Spot,eb1e804ae414250d7a333a1c3820c49a520c2f09e2e6a38f280e90f58a4f62fb,ml/data/raw/mendeley_hx6f852hw4/,CC BY 4.0,feuille,cercosporiose,,,,,117
mendeley_hx6f852hw4:Original Images/Rice Hispa,eb1e804ae414250d7a333a1c3820c49a520c2f09e2e6a38f280e90f58a4f62fb,ml/data/raw/mendeley_hx6f852hw4/,CC BY 4.0,feuille,degats_hispa,,,,,215
mendeley_hx6f852hw4:Original Images/Sheath Blight,eb1e804ae414250d7a333a1c3820c49a520c2f09e2e6a38f280e90f58a4f62fb,ml/data/raw/mendeley_hx6f852hw4/,CC BY 4.0,tige_gaine,rhizoctone,,,,,271
nutrient_deficiency_rice:rice_plant_lacks_nutrients/Nitrogen(N),,ml/data/raw/nutrient_deficiency_rice/,non précisée par l'hébergeur,feuille,carence_azote,,,,,440
nutrient_deficiency_rice:rice_plant_lacks_nutrients/Phosphorus(P),,ml/data/raw/nutrient_deficiency_rice/,non précisée par l'hébergeur,feuille,carence_phosphore,,,,,333
nutrient_deficiency_rice:rice_plant_lacks_nutrients/Potassium(K),,ml/data/raw/nutrient_deficiency_rice/,non précisée par l'hébergeur,feuille,carence_potassium,,,,,383
paddy_doctor:test_images,,ml/data/raw/paddy_doctor/,CC BY,?,sans_etiquette,,,,,3469
paddy_doctor:train_images/bacterial_leaf_blight,,ml/data/raw/paddy_doctor/,CC BY,feuille,blb,,,,,479
paddy_doctor:train_images/bacterial_leaf_streak,,ml/data/raw/paddy_doctor/,CC BY,feuille,bls,,,,,380
paddy_doctor:train_images/bacterial_panicle_blight,,ml/data/raw/paddy_doctor/,CC BY,panicule_grains,brunissure_bacterienne_panicule,,,,,337
paddy_doctor:train_images/blast,,ml/data/raw/paddy_doctor/,CC BY,feuille,pyriculariose_feuille,,,,,1738
paddy_doctor:train_images/brown_spot,,ml/data/raw/paddy_doctor/,CC BY,feuille,helminthosporiose,,,,,965
paddy_doctor:train_images/dead_heart,,ml/data/raw/paddy_doctor/,CC BY,tige_gaine,coeur_mort_foreurs,,,,,1442
paddy_doctor:train_images/downy_mildew,,ml/data/raw/paddy_doctor/,CC BY,feuille,mildiou,,,,,620
paddy_doctor:train_images/hispa,,ml/data/raw/paddy_doctor/,CC BY,feuille,degats_hispa,,,,,1594
paddy_doctor:train_images/normal,,ml/data/raw/paddy_doctor/,CC BY,feuille,feuille_saine,,,,,1764
paddy_doctor:train_images/tungro,,ml/data/raw/paddy_doctor/,CC BY,exclu,exclu:tungro,,,,,1088
riceleafbd:Original Images/Bacterial Leaf Blight,3280cc176c2ee9f6ee4386e5728623fc7e8f9204b31c50f4ebb303edc52d9c83,ml/data/raw/riceleafbd/,CC BY 4.0,feuille,blb,,,,,422
riceleafbd:Original Images/Brown Spot,3280cc176c2ee9f6ee4386e5728623fc7e8f9204b31c50f4ebb303edc52d9c83,ml/data/raw/riceleafbd/,CC BY 4.0,feuille,helminthosporiose,,,,,356
riceleafbd:Original Images/Healthy Leaf,3280cc176c2ee9f6ee4386e5728623fc7e8f9204b31c50f4ebb303edc52d9c83,ml/data/raw/riceleafbd/,CC BY 4.0,feuille,feuille_saine,,,,,252
riceleafbd:Original Images/Tungro Virus,3280cc176c2ee9f6ee4386e5728623fc7e8f9204b31c50f4ebb303edc52d9c83,ml/data/raw/riceleafbd/,CC BY 4.0,exclu,exclu:tungro,,,,,530
sethy_5932:Rice Leaf Disease Images/Bacterialblight,b2d5fbef5a8ef6adefa04a83be7ee5150091f412d40162ecdf9fd2b1b5e24aaf,ml/data/raw/sethy_5932/,CC BY 4.0,feuille,blb,,,,,1584
sethy_5932:Rice Leaf Disease Images/Blast,b2d5fbef5a8ef6adefa04a83be7ee5150091f412d40162ecdf9fd2b1b5e24aaf,ml/data/raw/sethy_5932/,CC BY 4.0,feuille,pyriculariose_feuille,,,,,1440
sethy_5932:Rice Leaf Disease Images/Brownspot,b2d5fbef5a8ef6adefa04a83be7ee5150091f412d40162ecdf9fd2b1b5e24aaf,ml/data/raw/sethy_5932/,CC BY 4.0,feuille,helminthosporiose,,,,,1600
sethy_5932:Rice Leaf Disease Images/Tungro,b2d5fbef5a8ef6adefa04a83be7ee5150091f412d40162ecdf9fd2b1b5e24aaf,ml/data/raw/sethy_5932/,CC BY 4.0,exclu,exclu:tungro,,,,,1308
ml/data/raw/dhan_shomadhan/Dhan-Shomadhan/Field Background/Browon Spot/bsf_0.jpg,801ff0bc11c30a4f0c7b9e122cab83031d0e47195ede476c735e93124f1bf69b,ml/data/raw/dhan_shomadhan/Dhan-Shomadhan/Field Background/Browon Spot/bsf_0.jpg,CC BY 4.0,feuille,helminthosporiose,,,,,1
ml/data/raw/dhan_shomadhan/Dhan-Shomadhan/Field Background/Browon Spot/bsf_1.jpg,532981a187b3bc5bb8185ae1725a3104a05a2c2e2bd3ed61c7b4adb28f7132e3,ml/data/raw/dhan_shomadhan/Dhan-Shomadhan/Field Background/Browon Spot/bsf_1.jpg,CC BY 4.0,feuille,helminthosporiose,,,,,1
ml/data/raw/dhan_shomadhan/Dhan-Shomadhan/Field Background/Browon Spot/bsf_10.jpg,06f9e0c155add8657c5b83bc433c176ab968c8c372e4c7636e2492a2d571e297,ml/data/raw/dhan_shomadhan/Dhan-Shomadhan/Field Background/Browon Spot/bsf_10.jpg,CC BY 4.0,feuille,helminthosporiose,,,,,1
ml/data/raw/dhan_shomadhan/Dhan-Shomadhan/Field Background/Browon Spot/bsf_11.jpg,ce06798bddc1abf61d699a3158b6473ea9b7851af21210e4487ed7e57923c358,ml/data/raw/dhan_shomadhan/Dhan-Shomadhan/Field Background/Browon Spot/bsf_11.jpg,CC BY 4.0,feuille,helminthosporiose,,,,,1
ml/data/raw/dhan_shomadhan/Dhan-Shomadhan/Field Background/Browon Spot/bsf_12.jpg,1d767f0a21811be9219fd811c8259831617d87015bf3f34ac313b1861a6318fa,ml/data/raw/dhan_shomadhan/Dhan-Shomadhan/Field Background/Browon Spot/bsf_12.jpg,CC BY 4.0,feuille,helminthosporiose,,,,,1
ml/data/raw/dhan_shomadhan/Dhan-Shomadhan/Field Background/Browon Spot/bsf_13.jpg,94e89d9fbbd627c8656857434665548887ec4cf6283acd72f897ecd3f21222ac,ml/data/raw/dhan_shomadhan/Dhan-Shomadhan/Field Background/Browon Spot/bsf_13.jpg,CC BY 4.0,feuille,helminthosporiose,,,,,1
ml/data/raw/dhan_shomadhan/Dhan-Shomadhan/Field Background/Browon Spot/bsf_14.jpg,b56219383b87090d37d29b9a68539fcbd84e63d8cb467f981848be0b8f52bb5e,ml/data/raw/dhan_shomadhan/Dhan-Shomadhan/Field Background/Browon Spot/bsf_14.jpg,CC BY 4.0,feuille,helminthosporiose,,,,,1
ml/data/raw/dhan_shomadhan/Dhan-Shomadhan/Field Background/Browon Spot/bsf_15.jpg,3f43d05afde44c135d9e18e841fd021fe9fd7163fb083a6a6144db9f133d9ba6,ml/data/raw/dhan_shomadhan/Dhan-Shomadhan/Field Background/Browon Spot/bsf_15.jpg,CC BY 4.0,feuille,helminthosporiose,,,,,1
ml/data/raw/dhan_shomadhan/Dhan-Shomadhan/Field Background/Browon Spot/bsf_16.jpg,2143717d402b135c5d76f385e40b74981f6d51289a5f65bd9aec60614c1e23d3,ml/data/raw/dhan_shomadhan/Dhan-Shomadhan/Field Background/Browon Spot/bsf_16.jpg,CC BY 4.0,feuille,helminthosporiose,,,,,1
ml/data/raw/dhan_shomadhan/Dhan-Shomadhan/Field Background/Browon Spot/bsf_17.jpg,6d8d5b3de93ba783db84837645e426104a03a896e24df5fc4e78d9a1d577f879,ml/data/raw/dhan_shomadhan/Dhan-Shomadhan/Field Background/Browon Spot/bsf_17.jpg,CC BY 4.0,feuille,helminthosporiose,,,,,1
ml/data/raw/dhan_shomadhan/Dhan-Shomadhan/Field Background/Browon Spot/bsf_18.jpg,2c0c03f2606f89de6e89a770afcf9ba5713109796a76d80cd7702fb17dab273b,ml/data/raw/dhan_shomadhan/Dhan-Shomadhan/Field Background/Browon Spot/bsf_18.jpg,CC BY 4.0,feuille,helminthosporiose,,,,,1
ml/data/raw/dhan_shomadhan/Dhan-Shomadhan/Field Background/Browon Spot/bsf_19.jpg,48c7201929c2c57491880f1db6a534f4a626edcc880b5331ca04a70df7dbb3f4,ml/data/raw/dhan_shomadhan/Dhan-Shomadhan/Field Background/Browon Spot/bsf_19.jpg,CC BY 4.0,feuille,helminthosporiose,,,,,1
ml/data/raw/dhan_shomadhan/Dhan-Shomadhan/Field Background/Browon Spot/bsf_2.jpg,6ef05c104e215ddc66f9a0c9caf255054ccb367588b02d4166fd8e69c06c137d,ml/data/raw/dhan_shomadhan/Dhan-Shomadhan/Field Background/Browon Spot/bsf_2.jpg,CC BY 4.0,feuille,helminthosporiose,,,,,1
ml/data/raw/dhan_shomadhan/Dhan-Shomadhan/Field Background/Browon Spot/bsf_20.jpg,88f6857d9ad1fa9d156a398a9c93da2f26ada37d72cc5eb118ed8ea64949789a,ml/data/raw/dhan_shomadhan/Dhan-Shomadhan/Field Background/Browon Spot/bsf_20.jpg,CC BY 4.0,feuille,helminthosporiose,,,,,1
ml/data/raw/dhan_shomadhan/Dhan-Shomadhan/Field Background/Browon Spot/bsf_21.jpg,d66d67449f387c1a24f1e182465ca32a2b677944ceab52d9a76d04441a874899,ml/data/raw/dhan_shomadhan/Dhan-Shomadhan/Field Background/Browon Spot/bsf_21.jpg,CC BY 4.0,feuille,helminthosporiose,,,,,1
ml/data/raw/dhan_shomadhan/Dhan-Shomadhan/Field Background/Browon Spot/bsf_22.jpg,98a435eb551b251bdcc5ece12c33883a093060ca3caa6649130242f7e21617ef,ml/data/raw/dhan_shomadhan/Dhan-Shomadhan/Field Background/Browon Spot/bsf_22.jpg,CC BY 4.0,feuille,helminthosporiose,,,,,1
ml/data/raw/dhan_shomadhan/Dhan-Shomadhan/Field Background/Browon Spot/bsf_23.jpg,b17bebb14e9b6173c9ea49f3511144e7286c08b6ba95348b5afe85d1919902af,ml/data/raw/dhan_shomadhan/Dhan-Shomadhan/Field Background/Browon Spot/bsf_23.jpg,CC BY 4.0,feuille,helminthosporiose,,,,,1
ml/data/raw/dhan_shomadhan/Dhan-Shomadhan/Field Background/Browon Spot/bsf_24.jpg,366f35251abd1910e3f1723fb2253d85cc8db26729431175b90553f098ce75cb,ml/data/raw/dhan_shomadhan/Dhan-Shomadhan/Field Background/Browon Spot/bsf_24.jpg,CC BY 4.0,feuille,helminthosporiose,,,,,1
ml/data/raw/dhan_shomadhan/Dhan-Shomadhan/Field Background/Browon Spot/bsf_25.jpg,d9513a0ae90aed66afe7d90ef05712718d282c1e569550149a67b4c06742d34e,ml/data/raw/dhan_shomadhan/Dhan-Shomadhan/Field Background/Browon Spot/bsf_25.jpg,CC BY 4.0,feuille,helminthosporiose,,,,,1
ml/data/raw/dhan_shomadhan/Dhan-Shomadhan/Field Background/Browon Spot/bsf_26.jpg,dd422e2a2b5e7db7e52eb4606b02a894c58850d4f829aa2b049b9f205306734c,ml/data/raw/dhan_shomadhan/Dhan-Shomadhan/Field Background/Browon Spot/bsf_26.jpg,CC BY 4.0,feuille,helminthosporiose,,,,,1
ml/data/raw/dhan_shomadhan/Dhan-Shomadhan/Field Background/Browon Spot/bsf_27.jpg,abcd3a20faf6e336f1ec33d84dbb2e04e75ba8cbf89ecfe79dd75d0c90c9e60d,ml/data/raw/dhan_shomadhan/Dhan-Shomadhan/Field Background/Browon Spot/bsf_27.jpg,CC BY 4.0,feuille,helminthosporiose,,,,,1
ml/data/raw/dhan_shomadhan/Dhan-Shomadhan/Field Background/Browon Spot/bsf_28.jpg,7ae7c7a0f334ded9456fb4294be77d599fb18c5ea9946e74b6bdf6bec38cd65f,ml/data/raw/dhan_shomadhan/Dhan-Shomadhan/Field Background/Browon Spot/bsf_28.jpg,CC BY 4.0,feuille,helminthosporiose,,,,,1
ml/data/raw/dhan_shomadhan/Dhan-Shomadhan/Field Background/Browon Spot/bsf_29.jpg,f81de520f29c0444b3c8351231eed46d796bee798b94442c43a730737d23c98a,ml/data/raw/dhan_shomadhan/Dhan-Shomadhan/Field Background/Browon Spot/bsf_29.jpg,CC BY 4.0,feuille,helminthosporiose,,,,,1
ml/data/raw/dhan_shomadhan/Dhan-Shomadhan/Field Background/Browon Spot/bsf_3.jpg,7a3bab132d1ee23c170c40ae5540e10042fdc4e14a2a6558f6d3f42f7554a773,ml/data/raw/dhan_shomadhan/Dhan-Shomadhan/Field Background/Browon Spot/bsf_3.jpg,CC BY 4.0,feuille,helminthosporiose,,,,,1
ml/data/raw/dhan_shomadhan/Dhan-Shomadhan/Field Background/Browon Spot/bsf_30.jpg,ae2fbd001e539a31de581b63c9a469d24b2c6d2477520278ef6f86904cc51f79,ml/data/raw/dhan_shomadhan/Dhan-Shomadhan/Field Background/Browon Spot/bsf_30.jpg,CC BY 4.0,feuille,helminthosporiose,,,,,1
ml/data/raw/dhan_shomadhan/Dhan-Shomadhan/Field Background/Browon Spot/bsf_31.jpg,455340946ffd54863b817e9ee26c3f78b61bad24aff764f9849f7395cbb785f8,ml/data/raw/dhan_shomadhan/Dhan-Shomadhan/Field Background/Browon Spot/bsf_31.jpg,CC BY 4.0,feuille,helminthosporiose,,,,,1
ml/data/raw/dhan_shomadhan/Dhan-Shomadhan/Field Background/Browon Spot/bsf_32.jpg,642ee11d1d96554ce554671b7af3e57f41969fe3712060cc220e7e925009b3ad,ml/data/raw/dhan_shomadhan/Dhan-Shomadhan/Field Background/Browon Spot/bsf_32.jpg,CC BY 4.0,feuille,helminthosporiose,,,,,1
ml/data/raw/dhan_shomadhan/Dhan-Shomadhan/Field Background/Browon Spot/bsf_33.jpg,9e192c82aa8883cd9332ee114bc44f6ec3416b1f3d6302dd0039a1898cfe27c7,ml/data/raw/dhan_shomadhan/Dhan-Shomadhan/Field Background/Browon Spot/bsf_33.jpg,CC BY 4.0,feuille,helminthosporiose,,,,,1
ml/data/raw/dhan_shomadhan/Dhan-Shomadhan/Field Background/Browon Spot/bsf_34.jpg,664c00b9db7685847afa09897925ca8ac10e0bf26bad11a0ec36f817eeb96490,ml/data/raw/dhan_shomadhan/Dhan-Shomadhan/Field Background/Browon Spot/bsf_34.jpg,CC BY 4.0,feuille,helminthosporiose,,,,,1
ml/data/raw/dhan_shomadhan/Dhan-Shomadhan/Field Background/Browon Spot/bsf_35.jpg,b328138593c6467ad97dd2de6e1c6b451d36817957ebf45ca01d567bca711831,ml/data/raw/dhan_shomadhan/Dhan-Shomadhan/Field Background/Browon Spot/bsf_35.jpg,CC BY 4.0,feuille,helminthosporiose,,,,,1
ml/data/raw/dhan_shomadhan/Dhan-Shomadhan/Field Background/Browon Spot/bsf_36.jpg,8baa8ef7b5e5b0765a8ace947ce8f6bec0b5015ab7ee88462dc02233e714e0a8,ml/data/raw/dhan_shomadhan/Dhan-Shomadhan/Field Background/Browon Spot/bsf_36.jpg,CC BY 4.0,feuille,helminthosporiose,,,,,1
ml/data/raw/dhan_shomadhan/Dhan-Shomadhan/Field Background/Browon Spot/bsf_37.jpg,ee9fcf1211ccd0ede20062a0f57ca571f5de9f86c69960575d5af32fe1693c53,ml/data/raw/dhan_shomadhan/Dhan-Shomadhan/Field Background/Browon Spot/bsf_37.jpg,CC BY 4.0,feuille,helminthosporiose,,,,,1
ml/data/raw/dhan_shomadhan/Dhan-Shomadhan/Field Background/Browon Spot/bsf_38.jpg,2d5e71c383fee1fb68610e327f5e50693d979c15ee31b7c240b3308d6839e944,ml/data/raw/dhan_shomadhan/Dhan-Shomadhan/Field Background/Browon Spot/bsf_38.jpg,CC BY 4.0,feuille,helminthosporiose,,,,,1
ml/data/raw/dhan_shomadhan/Dhan-Shomadhan/Field Background/Browon Spot/bsf_39.jpg,6c6111afcb853de468fbac1a3fa9b22015a020b2f73787c70f58de972c7cb942,ml/data/raw/dhan_shomadhan/Dhan-Shomadhan/Field Background/Browon Spot/bsf_39.jpg,CC BY 4.0,feuille,helminthosporiose,,,,,1
ml/data/raw/dhan_shomadhan/Dhan-Shomadhan/Field Background/Browon Spot/bsf_4.jpg,cf6a052649b78e666d44f9777d07dbfceb97cb44047898568f38c786524e7784,ml/data/raw/dhan_shomadhan/Dhan-Shomadhan/Field Background/Browon Spot/bsf_4.jpg,CC BY 4.0,feuille,helminthosporiose,,,,,1
ml/data/raw/dhan_shomadhan/Dhan-Shomadhan/Field Background/Browon Spot/bsf_40.jpg,71ef92f60ea622496d3897ad1a6d1f7eb836d385326fccf2a9f3a6fe99a4732f,ml/data/raw/dhan_shomadhan/Dhan-Shomadhan/Field Background/Browon Spot/bsf_40.jpg,CC BY 4.0,feuille,helminthosporiose,,,,,1
ml/data/raw/dhan_shomadhan/Dhan-Shomadhan/Field Background/Browon Spot/bsf_41.jpg,c05318028dfb29ea0c8921b0b237c52395d62cf4be4cd33943732dc2a6166a43,ml/data/raw/dhan_shomadhan/Dhan-Shomadhan/Field Background/Browon Spot/bsf_41.jpg,CC BY 4.0,feuille,helminthosporiose,,,,,1
ml/data/raw/dhan_shomadhan/Dhan-Shomadhan/Field Background/Browon Spot/bsf_42.jpg,c3f6a5ccd46091ca2b5cc426be345d400c8398ccbc7893dea79b9d52e90733fa,ml/data/raw/dhan_shomadhan/Dhan-Shomadhan/Field Background/Browon Spot/bsf_42.jpg,CC BY 4.0,feuille,helminthosporiose,,,,,1
ml/data/raw/dhan_shomadhan/Dhan-Shomadhan/Field Background/Browon Spot/bsf_43.jpg,c3dd8c01005225719a502ba69d52d7b35cd1233f55e2b573b4a7e66df57c063b,ml/data/raw/dhan_shomadhan/Dhan-Shomadhan/Field Background/Browon Spot/bsf_43.jpg,CC BY 4.0,feuille,helminthosporiose,,,,,1
ml/data/raw/dhan_shomadhan/Dhan-Shomadhan/Field Background/Browon Spot/bsf_44.jpg,e8b6d01311f4a18efc03d020ad80ca71b7fc349c567894f3c8146ee61191a78f,ml/data/raw/dhan_shomadhan/Dhan-Shomadhan/Field Background/Browon Spot/bsf_44.jpg,CC BY 4.0,feuille,helminthosporiose,,,,,1
ml/data/raw/dhan_shomadhan/Dhan-Shomadhan/Field Background/Browon Spot/bsf_45.jpg,b6c15981b25754dd00ddb1da3dcf5455282214ebc66e5564a61aaab5eb9ef446,ml/data/raw/dhan_shomadhan/Dhan-Shomadhan/Field Background/Browon Spot/bsf_45.jpg,CC BY 4.0,feuille,helminthosporiose,,,,,1
ml/data/raw/dhan_shomadhan/Dhan-Shomadhan/Field Background/Browon Spot/bsf_46.jpg,acaa1191f7e745b005f009b2ba11dd840b70c3e7fbd2420fc4fc3370bfb7fdaf,ml/data/raw/dhan_shomadhan/Dhan-Shomadhan/Field Background/Browon Spot/bsf_46.jpg,CC BY 4.0,feuille,helminthosporiose,,,,,1
ml/data/raw/dhan_shomadhan/Dhan-Shomadhan/Field Background/Browon Spot/bsf_47.jpg,7d6141ee127d3bb3963c1db93c89f3017d0c6793e1e99a8791399a70e2bfe94f,ml/data/raw/dhan_shomadhan/Dhan-Shomadhan/Field Background/Browon Spot/bsf_47.jpg,CC BY 4.0,feuille,helminthosporiose,,,,,1
ml/data/raw/dhan_shomadhan/Dhan-Shomadhan/Field Background/Browon Spot/bsf_48.jpg,522ff043cc8c0c031a726ddc596a293580f1893a6dd92ed092616b9ec14bf3a5,ml/data/raw/dhan_shomadhan/Dhan-Shomadhan/Field Background/Browon Spot/bsf_48.jpg,CC BY 4.0,feuille,helminthosporiose,,,,,1
ml/data/raw/dhan_shomadhan/Dhan-Shomadhan/Field Background/Browon Spot/bsf_5.jpg,7e431c0cce725f3df8aa7b3b080e722b2bee365a5512eb3c25d75b133d7a77ee,ml/data/raw/dhan_shomadhan/Dhan-Shomadhan/Field Background/Browon Spot/bsf_5.jpg,CC BY 4.0,feuille,helminthosporiose,,,,,1
ml/data/raw/dhan_shomadhan/Dhan-Shomadhan/Field Background/Browon Spot/bsf_6.jpg,c56c85d48ef5f3ba80f083dc0d1b6ab7273853aa37a2dd83b08774c821a53ca4,ml/data/raw/dhan_shomadhan/Dhan-Shomadhan/Field Background/Browon Spot/bsf_6.jpg,CC BY 4.0,feuille,helminthosporiose,,,,,1
ml/data/raw/dhan_shomadhan/Dhan-Shomadhan/Field Background/Browon Spot/bsf_7.jpg,243644e8ef7c80ade4c313c2fb46edc2a8312a10cefd5f5b8af202dcdce07fbf,ml/data/raw/dhan_shomadhan/Dhan-Shomadhan/Field Background/Browon Spot/bsf_7.jpg,CC BY 4.0,feuille,helminthosporiose,,,,,1
ml/data/raw/dhan_shomadhan/Dhan-Shomadhan/Field Background/Browon Spot/bsf_8.jpg,8b4d5f088fc1fc293ba496e2aa07905bcf4d87e9fb9ac2cc10d0f2a928fdc745,ml/data/raw/dhan_shomadhan/Dhan-Shomadhan/Field Background/Browon Spot/bsf_8.jpg,CC BY 4.0,feuille,helminthosporiose,,,,,1
ml/data/raw/dhan_shomadhan/Dhan-Shomadhan/Field Background/Browon Spot/bsf_9.jpg,d5ff6f4172837d8c5b6e62ccfbee12e4b70b75f4b504f20d1fe65be66e0d70e6,ml/data/raw/dhan_shomadhan/Dhan-Shomadhan/Field Background/Browon Spot/bsf_9.jpg,CC BY 4.0,feuille,helminthosporiose,,,,,1
ml/data/raw/dhan_shomadhan/Dhan-Shomadhan/Field Background/Leaf Scaled/lsf_0.jpg,016fcadbdd6e27c3889bc89f441f713b555fabf94ccaeaf0e8abd72b7741b3d3,ml/data/raw/dhan_shomadhan/Dhan-Shomadhan/Field Background/Leaf Scaled/lsf_0.jpg,CC BY 4.0,feuille,echaudure,,,,,1
ml/data/raw/dhan_shomadhan/Dhan-Shomadhan/Field Background/Leaf Scaled/lsf_1.jpg,4cb030b2383e88f33e5de859f824d9cf0d20159744686e80e09b6df57a88b718,ml/data/raw/dhan_shomadhan/Dhan-Shomadhan/Field Background/Leaf Scaled/lsf_1.jpg,CC BY 4.0,feuille,echaudure,,,,,1
ml/data/raw/dhan_shomadhan/Dhan-Shomadhan/Field Background/Leaf Scaled/lsf_10.jpg,6db58e620d89ad3fa2ded460130a10d7ca8228f95b2c278795878657632d5e4a,ml/data/raw/dhan_shomadhan/Dhan-Shomadhan/Field Background/Leaf Scaled/lsf_10.jpg,CC BY 4.0,feuille,echaudure,,,,,1
ml/data/raw/dhan_shomadhan/Dhan-Shomadhan/Field Background/Leaf Scaled/lsf_11.jpg,6f597f4fa6c1b90a55011505e0350a2b73c46872d2b938b3ca1e36b7cddca37a,ml/data/raw/dhan_shomadhan/Dhan-Shomadhan/Field Background/Leaf Scaled/lsf_11.jpg,CC BY 4.0,feuille,echaudure,,,,,1
ml/data/raw/dhan_shomadhan/Dhan-Shomadhan/Field Background/Leaf Scaled/lsf_12.jpg,552cd14009b7b7b6000a36282cfcdeaf0e4c710815947cbe88f1a00dc8797c2c,ml/data/raw/dhan_shomadhan/Dhan-Shomadhan/Field Background/Leaf Scaled/lsf_12.jpg,CC BY 4.0,feuille,echaudure,,,,,1
ml/data/raw/dhan_shomadhan/Dhan-Shomadhan/Field Background/Leaf Scaled/lsf_13.jpg,00400460e867a2c5245a4e029063227607a717886c9c9e4cfb4ca187e593e09a,ml/data/raw/dhan_shomadhan/Dhan-Shomadhan/Field Background/Leaf Scaled/lsf_13.jpg,CC BY 4.0,feuille,echaudure,,,,,1
ml/data/raw/dhan_shomadhan/Dhan-Shomadhan/Field Background/Leaf Scaled/lsf_14.jpg,eeacf86a71df93e0fb85091d36e861b447ef63fb5452afaf405d50f9f075f9f5,ml/data/raw/dhan_shomadhan/Dhan-Shomadhan/Field Background/Leaf Scaled/lsf_14.jpg,CC BY 4.0,feuille,echaudure,,,,,1
ml/data/raw/dhan_shomadhan/Dhan-Shomadhan/Field Background/Leaf Scaled/lsf_15.jpg,5e6b052db89dbdf4d91850ee4464a64fd5385b782bca7722b24324855b7e779b,ml/data/raw/dhan_shomadhan/Dhan-Shomadhan/Field Background/Leaf Scaled/lsf_15.jpg,CC BY 4.0,feuille,echaudure,,,,,1
ml/data/raw/dhan_shomadhan/Dhan-Shomadhan/Field Background/Leaf Scaled/lsf_16.jpg,984e5cab7636d61cac6b8b5808261bbac34aabe7668b2773c792e58e6208d119,ml/data/raw/dhan_shomadhan/Dhan-Shomadhan/Field Background/Leaf Scaled/lsf_16.jpg,CC BY 4.0,feuille,echaudure,,,,,1
ml/data/raw/dhan_shomadhan/Dhan-Shomadhan/Field Background/Leaf Scaled/lsf_17.jpg,b320571907c1a9d2167687beb5fa373f15f53e64d1f72bc0e814409ec3777184,ml/data/raw/dhan_shomadhan/Dhan-Shomadhan/Field Background/Leaf Scaled/lsf_17.jpg,CC BY 4.0,feuille,echaudure,,,,,1
ml/data/raw/dhan_shomadhan/Dhan-Shomadhan/Field Background/Leaf Scaled/lsf_18.jpg,2d93371ec494a5c58e0c9e2bf3ab0611f8988613e00a2f19502aabe498289a6f,ml/data/raw/dhan_shomadhan/Dhan-Shomadhan/Field Background/Leaf Scaled/lsf_18.jpg,CC BY 4.0,feuille,echaudure,,,,,1
ml/data/raw/dhan_shomadhan/Dhan-Shomadhan/Field Background/Leaf Scaled/lsf_19.jpg,810534993b98faece6254ae480cf914c14fe6959b12c5368b054860cb2ad94af,ml/data/raw/dhan_shomadhan/Dhan-Shomadhan/Field Background/Leaf Scaled/lsf_19.jpg,CC BY 4.0,feuille,echaudure,,,,,1
ml/data/raw/dhan_shomadhan/Dhan-Shomadhan/Field Background/Leaf Scaled/lsf_2.jpg,3752d370989e6ed650a530d66b4318f4b2bfb5e72b71322710db677eb5ab4111,ml/data/raw/dhan_shomadhan/Dhan-Shomadhan/Field Background/Leaf Scaled/lsf_2.jpg,CC BY 4.0,feuille,echaudure,,,,,1
ml/data/raw/dhan_shomadhan/Dhan-Shomadhan/Field Background/Leaf Scaled/lsf_20.jpg,b4747994cbd56e38b34b036e1f55b63f04bd26f7ee21c06592d918133b868315,ml/data/raw/dhan_shomadhan/Dhan-Shomadhan/Field Background/Leaf Scaled/lsf_20.jpg,CC BY 4.0,feuille,echaudure,,,,,1
ml/data/raw/dhan_shomadhan/Dhan-Shomadhan/Field Background/Leaf Scaled/lsf_21.jpg,49b826b09241e163fe08d47b9e338a8642e09049625ad9dcdee7c892ef04e49e,ml/data/raw/dhan_shomadhan/Dhan-Shomadhan/Field Background/Leaf Scaled/lsf_21.jpg,CC BY 4.0,feuille,echaudure,,,,,1
ml/data/raw/dhan_shomadhan/Dhan-Shomadhan/Field Background/Leaf Scaled/lsf_22.jpg,e117b9af5064df0636b7f3b8a295a24ec71d19af2a758c05783a76b017187ad0,ml/data/raw/dhan_shomadhan/Dhan-Shomadhan/Field Background/Leaf Scaled/lsf_22.jpg,CC BY 4.0,feuille,echaudure,,,,,1
ml/data/raw/dhan_shomadhan/Dhan-Shomadhan/Field Background/Leaf Scaled/lsf_23.jpg,4d751230609efb75a1084a89c3106dd8086483a7e58cb7def87b35b3f9fc812d,ml/data/raw/dhan_shomadhan/Dhan-Shomadhan/Field Background/Leaf Scaled/lsf_23.jpg,CC BY 4.0,feuille,echaudure,,,,,1
ml/data/raw/dhan_shomadhan/Dhan-Shomadhan/Field Background/Leaf Scaled/lsf_24.jpg,f7a78122e98fc90a303fbd174a2430882d6413f05cbc2451341fd361f972f03d,ml/data/raw/dhan_shomadhan/Dhan-Shomadhan/Field Background/Leaf Scaled/lsf_24.jpg,CC BY 4.0,feuille,echaudure,,,,,1
ml/data/raw/dhan_shomadhan/Dhan-Shomadhan/Field Background/Leaf Scaled/lsf_25.jpg,3e54db8af9203f5a054939243152f05a5f4b0eb564af0ffd10aea4af233731fe,ml/data/raw/dhan_shomadhan/Dhan-Shomadhan/Field Background/Leaf Scaled/lsf_25.jpg,CC BY 4.0,feuille,echaudure,,,,,1
ml/data/raw/dhan_shomadhan/Dhan-Shomadhan/Field Background/Leaf Scaled/lsf_26.jpg,34816ac46b8b83f245edadb32c9508bd577718c070d875386103a17d2e753ac2,ml/data/raw/dhan_shomadhan/Dhan-Shomadhan/Field Background/Leaf Scaled/lsf_26.jpg,CC BY 4.0,feuille,echaudure,,,,,1
ml/data/raw/dhan_shomadhan/Dhan-Shomadhan/Field Background/Leaf Scaled/lsf_27.jpg,ebf3c4170b23f41009ed498d7b65cf7f5a417b3984abd84d7ac674452ff07988,ml/data/raw/dhan_shomadhan/Dhan-Shomadhan/Field Background/Leaf Scaled/lsf_27.jpg,CC BY 4.0,feuille,echaudure,,,,,1
ml/data/raw/dhan_shomadhan/Dhan-Shomadhan/Field Background/Leaf Scaled/lsf_28.jpg,841ab4818356ad3559df637d9c483d1a0456d84e305dea6ebe6b1c921280f906,ml/data/raw/dhan_shomadhan/Dhan-Shomadhan/Field Background/Leaf Scaled/lsf_28.jpg,CC BY 4.0,feuille,echaudure,,,,,1
ml/data/raw/dhan_shomadhan/Dhan-Shomadhan/Field Background/Leaf Scaled/lsf_29.jpg,bcde65b03d4f6a77d117ea70b9298891ce2d2871ff428e5927a289e73c0cb13a,ml/data/raw/dhan_shomadhan/Dhan-Shomadhan/Field Background/Leaf Scaled/lsf_29.jpg,CC BY 4.0,feuille,echaudure,,,,,1
ml/data/raw/dhan_shomadhan/Dhan-Shomadhan/Field Background/Leaf Scaled/lsf_3.jpg,829d1801ef692293d47113c7a3821fc72fbfe45855a8a5b3237266ee67ff33c8,ml/data/raw/dhan_shomadhan/Dhan-Shomadhan/Field Background/Leaf Scaled/lsf_3.jpg,CC BY 4.0,feuille,echaudure,,,,,1
ml/data/raw/dhan_shomadhan/Dhan-Shomadhan/Field Background/Leaf Scaled/lsf_30.jpg,bb96b596e390a7f238df8f29f1fe2e0aa679cc1fd0dc195f943b49db7d01a1fd,ml/data/raw/dhan_shomadhan/Dhan-Shomadhan/Field Background/Leaf Scaled/lsf_30.jpg,CC BY 4.0,feuille,echaudure,,,,,1
ml/data/raw/dhan_shomadhan/Dhan-Shomadhan/Field Background/Leaf Scaled/lsf_31.jpg,3ce64e36559f9aa69ddbfed35cb243d092985b3e376dd804242e04abae19c157,ml/data/raw/dhan_shomadhan/Dhan-Shomadhan/Field Background/Leaf Scaled/lsf_31.jpg,CC BY 4.0,feuille,echaudure,,,,,1
ml/data/raw/dhan_shomadhan/Dhan-Shomadhan/Field Background/Leaf Scaled/lsf_32.jpg,fb70a01d1c5b7ea85b4c361ed02ac3089db5917771faf5f3d3d69dd7cf4dd3e9,ml/data/raw/dhan_shomadhan/Dhan-Shomadhan/Field Background/Leaf Scaled/lsf_32.jpg,CC BY 4.0,feuille,echaudure,,,,,1
ml/data/raw/dhan_shomadhan/Dhan-Shomadhan/Field Background/Leaf Scaled/lsf_33.jpg,873d08c132808171611950954cd9693a74a6f78e96243b8f636d1ee63206d835,ml/data/raw/dhan_shomadhan/Dhan-Shomadhan/Field Background/Leaf Scaled/lsf_33.jpg,CC BY 4.0,feuille,echaudure,,,,,1
ml/data/raw/dhan_shomadhan/Dhan-Shomadhan/Field Background/Leaf Scaled/lsf_34.jpg,d1e7e62ac424475b320a66e1d3fd66fd8143527a44b79c4f83bb4696754fa8bd,ml/data/raw/dhan_shomadhan/Dhan-Shomadhan/Field Background/Leaf Scaled/lsf_34.jpg,CC BY 4.0,feuille,echaudure,,,,,1
ml/data/raw/dhan_shomadhan/Dhan-Shomadhan/Field Background/Leaf Scaled/lsf_35.jpg,9d82feead9c1786c4e17c560443980e4690a2eec808173f9ff7aea4fbfda88e1,ml/data/raw/dhan_shomadhan/Dhan-Shomadhan/Field Background/Leaf Scaled/lsf_35.jpg,CC BY 4.0,feuille,echaudure,,,,,1
ml/data/raw/dhan_shomadhan/Dhan-Shomadhan/Field Background/Leaf Scaled/lsf_36.jpg,265aa54697e19dadd781b2c573547d53651b3265a1754323e0d6d4ea51cb89d2,ml/data/raw/dhan_shomadhan/Dhan-Shomadhan/Field Background/Leaf Scaled/lsf_36.jpg,CC BY 4.0,feuille,echaudure,,,,,1
ml/data/raw/dhan_shomadhan/Dhan-Shomadhan/Field Background/Leaf Scaled/lsf_37.jpg,ec945ff7987c4584b0b6ccc5d82ea96d5237b54394acc70409c58ce02e639c5c,ml/data/raw/dhan_shomadhan/Dhan-Shomadhan/Field Background/Leaf Scaled/lsf_37.jpg,CC BY 4.0,feuille,echaudure,,,,,1
ml/data/raw/dhan_shomadhan/Dhan-Shomadhan/Field Background/Leaf Scaled/lsf_38.jpg,6320a8b0c028800a3b3be07cec87b8864a6a76eb54a8f466e9696d365278fe9b,ml/data/raw/dhan_shomadhan/Dhan-Shomadhan/Field Background/Leaf Scaled/lsf_38.jpg,CC BY 4.0,feuille,echaudure,,,,,1
ml/data/raw/dhan_shomadhan/Dhan-Shomadhan/Field Background/Leaf Scaled/lsf_39.jpg,7395d97fe89209e1c0892b3c2bc408927a3882e09aba5cefd76312b084db378d,ml/data/raw/dhan_shomadhan/Dhan-Shomadhan/Field Background/Leaf Scaled/lsf_39.jpg,CC BY 4.0,feuille,echaudure,,,,,1
ml/data/raw/dhan_shomadhan/Dhan-Shomadhan/Field Background/Leaf Scaled/lsf_4.jpg,360f427cb19fd9340423ba6c0883269cc53199a7debd2ca1ab7e5ecd26a02143,ml/data/raw/dhan_shomadhan/Dhan-Shomadhan/Field Background/Leaf Scaled/lsf_4.jpg,CC BY 4.0,feuille,echaudure,,,,,1
ml/data/raw/dhan_shomadhan/Dhan-Shomadhan/Field Background/Leaf Scaled/lsf_40.jpg,cdb1d1d43994c58b45d8f4d11a039c78ec7e31768e91c5a8a9aca26b1e04d6cb,ml/data/raw/dhan_shomadhan/Dhan-Shomadhan/Field Background/Leaf Scaled/lsf_40.jpg,CC BY 4.0,feuille,echaudure,,,,,1
ml/data/raw/dhan_shomadhan/Dhan-Shomadhan/Field Background/Leaf Scaled/lsf_41.jpg,01f191f4c41880aa54097cd2804abc957d079bdafbe642e783a9b47382990069,ml/data/raw/dhan_shomadhan/Dhan-Shomadhan/Field Background/Leaf Scaled/lsf_41.jpg,CC BY 4.0,feuille,echaudure,,,,,1
ml/data/raw/dhan_shomadhan/Dhan-Shomadhan/Field Background/Leaf Scaled/lsf_42.jpg,654b17a6466a7598c718203ae70c6306f0b34d90e87c1c0e4623be6ae4e1c3a8,ml/data/raw/dhan_shomadhan/Dhan-Shomadhan/Field Background/Leaf Scaled/lsf_42.jpg,CC BY 4.0,feuille,echaudure,,,,,1
ml/data/raw/dhan_shomadhan/Dhan-Shomadhan/Field Background/Leaf Scaled/lsf_43.jpg,74e5664280f22e003110dfd4b172ce8cee1970f9db6dfbb4eaf92673cbc78db0,ml/data/raw/dhan_shomadhan/Dhan-Shomadhan/Field Background/Leaf Scaled/lsf_43.jpg,CC BY 4.0,feuille,echaudure,,,,,1
ml/data/raw/dhan_shomadhan/Dhan-Shomadhan/Field Background/Leaf Scaled/lsf_44.jpg,d8d47d3d534bfc9c601b5a708afaca439e2707d104483c2b196c39249769d825,ml/data/raw/dhan_shomadhan/Dhan-Shomadhan/Field Background/Leaf Scaled/lsf_44.jpg,CC BY 4.0,feuille,echaudure,,,,,1
ml/data/raw/dhan_shomadhan/Dhan-Shomadhan/Field Background/Leaf Scaled/lsf_45.jpg,e1ac7a59e98626b6395cbe8ad8e0500b219755235a8d1dc56c41cd0a629eda87,ml/data/raw/dhan_shomadhan/Dhan-Shomadhan/Field Background/Leaf Scaled/lsf_45.jpg,CC BY 4.0,feuille,echaudure,,,,,1
ml/data/raw/dhan_shomadhan/Dhan-Shomadhan/Field Background/Leaf Scaled/lsf_46.jpg,10d1c0a89deefa53bea85c54b565bd0f0fafa1f80e2282f5cee47300ee3e55d0,ml/data/raw/dhan_shomadhan/Dhan-Shomadhan/Field Background/Leaf Scaled/lsf_46.jpg,CC BY 4.0,feuille,echaudure,,,,,1
ml/data/raw/dhan_shomadhan/Dhan-Shomadhan/Field Background/Leaf Scaled/lsf_47.jpg,6c70d8e37528adfb3463ff10fa8345f2be5b2729c25638ec3d798e6bbe4ee573,ml/data/raw/dhan_shomadhan/Dhan-Shomadhan/Field Background/Leaf Scaled/lsf_47.jpg,CC BY 4.0,feuille,echaudure,,,,,1
ml/data/raw/dhan_shomadhan/Dhan-Shomadhan/Field Background/Leaf Scaled/lsf_48.jpg,48cb55a02aca3800531c7d70ada1d61d31b72c0cd8139bba3ac183d34d4d9e6b,ml/data/raw/dhan_shomadhan/Dhan-Shomadhan/Field Background/Leaf Scaled/lsf_48.jpg,CC BY 4.0,feuille,echaudure,,,,,1
ml/data/raw/dhan_shomadhan/Dhan-Shomadhan/Field Background/Leaf Scaled/lsf_49.jpg,e3b9862bb552454e366e056332645f6237adfc9b82efd12121e0808a58001797,ml/data/raw/dhan_shomadhan/Dhan-Shomadhan/Field Background/Leaf Scaled/lsf_49.jpg,CC BY 4.0,feuille,echaudure,,,,,1
ml/data/raw/dhan_shomadhan/Dhan-Shomadhan/Field Background/Leaf Scaled/lsf_5.jpg,7de05a1e10bf4d621f03e22f0ade46c463ac1bfa19f21040807ced4891171147,ml/data/raw/dhan_shomadhan/Dhan-Shomadhan/Field Background/Leaf Scaled/lsf_5.jpg,CC BY 4.0,feuille,echaudure,,,,,1
ml/data/raw/dhan_shomadhan/Dhan-Shomadhan/Field Background/Leaf Scaled/lsf_50.jpg,5a9bc823ec8217c7df9bc619d5996eee2b113bbbb02a90251fc7812c54e0f606,ml/data/raw/dhan_shomadhan/Dhan-Shomadhan/Field Background/Leaf Scaled/lsf_50.jpg,CC BY 4.0,feuille,echaudure,,,,,1
ml/data/raw/dhan_shomadhan/Dhan-Shomadhan/Field Background/Leaf Scaled/lsf_51.jpg,f8f939eddd9a096e474ebc3ede2124d2ea84b6a0cc0eeec03414e7a32bc253b6,ml/data/raw/dhan_shomadhan/Dhan-Shomadhan/Field Background/Leaf Scaled/lsf_51.jpg,CC BY 4.0,feuille,echaudure,,,,,1
ml/data/raw/dhan_shomadhan/Dhan-Shomadhan/Field Background/Leaf Scaled/lsf_52.jpg,e61af6c7396202ac527cfacf6963b24a6d36b9e50463f928eb69765cb4b91b4f,ml/data/raw/dhan_shomadhan/Dhan-Shomadhan/Field Background/Leaf Scaled/lsf_52.jpg,CC BY 4.0,feuille,echaudure,,,,,1
ml/data/raw/dhan_shomadhan/Dhan-Shomadhan/Field Background/Leaf Scaled/lsf_53.jpg,518a8ab4a3978bfd19c2430aa086f13678d58977f3b1f0d1206c38a8e5682f2a,ml/data/raw/dhan_shomadhan/Dhan-Shomadhan/Field Background/Leaf Scaled/lsf_53.jpg,CC BY 4.0,feuille,echaudure,,,,,1
ml/data/raw/dhan_shomadhan/Dhan-Shomadhan/Field Background/Leaf Scaled/lsf_54.jpg,ed34b1941bc01b94291b53d48f831f2078fe2ca58728dcc3c6671bb57fc58e51,ml/data/raw/dhan_shomadhan/Dhan-Shomadhan/Field Background/Leaf Scaled/lsf_54.jpg,CC BY 4.0,feuille,echaudure,,,,,1
ml/data/raw/dhan_shomadhan/Dhan-Shomadhan/Field Background/Leaf Scaled/lsf_55.jpg,a710d4d8799352b9333cf48c9fc9ea1b9b0cd45f389f83c224a3f95965893057,ml/data/raw/dhan_shomadhan/Dhan-Shomadhan/Field Background/Leaf Scaled/lsf_55.jpg,CC BY 4.0,feuille,echaudure,,,,,1
ml/data/raw/dhan_shomadhan/Dhan-Shomadhan/Field Background/Leaf Scaled/lsf_56.jpg,c0150ab88b98bacf21166f2c6e7df8e81cfe99a144ec1755aae52b32f2c9d2e9,ml/data/raw/dhan_shomadhan/Dhan-Shomadhan/Field Background/Leaf Scaled/lsf_56.jpg,CC BY 4.0,feuille,echaudure,,,,,1
ml/data/raw/dhan_shomadhan/Dhan-Shomadhan/Field Background/Leaf Scaled/lsf_57.jpg,0e73f3520b8a5ad8df132d275bbfd9a0fa12fa486e4c9ab47983ea9e3d1677e6,ml/data/raw/dhan_shomadhan/Dhan-Shomadhan/Field Background/Leaf Scaled/lsf_57.jpg,CC BY 4.0,feuille,echaudure,,,,,1
ml/data/raw/dhan_shomadhan/Dhan-Shomadhan/Field Background/Leaf Scaled/lsf_58.jpg,45eb9a93b979a653ed8ac5b899781de4f56593a303b53cbf2fb58fe7cb2c739e,ml/data/raw/dhan_shomadhan/Dhan-Shomadhan/Field Background/Leaf Scaled/lsf_58.jpg,CC BY 4.0,feuille,echaudure,,,,,1
ml/data/raw/dhan_shomadhan/Dhan-Shomadhan/Field Background/Leaf Scaled/lsf_59.jpg,2213936767050b25be66c9af1cebdd11671ae0f9fd82dfe0b4a726baf7685372,ml/data/raw/dhan_shomadhan/Dhan-Shomadhan/Field Background/Leaf Scaled/lsf_59.jpg,CC BY 4.0,feuille,echaudure,,,,,1
ml/data/raw/dhan_shomadhan/Dhan-Shomadhan/Field Background/Leaf Scaled/lsf_6.jpg,58369337c5e7340c445b05b873bd250964955c236d2b008f4814331d84f718b3,ml/data/raw/dhan_shomadhan/Dhan-Shomadhan/Field Background/Leaf Scaled/lsf_6.jpg,CC BY 4.0,feuille,echaudure,,,,,1
ml/data/raw/dhan_shomadhan/Dhan-Shomadhan/Field Background/Leaf Scaled/lsf_60.jpg,edab762e50e413105fd4554417979a4433e532e688df7f7088f1f88c885466e5,ml/data/raw/dhan_shomadhan/Dhan-Shomadhan/Field Background/Leaf Scaled/lsf_60.jpg,CC BY 4.0,feuille,echaudure,,,,,1
ml/data/raw/dhan_shomadhan/Dhan-Shomadhan/Field Background/Leaf Scaled/lsf_61.jpg,4a365cb62efdf1ef528011244fff98756f3812b887400b5afc504424468c7cb4,ml/data/raw/dhan_shomadhan/Dhan-Shomadhan/Field Background/Leaf Scaled/lsf_61.jpg,CC BY 4.0,feuille,echaudure,,,,,1
ml/data/raw/dhan_shomadhan/Dhan-Shomadhan/Field Background/Leaf Scaled/lsf_62.jpg,c5a56b92203c4d7f6e613c93a23feef78e740311846215baf4aec54511dec08d,ml/data/raw/dhan_shomadhan/Dhan-Shomadhan/Field Background/Leaf Scaled/lsf_62.jpg,CC BY 4.0,feuille,echaudure,,,,,1
ml/data/raw/dhan_shomadhan/Dhan-Shomadhan/Field Background/Leaf Scaled/lsf_63.jpg,3bd98f8a8557b5ad48830c4d9f906caf83f0f41c020ce84c9c1c2982c54b0590,ml/data/raw/dhan_shomadhan/Dhan-Shomadhan/Field Background/Leaf Scaled/lsf_63.jpg,CC BY 4.0,feuille,echaudure,,,,,1
ml/data/raw/dhan_shomadhan/Dhan-Shomadhan/Field Background/Leaf Scaled/lsf_64.jpg,72d190801f901c39471fc5d1d86b77e02ddbda3dd70bde9ab2f5b07653ed50c5,ml/data/raw/dhan_shomadhan/Dhan-Shomadhan/Field Background/Leaf Scaled/lsf_64.jpg,CC BY 4.0,feuille,echaudure,,,,,1
ml/data/raw/dhan_shomadhan/Dhan-Shomadhan/Field Background/Leaf Scaled/lsf_65.jpg,957c89574a9568d74d5725c9cd4ed3f7a4bf9c15778e4ccc2e30354a335a6704,ml/data/raw/dhan_shomadhan/Dhan-Shomadhan/Field Background/Leaf Scaled/lsf_65.jpg,CC BY 4.0,feuille,echaudure,,,,,1
ml/data/raw/dhan_shomadhan/Dhan-Shomadhan/Field Background/Leaf Scaled/lsf_66.jpg,f2c72f236fdd7c183fd76404ad8cf754652c378c3747601c573916641abdc923,ml/data/raw/dhan_shomadhan/Dhan-Shomadhan/Field Background/Leaf Scaled/lsf_66.jpg,CC BY 4.0,feuille,echaudure,,,,,1
ml/data/raw/dhan_shomadhan/Dhan-Shomadhan/Field Background/Leaf Scaled/lsf_67.jpg,5e246bc665dc189a56fdf02957f2cdb07ab388b5cb1df3db578244ca391159b6,ml/data/raw/dhan_shomadhan/Dhan-Shomadhan/Field Background/Leaf Scaled/lsf_67.jpg,CC BY 4.0,feuille,echaudure,,,,,1
ml/data/raw/dhan_shomadhan/Dhan-Shomadhan/Field Background/Leaf Scaled/lsf_68.jpg,9c18c7f8a1c59ffb3f46ef56a09b35d3cbd86cdeb091893b5be9e8736e776808,ml/data/raw/dhan_shomadhan/Dhan-Shomadhan/Field Background/Leaf Scaled/lsf_68.jpg,CC BY 4.0,feuille,echaudure,,,,,1
ml/data/raw/dhan_shomadhan/Dhan-Shomadhan/Field Background/Leaf Scaled/lsf_69.jpg,9919d48058d3f862577116dab8d1269d562d166e7f660086a21e13574bc9ec1b,ml/data/raw/dhan_shomadhan/Dhan-Shomadhan/Field Background/Leaf Scaled/lsf_69.jpg,CC BY 4.0,feuille,echaudure,,,,,1
ml/data/raw/dhan_shomadhan/Dhan-Shomadhan/Field Background/Leaf Scaled/lsf_7.jpg,763ebd10b186c77872839add218d31d860a1076d6d13ec053ecad4070c5dd427,ml/data/raw/dhan_shomadhan/Dhan-Shomadhan/Field Background/Leaf Scaled/lsf_7.jpg,CC BY 4.0,feuille,echaudure,,,,,1
ml/data/raw/dhan_shomadhan/Dhan-Shomadhan/Field Background/Leaf Scaled/lsf_70.jpg,326faa3ea8b9ad607fc42de5b49168a9f201a4d60f44ff630ab719e23ffa11f5,ml/data/raw/dhan_shomadhan/Dhan-Shomadhan/Field Background/Leaf Scaled/lsf_70.jpg,CC BY 4.0,feuille,echaudure,,,,,1
ml/data/raw/dhan_shomadhan/Dhan-Shomadhan/Field Background/Leaf Scaled/lsf_71.jpg,58805bf87d0255f6e7c361ea2cc8c8d326d5cffa81f431eb7bc19470f329e5e2,ml/data/raw/dhan_shomadhan/Dhan-Shomadhan/Field Background/Leaf Scaled/lsf_71.jpg,CC BY 4.0,feuille,echaudure,,,,,1
ml/data/raw/dhan_shomadhan/Dhan-Shomadhan/Field Background/Leaf Scaled/lsf_72.jpg,983c72eeda98563336354eff408fe7fd206645e3d9764282d80aab203433ad9c,ml/data/raw/dhan_shomadhan/Dhan-Shomadhan/Field Background/Leaf Scaled/lsf_72.jpg,CC BY 4.0,feuille,echaudure,,,,,1
ml/data/raw/dhan_shomadhan/Dhan-Shomadhan/Field Background/Leaf Scaled/lsf_73.jpg,cfdc08ee699cb8bf28933d1894046a39ff4db0d40dc2bda3df8854e15ef58b8a,ml/data/raw/dhan_shomadhan/Dhan-Shomadhan/Field Background/Leaf Scaled/lsf_73.jpg,CC BY 4.0,feuille,echaudure,,,,,1
ml/data/raw/dhan_shomadhan/Dhan-Shomadhan/Field Background/Leaf Scaled/lsf_8.jpg,a4656c512b2e2af7aa2d01b211394294b1bcf82af6e1343d782aa8df9e987ad1,ml/data/raw/dhan_shomadhan/Dhan-Shomadhan/Field Background/Leaf Scaled/lsf_8.jpg,CC BY 4.0,feuille,echaudure,,,,,1
ml/data/raw/dhan_shomadhan/Dhan-Shomadhan/Field Background/Leaf Scaled/lsf_9.jpg,f6f265e02a755c268fe80b1a6af91ac062bdb003b603d6669c41260ac0e42477,ml/data/raw/dhan_shomadhan/Dhan-Shomadhan/Field Background/Leaf Scaled/lsf_9.jpg,CC BY 4.0,feuille,echaudure,,,,,1
ml/data/raw/dhan_shomadhan/Dhan-Shomadhan/Field Background/Rice Blast/rbf_0.jpg,72734d0cb36d4aa58e30eae4c3e7d46f3682d72e54890df5e261948467873a79,ml/data/raw/dhan_shomadhan/Dhan-Shomadhan/Field Background/Rice Blast/rbf_0.jpg,CC BY 4.0,feuille,pyriculariose_feuille,,,,,1
ml/data/raw/dhan_shomadhan/Dhan-Shomadhan/Field Background/Rice Blast/rbf_1.jpg,60acc1d2b71e217f7dc03e00504ecbbf6c8e1c2ecbf912e33f65f6b96e9c608a,ml/data/raw/dhan_shomadhan/Dhan-Shomadhan/Field Background/Rice Blast/rbf_1.jpg,CC BY 4.0,feuille,pyriculariose_feuille,,,,,1
ml/data/raw/dhan_shomadhan/Dhan-Shomadhan/Field Background/Rice Blast/rbf_10.jpg,0420b6cd9e55884d0aa22754855855702f7dc0db3c626ce021464df97805f822,ml/data/raw/dhan_shomadhan/Dhan-Shomadhan/Field Background/Rice Blast/rbf_10.jpg,CC BY 4.0,feuille,pyriculariose_feuille,,,,,1
ml/data/raw/dhan_shomadhan/Dhan-Shomadhan/Field Background/Rice Blast/rbf_11.jpg,c8db71420b17259a8aff90488cb48fdb2b848de9c01d26595a454e25967117c6,ml/data/raw/dhan_shomadhan/Dhan-Shomadhan/Field Background/Rice Blast/rbf_11.jpg,CC BY 4.0,feuille,pyriculariose_feuille,,,,,1
ml/data/raw/dhan_shomadhan/Dhan-Shomadhan/Field Background/Rice Blast/rbf_12.jpg,deeb8e680bc11ec19f78ca3d3dbeb0a6a31818d2bd64ea5b9df51bc20c55d41b,ml/data/raw/dhan_shomadhan/Dhan-Shomadhan/Field Background/Rice Blast/rbf_12.jpg,CC BY 4.0,feuille,pyriculariose_feuille,,,,,1
ml/data/raw/dhan_shomadhan/Dhan-Shomadhan/Field Background/Rice Blast/rbf_13.jpg,d409bb124e7cfc5b87ee19becaf3a152beb29f73283ba5c5e9e429eadeca44df,ml/data/raw/dhan_shomadhan/Dhan-Shomadhan/Field Background/Rice Blast/rbf_13.jpg,CC BY 4.0,feuille,pyriculariose_feuille,,,,,1
ml/data/raw/dhan_shomadhan/Dhan-Shomadhan/Field Background/Rice Blast/rbf_14.jpg,86ce7210ed08ff5e54eb8a083bb6010170b9ea1f0c2abf3ebd8646233c9cb725,ml/data/raw/dhan_shomadhan/Dhan-Shomadhan/Field Background/Rice Blast/rbf_14.jpg,CC BY 4.0,feuille,pyriculariose_feuille,,,,,1
ml/data/raw/dhan_shomadhan/Dhan-Shomadhan/Field Background/Rice Blast/rbf_15.jpg,fbe541772dda7fe6bcf146da5d888b3fccc7dfcbe73529c9b05b25c92786323a,ml/data/raw/dhan_shomadhan/Dhan-Shomadhan/Field Background/Rice Blast/rbf_15.jpg,CC BY 4.0,feuille,pyriculariose_feuille,,,,,1
ml/data/raw/dhan_shomadhan/Dhan-Shomadhan/Field Background/Rice Blast/rbf_16.jpg,64b01a74c0fab1c1e78b96333c17d9684ccc9fe5e651aab8fe7a6f7054c293bb,ml/data/raw/dhan_shomadhan/Dhan-Shomadhan/Field Background/Rice Blast/rbf_16.jpg,CC BY 4.0,feuille,pyriculariose_feuille,,,,,1
ml/data/raw/dhan_shomadhan/Dhan-Shomadhan/Field Background/Rice Blast/rbf_17.jpg,e234a86182f0feb34f228e3ba7e7de2f9d9ce5e8db5b46a7afdf5fc5e45f2ec0,ml/data/raw/dhan_shomadhan/Dhan-Shomadhan/Field Background/Rice Blast/rbf_17.jpg,CC BY 4.0,feuille,pyriculariose_feuille,,,,,1
ml/data/raw/dhan_shomadhan/Dhan-Shomadhan/Field Background/Rice Blast/rbf_18.jpg,0a00c1f18d44f82f1233dc92bd606da51c6cd3fd0d62af5223dbeb618cca60f9,ml/data/raw/dhan_shomadhan/Dhan-Shomadhan/Field Background/Rice Blast/rbf_18.jpg,CC BY 4.0,feuille,pyriculariose_feuille,,,,,1
ml/data/raw/dhan_shomadhan/Dhan-Shomadhan/Field Background/Rice Blast/rbf_19.jpg,31202477c134cbe473bfc67dc8efb8f87c5b8b08679656ac93822778cf4af15a,ml/data/raw/dhan_shomadhan/Dhan-Shomadhan/Field Background/Rice Blast/rbf_19.jpg,CC BY 4.0,feuille,pyriculariose_feuille,,,,,1
ml/data/raw/dhan_shomadhan/Dhan-Shomadhan/Field Background/Rice Blast/rbf_2.jpg,eca6a8718370678c36449443babdc2046a0141340677c66b6316ad033b549844,ml/data/raw/dhan_shomadhan/Dhan-Shomadhan/Field Background/Rice Blast/rbf_2.jpg,CC BY 4.0,feuille,pyriculariose_feuille,,,,,1
ml/data/raw/dhan_shomadhan/Dhan-Shomadhan/Field Background/Rice Blast/rbf_20.jpg,9a52bae470d61b3db694528340f93387c7ac785ba996a8fe58a3c652c28dff93,ml/data/raw/dhan_shomadhan/Dhan-Shomadhan/Field Background/Rice Blast/rbf_20.jpg,CC BY 4.0,feuille,pyriculariose_feuille,,,,,1
ml/data/raw/dhan_shomadhan/Dhan-Shomadhan/Field Background/Rice Blast/rbf_21.jpg,c963ea32f5d95a9157e5c6176bfcacf92611d50a7dc8a80fd18091d51ca08902,ml/data/raw/dhan_shomadhan/Dhan-Shomadhan/Field Background/Rice Blast/rbf_21.jpg,CC BY 4.0,feuille,pyriculariose_feuille,,,,,1
ml/data/raw/dhan_shomadhan/Dhan-Shomadhan/Field Background/Rice Blast/rbf_22.jpg,f7e3931662ca89a041a936732521f70a9d26093b95ac24c2c8b50071eb39a7de,ml/data/raw/dhan_shomadhan/Dhan-Shomadhan/Field Background/Rice Blast/rbf_22.jpg,CC BY 4.0,feuille,pyriculariose_feuille,,,,,1
ml/data/raw/dhan_shomadhan/Dhan-Shomadhan/Field Background/Rice Blast/rbf_23.jpg,caae9cf6b5e5af3d3cb135268a3ddfe69189be2bf5c7aceff7fd6aca86e55338,ml/data/raw/dhan_shomadhan/Dhan-Shomadhan/Field Background/Rice Blast/rbf_23.jpg,CC BY 4.0,feuille,pyriculariose_feuille,,,,,1
ml/data/raw/dhan_shomadhan/Dhan-Shomadhan/Field Background/Rice Blast/rbf_24.jpg,23fe11f9270438d936cd06366668c2892e1f60b29c8b8f536d84b3e581477f8b,ml/data/raw/dhan_shomadhan/Dhan-Shomadhan/Field Background/Rice Blast/rbf_24.jpg,CC BY 4.0,feuille,pyriculariose_feuille,,,,,1
ml/data/raw/dhan_shomadhan/Dhan-Shomadhan/Field Background/Rice Blast/rbf_25.jpg,797cae92563d34c75257ebc7e70c943dd93529cdd4fcf5b2edadfe57bc45e1e2,ml/data/raw/dhan_shomadhan/Dhan-Shomadhan/Field Background/Rice Blast/rbf_25.jpg,CC BY 4.0,feuille,pyriculariose_feuille,,,,,1
ml/data/raw/dhan_shomadhan/Dhan-Shomadhan/Field Background/Rice Blast/rbf_26.jpg,54d054141cc6d337cdfdfbf8167a50c6362369718a98d593c94f6ee78eb3426d,ml/data/raw/dhan_shomadhan/Dhan-Shomadhan/Field Background/Rice Blast/rbf_26.jpg,CC BY 4.0,feuille,pyriculariose_feuille,,,,,1
ml/data/raw/dhan_shomadhan/Dhan-Shomadhan/Field Background/Rice Blast/rbf_27.jpg,72c991f778fb435a5e43b3722d0bbedb984edd419fd4d9dc36b6b7f30b5deb02,ml/data/raw/dhan_shomadhan/Dhan-Shomadhan/Field Background/Rice Blast/rbf_27.jpg,CC BY 4.0,feuille,pyriculariose_feuille,,,,,1
ml/data/raw/dhan_shomadhan/Dhan-Shomadhan/Field Background/Rice Blast/rbf_28.jpg,94dfa24c0770da08f438034bd77f4a22d5cb984d9caf45e4bcec6ddd6fa99391,ml/data/raw/dhan_shomadhan/Dhan-Shomadhan/Field Background/Rice Blast/rbf_28.jpg,CC BY 4.0,feuille,pyriculariose_feuille,,,,,1
ml/data/raw/dhan_shomadhan/Dhan-Shomadhan/Field Background/Rice Blast/rbf_29.jpg,5081c5c00c5e8bd3ba75644d9157552959afedf2a19f18c840c36e9579a94e9c,ml/data/raw/dhan_shomadhan/Dhan-Shomadhan/Field Background/Rice Blast/rbf_29.jpg,CC BY 4.0,feuille,pyriculariose_feuille,,,,,1
ml/data/raw/dhan_shomadhan/Dhan-Shomadhan/Field Background/Rice Blast/rbf_3.jpg,74cc5b89681223377db564462088991e8985051ea5f9a636556ea10df3af2b82,ml/data/raw/dhan_shomadhan/Dhan-Shomadhan/Field Background/Rice Blast/rbf_3.jpg,CC BY 4.0,feuille,pyriculariose_feuille,,,,,1
ml/data/raw/dhan_shomadhan/Dhan-Shomadhan/Field Background/Rice Blast/rbf_30.jpg,c5259caceb12bb867621d900a0e6e7d63eb0cd287a3268818e480dedc4d85bea,ml/data/raw/dhan_shomadhan/Dhan-Shomadhan/Field Background/Rice Blast/rbf_30.jpg,CC BY 4.0,feuille,pyriculariose_feuille,,,,,1
ml/data/raw/dhan_shomadhan/Dhan-Shomadhan/Field Background/Rice Blast/rbf_31.jpg,78eb8f1a46b91ad4a9a550ec9f1ab17ac83ea0bdf78546e0b09d2aff1a28c691,ml/data/raw/dhan_shomadhan/Dhan-Shomadhan/Field Background/Rice Blast/rbf_31.jpg,CC BY 4.0,feuille,pyriculariose_feuille,,,,,1
ml/data/raw/dhan_shomadhan/Dhan-Shomadhan/Field Background/Rice Blast/rbf_32.jpg,58aabc6b434620d420ceb811dbd3209c78582cbc3a4ffd0f47a60fe9e83103db,ml/data/raw/dhan_shomadhan/Dhan-Shomadhan/Field Background/Rice Blast/rbf_32.jpg,CC BY 4.0,feuille,pyriculariose_feuille,,,,,1
ml/data/raw/dhan_shomadhan/Dhan-Shomadhan/Field Background/Rice Blast/rbf_33.jpg,1f05bf762e36d913372a5230449423d77551512443f990dc97058b2cfeff294d,ml/data/raw/dhan_shomadhan/Dhan-Shomadhan/Field Background/Rice Blast/rbf_33.jpg,CC BY 4.0,feuille,pyriculariose_feuille,,,,,1
ml/data/raw/dhan_shomadhan/Dhan-Shomadhan/Field Background/Rice Blast/rbf_34.jpg,2054e150521e00eded85070acedfc84014ac3d112c02574cf0243a519fc4c81b,ml/data/raw/dhan_shomadhan/Dhan-Shomadhan/Field Background/Rice Blast/rbf_34.jpg,CC BY 4.0,feuille,pyriculariose_feuille,,,,,1
ml/data/raw/dhan_shomadhan/Dhan-Shomadhan/Field Background/Rice Blast/rbf_35.jpg,0e7dc2529c5326667a2b909d742b17c0845d4abbfab00b49717d1dc3c7c9994f,ml/data/raw/dhan_shomadhan/Dhan-Shomadhan/Field Background/Rice Blast/rbf_35.jpg,CC BY 4.0,feuille,pyriculariose_feuille,,,,,1
ml/data/raw/dhan_shomadhan/Dhan-Shomadhan/Field Background/Rice Blast/rbf_36.jpg,ed5b3b4bbbdb3434465576b3174e0a6d096d8b22a5a1858f16291b68d728fe38,ml/data/raw/dhan_shomadhan/Dhan-Shomadhan/Field Background/Rice Blast/rbf_36.jpg,CC BY 4.0,feuille,pyriculariose_feuille,,,,,1
ml/data/raw/dhan_shomadhan/Dhan-Shomadhan/Field Background/Rice Blast/rbf_37.jpg,58eb9e77b9712ca9602293df8f9ea813c9a66485f3a831a4ee9ae184980121ff,ml/data/raw/dhan_shomadhan/Dhan-Shomadhan/Field Background/Rice Blast/rbf_37.jpg,CC BY 4.0,feuille,pyriculariose_feuille,,,,,1
ml/data/raw/dhan_shomadhan/Dhan-Shomadhan/Field Background/Rice Blast/rbf_38.jpg,cbde2d5d4608c2c7bb75f3995391639d9461c76e9373c0706aa213a412bb429e,ml/data/raw/dhan_shomadhan/Dhan-Shomadhan/Field Background/Rice Blast/rbf_38.jpg,CC BY 4.0,feuille,pyriculariose_feuille,,,,,1
ml/data/raw/dhan_shomadhan/Dhan-Shomadhan/Field Background/Rice Blast/rbf_39.jpg,5edb3e5093ff3c4aed0b7a8d049b2d3e3522282bfe6b1352697c3c3af7c6be60,ml/data/raw/dhan_shomadhan/Dhan-Shomadhan/Field Background/Rice Blast/rbf_39.jpg,CC BY 4.0,feuille,pyriculariose_feuille,,,,,1
ml/data/raw/dhan_shomadhan/Dhan-Shomadhan/Field Background/Rice Blast/rbf_4.jpg,41343581694166f06fdb72da5a8682126800199f771361b0639ae9f16bcfc675,ml/data/raw/dhan_shomadhan/Dhan-Shomadhan/Field Background/Rice Blast/rbf_4.jpg,CC BY 4.0,feuille,pyriculariose_feuille,,,,,1
ml/data/raw/dhan_shomadhan/Dhan-Shomadhan/Field Background/Rice Blast/rbf_40.jpg,6841d3f7108acf8a42c0e5bc31d0d5c3029a2c2d05870684676004cac2fd901d,ml/data/raw/dhan_shomadhan/Dhan-Shomadhan/Field Background/Rice Blast/rbf_40.jpg,CC BY 4.0,feuille,pyriculariose_feuille,,,,,1
ml/data/raw/dhan_shomadhan/Dhan-Shomadhan/Field Background/Rice Blast/rbf_41.jpg,3790e67f292d0a161f38ecc70c2008d01f82e47fc0dd26dc9e42cc3e139e8cc3,ml/data/raw/dhan_shomadhan/Dhan-Shomadhan/Field Background/Rice Blast/rbf_41.jpg,CC BY 4.0,feuille,pyriculariose_feuille,,,,,1
ml/data/raw/dhan_shomadhan/Dhan-Shomadhan/Field Background/Rice Blast/rbf_42.jpg,cc107ea306ada57e387c110b19d84ea521117c31bd0005758b7d45516dc0f5ce,ml/data/raw/dhan_shomadhan/Dhan-Shomadhan/Field Background/Rice Blast/rbf_42.jpg,CC BY 4.0,feuille,pyriculariose_feuille,,,,,1
ml/data/raw/dhan_shomadhan/Dhan-Shomadhan/Field Background/Rice Blast/rbf_43.jpg,d5fc667d5e37cc0ce8475f26bae580f33227cf7f93c43aa2a9cc2263f1a32117,ml/data/raw/dhan_shomadhan/Dhan-Shomadhan/Field Background/Rice Blast/rbf_43.jpg,CC BY 4.0,feuille,pyriculariose_feuille,,,,,1
ml/data/raw/dhan_shomadhan/Dhan-Shomadhan/Field Background/Rice Blast/rbf_44.jpg,eb4dfcfc7c8978b15df69d0ab2108da7f623632dd0e0ec7693929377336f3569,ml/data/raw/dhan_shomadhan/Dhan-Shomadhan/Field Background/Rice Blast/rbf_44.jpg,CC BY 4.0,feuille,pyriculariose_feuille,,,,,1
ml/data/raw/dhan_shomadhan/Dhan-Shomadhan/Field Background/Rice Blast/rbf_45.jpg,f5421f5ede40bebd479e3ad57cb426add0e095bd5a6f4d58c02f57911927d919,ml/data/raw/dhan_shomadhan/Dhan-Shomadhan/Field Background/Rice Blast/rbf_45.jpg,CC BY 4.0,feuille,pyriculariose_feuille,,,,,1
ml/data/raw/dhan_shomadhan/Dhan-Shomadhan/Field Background/Rice Blast/rbf_46.jpg,4ca812bdf582c0f90446afe0fa23c491259c988136b73da1c2a7e78cc312a4ef,ml/data/raw/dhan_shomadhan/Dhan-Shomadhan/Field Background/Rice Blast/rbf_46.jpg,CC BY 4.0,feuille,pyriculariose_feuille,,,,,1
ml/data/raw/dhan_shomadhan/Dhan-Shomadhan/Field Background/Rice Blast/rbf_47.jpg,f33eeda4062cbcbbc8eb27c77786d807d3f4e754ec3866bba0214f10fdced73b,ml/data/raw/dhan_shomadhan/Dhan-Shomadhan/Field Background/Rice Blast/rbf_47.jpg,CC BY 4.0,feuille,pyriculariose_feuille,,,,,1
ml/data/raw/dhan_shomadhan/Dhan-Shomadhan/Field Background/Rice Blast/rbf_48.jpg,30fd79a2205877216c0b8981292c870fa4c4863fb67a1cb0fbad0bc942a55635,ml/data/raw/dhan_shomadhan/Dhan-Shomadhan/Field Background/Rice Blast/rbf_48.jpg,CC BY 4.0,feuille,pyriculariose_feuille,,,,,1
ml/data/raw/dhan_shomadhan/Dhan-Shomadhan/Field Background/Rice Blast/rbf_49.jpg,bc9a4e0e0dcce0374ed3fe5174e0d5a39705abb8b54c9f85f3a462a216eb572c,ml/data/raw/dhan_shomadhan/Dhan-Shomadhan/Field Background/Rice Blast/rbf_49.jpg,CC BY 4.0,feuille,pyriculariose_feuille,,,,,1
ml/data/raw/dhan_shomadhan/Dhan-Shomadhan/Field Background/Rice Blast/rbf_5.jpg,7c427469de31ef2254e47d36966d1a041cc2b427cd91de874fa47d66dea84cd1,ml/data/raw/dhan_shomadhan/Dhan-Shomadhan/Field Background/Rice Blast/rbf_5.jpg,CC BY 4.0,feuille,pyriculariose_feuille,,,,,1
ml/data/raw/dhan_shomadhan/Dhan-Shomadhan/Field Background/Rice Blast/rbf_50.jpg,0fb04b0f04aeadb226520ab9b5ba924c21c6fdcc627790febcf1a1fef2dd328a,ml/data/raw/dhan_shomadhan/Dhan-Shomadhan/Field Background/Rice Blast/rbf_50.jpg,CC BY 4.0,feuille,pyriculariose_feuille,,,,,1
ml/data/raw/dhan_shomadhan/Dhan-Shomadhan/Field Background/Rice Blast/rbf_51.jpg,9003e67ce298f386df2b3d1319429adabe95d183a0b4f8bce64404bdbe68bca6,ml/data/raw/dhan_shomadhan/Dhan-Shomadhan/Field Background/Rice Blast/rbf_51.jpg,CC BY 4.0,feuille,pyriculariose_feuille,,,,,1
ml/data/raw/dhan_shomadhan/Dhan-Shomadhan/Field Background/Rice Blast/rbf_52.jpg,1819d3e307a9a2b81c83079047f5127ea4924de3ed3b65d89a21c3f088204a47,ml/data/raw/dhan_shomadhan/Dhan-Shomadhan/Field Background/Rice Blast/rbf_52.jpg,CC BY 4.0,feuille,pyriculariose_feuille,,,,,1
ml/data/raw/dhan_shomadhan/Dhan-Shomadhan/Field Background/Rice Blast/rbf_53.jpg,20ae6b058290801a7aed0ea8d05397b71b3f92e14d090b92a6d8ac71ccd96650,ml/data/raw/dhan_shomadhan/Dhan-Shomadhan/Field Background/Rice Blast/rbf_53.jpg,CC BY 4.0,feuille,pyriculariose_feuille,,,,,1
ml/data/raw/dhan_shomadhan/Dhan-Shomadhan/Field Background/Rice Blast/rbf_54.jpg,095f33b6ddf2b8e3c25af9199b75b2a51de40d5a4baeff4ee5c29eb0e6519bab,ml/data/raw/dhan_shomadhan/Dhan-Shomadhan/Field Background/Rice Blast/rbf_54.jpg,CC BY 4.0,feuille,pyriculariose_feuille,,,,,1
ml/data/raw/dhan_shomadhan/Dhan-Shomadhan/Field Background/Rice Blast/rbf_55.jpg,7486fb0a764545b7ab0c4d565c69504c2b1e6eda8cb8098b816759b131271294,ml/data/raw/dhan_shomadhan/Dhan-Shomadhan/Field Background/Rice Blast/rbf_55.jpg,CC BY 4.0,feuille,pyriculariose_feuille,,,,,1
ml/data/raw/dhan_shomadhan/Dhan-Shomadhan/Field Background/Rice Blast/rbf_56.jpg,e7b79ee5b60bec8d6003ae7dece2ce3c037c3f2edbdd075fd861942952ef518c,ml/data/raw/dhan_shomadhan/Dhan-Shomadhan/Field Background/Rice Blast/rbf_56.jpg,CC BY 4.0,feuille,pyriculariose_feuille,,,,,1
ml/data/raw/dhan_shomadhan/Dhan-Shomadhan/Field Background/Rice Blast/rbf_57.jpg,d37f5b07f7e5f809581637b59b542dc890f39591614979494057b78304dd6ce5,ml/data/raw/dhan_shomadhan/Dhan-Shomadhan/Field Background/Rice Blast/rbf_57.jpg,CC BY 4.0,feuille,pyriculariose_feuille,,,,,1
ml/data/raw/dhan_shomadhan/Dhan-Shomadhan/Field Background/Rice Blast/rbf_58.jpg,776504b8dbe6ce74bcfab666bf2aa20dcf138fb0f8011683b61519c388ed67ba,ml/data/raw/dhan_shomadhan/Dhan-Shomadhan/Field Background/Rice Blast/rbf_58.jpg,CC BY 4.0,feuille,pyriculariose_feuille,,,,,1
ml/data/raw/dhan_shomadhan/Dhan-Shomadhan/Field Background/Rice Blast/rbf_59.jpg,e27dc8a730534f3312342b078dbd899c1bde88a7c049da41d4baac6678712fcc,ml/data/raw/dhan_shomadhan/Dhan-Shomadhan/Field Background/Rice Blast/rbf_59.jpg,CC BY 4.0,feuille,pyriculariose_feuille,,,,,1
ml/data/raw/dhan_shomadhan/Dhan-Shomadhan/Field Background/Rice Blast/rbf_6.jpg,943fa43a373063ba5764c50ec304859fc6aa942969da82197f6dab10f7f6af80,ml/data/raw/dhan_shomadhan/Dhan-Shomadhan/Field Background/Rice Blast/rbf_6.jpg,CC BY 4.0,feuille,pyriculariose_feuille,,,,,1
ml/data/raw/dhan_shomadhan/Dhan-Shomadhan/Field Background/Rice Blast/rbf_60.jpg,f11474adb1d0c0eb80a81756578183c4280fb1be46f6205313c7ac788744fbfc,ml/data/raw/dhan_shomadhan/Dhan-Shomadhan/Field Background/Rice Blast/rbf_60.jpg,CC BY 4.0,feuille,pyriculariose_feuille,,,,,1
ml/data/raw/dhan_shomadhan/Dhan-Shomadhan/Field Background/Rice Blast/rbf_61.jpg,0ab913d5bd760f44055017e38049abb5294a6b7e3048705212ffc3e9ebf90304,ml/data/raw/dhan_shomadhan/Dhan-Shomadhan/Field Background/Rice Blast/rbf_61.jpg,CC BY 4.0,feuille,pyriculariose_feuille,,,,,1
ml/data/raw/dhan_shomadhan/Dhan-Shomadhan/Field Background/Rice Blast/rbf_62.jpg,a65b99d89173c829c668763063951617a4323146ccd9ed2bb3d7205395f17187,ml/data/raw/dhan_shomadhan/Dhan-Shomadhan/Field Background/Rice Blast/rbf_62.jpg,CC BY 4.0,feuille,pyriculariose_feuille,,,,,1
ml/data/raw/dhan_shomadhan/Dhan-Shomadhan/Field Background/Rice Blast/rbf_63.jpg,67a82be573e3db4c13c968b35c1d3a8a8947050fcfba368397dbfbc621d9dc05,ml/data/raw/dhan_shomadhan/Dhan-Shomadhan/Field Background/Rice Blast/rbf_63.jpg,CC BY 4.0,feuille,pyriculariose_feuille,,,,,1
ml/data/raw/dhan_shomadhan/Dhan-Shomadhan/Field Background/Rice Blast/rbf_64.jpg,2d8ae762431b81b280c73f910aae02e477b442d963d2251be5712a6a0eea4d25,ml/data/raw/dhan_shomadhan/Dhan-Shomadhan/Field Background/Rice Blast/rbf_64.jpg,CC BY 4.0,feuille,pyriculariose_feuille,,,,,1
ml/data/raw/dhan_shomadhan/Dhan-Shomadhan/Field Background/Rice Blast/rbf_65.jpg,443e1c851dca6a6ea96b90993b7d2ed38a4dc491a78e8cb11b7bf7f418ba469d,ml/data/raw/dhan_shomadhan/Dhan-Shomadhan/Field Background/Rice Blast/rbf_65.jpg,CC BY 4.0,feuille,pyriculariose_feuille,,,,,1
ml/data/raw/dhan_shomadhan/Dhan-Shomadhan/Field Background/Rice Blast/rbf_66.jpg,5fdb13d520075d3973457f9f259ccd96858ea2cb27ba889c2f4b2e0e3e3e0473,ml/data/raw/dhan_shomadhan/Dhan-Shomadhan/Field Background/Rice Blast/rbf_66.jpg,CC BY 4.0,feuille,pyriculariose_feuille,,,,,1
ml/data/raw/dhan_shomadhan/Dhan-Shomadhan/Field Background/Rice Blast/rbf_67.jpg,b54b14616f143352a3f801a090365d6c4c30c37fb150b9ff47ecc172ac382c29,ml/data/raw/dhan_shomadhan/Dhan-Shomadhan/Field Background/Rice Blast/rbf_67.jpg,CC BY 4.0,feuille,pyriculariose_feuille,,,,,1
ml/data/raw/dhan_shomadhan/Dhan-Shomadhan/Field Background/Rice Blast/rbf_68.jpg,c92621773414859a46a12dc851745fedb5ccbcce8a29894ee55a4c943f7e4e50,ml/data/raw/dhan_shomadhan/Dhan-Shomadhan/Field Background/Rice Blast/rbf_68.jpg,CC BY 4.0,feuille,pyriculariose_feuille,,,,,1
ml/data/raw/dhan_shomadhan/Dhan-Shomadhan/Field Background/Rice Blast/rbf_69.jpg,22eaa5b78321473acee5ad69ceeec8747c0620235bfddb1bf8c188b4498956e9,ml/data/raw/dhan_shomadhan/Dhan-Shomadhan/Field Background/Rice Blast/rbf_69.jpg,CC BY 4.0,feuille,pyriculariose_feuille,,,,,1
ml/data/raw/dhan_shomadhan/Dhan-Shomadhan/Field Background/Rice Blast/rbf_7.jpg,c0619d4ecca79b5537b6e8e93c8a2f56d12cd7fcc19e265ef7e85bab454df1cd,ml/data/raw/dhan_shomadhan/Dhan-Shomadhan/Field Background/Rice Blast/rbf_7.jpg,CC BY 4.0,feuille,pyriculariose_feuille,,,,,1
ml/data/raw/dhan_shomadhan/Dhan-Shomadhan/Field Background/Rice Blast/rbf_70.jpg,8f39cf45800688ec0bd3d30edc1dd21ec604eea0c7c9fdc6caacaea469684eb4,ml/data/raw/dhan_shomadhan/Dhan-Shomadhan/Field Background/Rice Blast/rbf_70.jpg,CC BY 4.0,feuille,pyriculariose_feuille,,,,,1
ml/data/raw/dhan_shomadhan/Dhan-Shomadhan/Field Background/Rice Blast/rbf_71.jpg,7dd08478b716dbc2c527bf75c48ef3afb558a6e4a09363b00d22dd8f4cd12246,ml/data/raw/dhan_shomadhan/Dhan-Shomadhan/Field Background/Rice Blast/rbf_71.jpg,CC BY 4.0,feuille,pyriculariose_feuille,,,,,1
ml/data/raw/dhan_shomadhan/Dhan-Shomadhan/Field Background/Rice Blast/rbf_72.jpg,e42df919940127b7ee5b384803f33a86a2fa8437e88b2868df61b2bf0d93e4d8,ml/data/raw/dhan_shomadhan/Dhan-Shomadhan/Field Background/Rice Blast/rbf_72.jpg,CC BY 4.0,feuille,pyriculariose_feuille,,,,,1
ml/data/raw/dhan_shomadhan/Dhan-Shomadhan/Field Background/Rice Blast/rbf_73.jpg,70e2e6f3c11ab6f88acb3a9ebcf4455b770402db4eaa0714beba9dce24e205e0,ml/data/raw/dhan_shomadhan/Dhan-Shomadhan/Field Background/Rice Blast/rbf_73.jpg,CC BY 4.0,feuille,pyriculariose_feuille,,,,,1
ml/data/raw/dhan_shomadhan/Dhan-Shomadhan/Field Background/Rice Blast/rbf_8.jpg,039c056f732b851f83b61a8c2de710fc1468881be099d5166545c039f0bb93d8,ml/data/raw/dhan_shomadhan/Dhan-Shomadhan/Field Background/Rice Blast/rbf_8.jpg,CC BY 4.0,feuille,pyriculariose_feuille,,,,,1
ml/data/raw/dhan_shomadhan/Dhan-Shomadhan/Field Background/Rice Blast/rbf_9.jpg,c0aed1646c55f60896f1b967bd939072a78f737c0bbc83c39db079b017b5faf1,ml/data/raw/dhan_shomadhan/Dhan-Shomadhan/Field Background/Rice Blast/rbf_9.jpg,CC BY 4.0,feuille,pyriculariose_feuille,,,,,1
ml/data/raw/dhan_shomadhan/Dhan-Shomadhan/Field Background/Rice Turgro/rtf_0.jpg,1015dc613d46b9be54ad763ce35992f3fd6fcb995ba4237f1daed6880d317885,ml/data/raw/dhan_shomadhan/Dhan-Shomadhan/Field Background/Rice Turgro/rtf_0.jpg,CC BY 4.0,exclu,exclu:tungro,,,,,1
ml/data/raw/dhan_shomadhan/Dhan-Shomadhan/Field Background/Rice Turgro/rtf_1.jpg,f2456a3d156132d63a0efdea1df9b2d24ac7548f8f886fe6cd41b55b4f4ba8e3,ml/data/raw/dhan_shomadhan/Dhan-Shomadhan/Field Background/Rice Turgro/rtf_1.jpg,CC BY 4.0,exclu,exclu:tungro,,,,,1
ml/data/raw/dhan_shomadhan/Dhan-Shomadhan/Field Background/Rice Turgro/rtf_10.jpg,0706032c4dad9eb7361a7a91a50fd24f46a156eed1ec69e5429df349b2a11696,ml/data/raw/dhan_shomadhan/Dhan-Shomadhan/Field Background/Rice Turgro/rtf_10.jpg,CC BY 4.0,exclu,exclu:tungro,,,,,1
ml/data/raw/dhan_shomadhan/Dhan-Shomadhan/Field Background/Rice Turgro/rtf_11.jpg,742547efa33ddc881ed2248940b1ceda7465a48efbf3784267d4ff5c66aac9f9,ml/data/raw/dhan_shomadhan/Dhan-Shomadhan/Field Background/Rice Turgro/rtf_11.jpg,CC BY 4.0,exclu,exclu:tungro,,,,,1
ml/data/raw/dhan_shomadhan/Dhan-Shomadhan/Field Background/Rice Turgro/rtf_12.jpg,795ed47bd6b5eddb01450594cba4572943aab12304919b8a383293a70b95d527,ml/data/raw/dhan_shomadhan/Dhan-Shomadhan/Field Background/Rice Turgro/rtf_12.jpg,CC BY 4.0,exclu,exclu:tungro,,,,,1
ml/data/raw/dhan_shomadhan/Dhan-Shomadhan/Field Background/Rice Turgro/rtf_13.jpg,f920bf6b261906b9c04cf625167b31624cdd9cbed185b84ec3ae377051aa0355,ml/data/raw/dhan_shomadhan/Dhan-Shomadhan/Field Background/Rice Turgro/rtf_13.jpg,CC BY 4.0,exclu,exclu:tungro,,,,,1
ml/data/raw/dhan_shomadhan/Dhan-Shomadhan/Field Background/Rice Turgro/rtf_14.jpg,7d1b97635b7417cb2e8a5a8bbdccc62fc6e3f455e89ed0c6e98eba35e359c008,ml/data/raw/dhan_shomadhan/Dhan-Shomadhan/Field Background/Rice Turgro/rtf_14.jpg,CC BY 4.0,exclu,exclu:tungro,,,,,1
ml/data/raw/dhan_shomadhan/Dhan-Shomadhan/Field Background/Rice Turgro/rtf_15.jpg,c44f7cd9d08abcee6f6af61580c9cf5d9e7a521f403c3d962ef595fd3ee25ee0,ml/data/raw/dhan_shomadhan/Dhan-Shomadhan/Field Background/Rice Turgro/rtf_15.jpg,CC BY 4.0,exclu,exclu:tungro,,,,,1
ml/data/raw/dhan_shomadhan/Dhan-Shomadhan/Field Background/Rice Turgro/rtf_16.jpg,21ecccf803cae678ff26f076af2f4fc7ae62d2058e86ef4e9fde7c28aa249973,ml/data/raw/dhan_shomadhan/Dhan-Shomadhan/Field Background/Rice Turgro/rtf_16.jpg,CC BY 4.0,exclu,exclu:tungro,,,,,1
ml/data/raw/dhan_shomadhan/Dhan-Shomadhan/Field Background/Rice Turgro/rtf_17.jpg,6932b8bc7866d9339981b78d60837dfd823cb4324aeae5c1de643ff413501dc7,ml/data/raw/dhan_shomadhan/Dhan-Shomadhan/Field Background/Rice Turgro/rtf_17.jpg,CC BY 4.0,exclu,exclu:tungro,,,,,1
ml/data/raw/dhan_shomadhan/Dhan-Shomadhan/Field Background/Rice Turgro/rtf_18.jpg,49cf03cc1c140a00bc4e933610ab56ce1d05db08c33607a0afaf1cd18d23f5e0,ml/data/raw/dhan_shomadhan/Dhan-Shomadhan/Field Background/Rice Turgro/rtf_18.jpg,CC BY 4.0,exclu,exclu:tungro,,,,,1
ml/data/raw/dhan_shomadhan/Dhan-Shomadhan/Field Background/Rice Turgro/rtf_19.jpg,15fe230e3b8afd9ce73b11e97da5e77db5740e1da948760ecaed6d5b41161b16,ml/data/raw/dhan_shomadhan/Dhan-Shomadhan/Field Background/Rice Turgro/rtf_19.jpg,CC BY 4.0,exclu,exclu:tungro,,,,,1
ml/data/raw/dhan_shomadhan/Dhan-Shomadhan/Field Background/Rice Turgro/rtf_2.jpg,ad0c31d71cc84bba41923144e7d6b1d5739b6d4b77fab58e76d3bce58276e302,ml/data/raw/dhan_shomadhan/Dhan-Shomadhan/Field Background/Rice Turgro/rtf_2.jpg,CC BY 4.0,exclu,exclu:tungro,,,,,1
ml/data/raw/dhan_shomadhan/Dhan-Shomadhan/Field Background/Rice Turgro/rtf_20.jpg,9971b998bf4f37fbc6a53fb2680a7385387763e555de6720eb35101790bb65f6,ml/data/raw/dhan_shomadhan/Dhan-Shomadhan/Field Background/Rice Turgro/rtf_20.jpg,CC BY 4.0,exclu,exclu:tungro,,,,,1
ml/data/raw/dhan_shomadhan/Dhan-Shomadhan/Field Background/Rice Turgro/rtf_21.jpg,e686500b2cdb44062ee9663403b04e76265395e7f541b7f74070a70fd008f98a,ml/data/raw/dhan_shomadhan/Dhan-Shomadhan/Field Background/Rice Turgro/rtf_21.jpg,CC BY 4.0,exclu,exclu:tungro,,,,,1
ml/data/raw/dhan_shomadhan/Dhan-Shomadhan/Field Background/Rice Turgro/rtf_22.jpg,6a9ea6d844b2fa194dcefdb2bca12ef8bc26342d725d4c634dfef84ef90f804c,ml/data/raw/dhan_shomadhan/Dhan-Shomadhan/Field Background/Rice Turgro/rtf_22.jpg,CC BY 4.0,exclu,exclu:tungro,,,,,1
ml/data/raw/dhan_shomadhan/Dhan-Shomadhan/Field Background/Rice Turgro/rtf_23.jpg,5d3e85d0fd8188fd34367050b1a5fbe75d3ec370676fb1515f64d3660b08f10d,ml/data/raw/dhan_shomadhan/Dhan-Shomadhan/Field Background/Rice Turgro/rtf_23.jpg,CC BY 4.0,exclu,exclu:tungro,,,,,1
ml/data/raw/dhan_shomadhan/Dhan-Shomadhan/Field Background/Rice Turgro/rtf_24.jpg,784076b9c9c159d7228ef22f07ce1c7674d7080b4d828c22f3a9b7765f93d376,ml/data/raw/dhan_shomadhan/Dhan-Shomadhan/Field Background/Rice Turgro/rtf_24.jpg,CC BY 4.0,exclu,exclu:tungro,,,,,1
ml/data/raw/dhan_shomadhan/Dhan-Shomadhan/Field Background/Rice Turgro/rtf_25.jpg,b89c1f5f4ea5fdacdb315216e4b735262c7f2a134a38e0e25aeb32081471df8c,ml/data/raw/dhan_shomadhan/Dhan-Shomadhan/Field Background/Rice Turgro/rtf_25.jpg,CC BY 4.0,exclu,exclu:tungro,,,,,1
ml/data/raw/dhan_shomadhan/Dhan-Shomadhan/Field Background/Rice Turgro/rtf_26.jpg,411c14210d078f35c4add9d7acc1cefdf3132e4a59f416e849933f6fff6728d8,ml/data/raw/dhan_shomadhan/Dhan-Shomadhan/Field Background/Rice Turgro/rtf_26.jpg,CC BY 4.0,exclu,exclu:tungro,,,,,1
ml/data/raw/dhan_shomadhan/Dhan-Shomadhan/Field Background/Rice Turgro/rtf_27.jpg,4be887717d70bd29f8a1d1dc7708f1a32b7fb005a7a38ce77b685c821562b31c,ml/data/raw/dhan_shomadhan/Dhan-Shomadhan/Field Background/Rice Turgro/rtf_27.jpg,CC BY 4.0,exclu,exclu:tungro,,,,,1
ml/data/raw/dhan_shomadhan/Dhan-Shomadhan/Field Background/Rice Turgro/rtf_28.jpg,38dd88548688ee40eddb024f7566afa921848fbda7858e0af5e9e1c564d17cf7,ml/data/raw/dhan_shomadhan/Dhan-Shomadhan/Field Background/Rice Turgro/rtf_28.jpg,CC BY 4.0,exclu,exclu:tungro,,,,,1
ml/data/raw/dhan_shomadhan/Dhan-Shomadhan/Field Background/Rice Turgro/rtf_29.jpg,683f12e95a71b63a9640ce0a4068fe2de3840db1d20e7b3ab2129561e9e6e086,ml/data/raw/dhan_shomadhan/Dhan-Shomadhan/Field Background/Rice Turgro/rtf_29.jpg,CC BY 4.0,exclu,exclu:tungro,,,,,1
ml/data/raw/dhan_shomadhan/Dhan-Shomadhan/Field Background/Rice Turgro/rtf_3.jpg,c1741461cc462481220ae6008411784b70807b9aed8fc336de6f8388da3733bd,ml/data/raw/dhan_shomadhan/Dhan-Shomadhan/Field Background/Rice Turgro/rtf_3.jpg,CC BY 4.0,exclu,exclu:tungro,,,,,1
ml/data/raw/dhan_shomadhan/Dhan-Shomadhan/Field Background/Rice Turgro/rtf_30.jpg,0897bc1e636c5bd9388cccc16fc65a89bb788ae5b1da2dbb4d22fa18bbb44686,ml/data/raw/dhan_shomadhan/Dhan-Shomadhan/Field Background/Rice Turgro/rtf_30.jpg,CC BY 4.0,exclu,exclu:tungro,,,,,1
ml/data/raw/dhan_shomadhan/Dhan-Shomadhan/Field Background/Rice Turgro/rtf_31.jpg,9be81fa41c8091aa3b55a862f83021b533e43bdba2bd3df8dc0822b18025b39d,ml/data/raw/dhan_shomadhan/Dhan-Shomadhan/Field Background/Rice Turgro/rtf_31.jpg,CC BY 4.0,exclu,exclu:tungro,,,,,1
ml/data/raw/dhan_shomadhan/Dhan-Shomadhan/Field Background/Rice Turgro/rtf_32.jpg,a591f9d25a707fcb59f5e405df6a5d5456cd1106682c6a07898efe420993dc10,ml/data/raw/dhan_shomadhan/Dhan-Shomadhan/Field Background/Rice Turgro/rtf_32.jpg,CC BY 4.0,exclu,exclu:tungro,,,,,1
ml/data/raw/dhan_shomadhan/Dhan-Shomadhan/Field Background/Rice Turgro/rtf_33.jpg,7654ef40dcd9d2a5aae9db779d0c88b1be27e4e12eaab92573d7c81b9c446d37,ml/data/raw/dhan_shomadhan/Dhan-Shomadhan/Field Background/Rice Turgro/rtf_33.jpg,CC BY 4.0,exclu,exclu:tungro,,,,,1
ml/data/raw/dhan_shomadhan/Dhan-Shomadhan/Field Background/Rice Turgro/rtf_34.jpg,0e26c0e4e7c6b4c7fcf26b7c53f446103d65be5ee8df092b5ee6c1b306f25bcd,ml/data/raw/dhan_shomadhan/Dhan-Shomadhan/Field Background/Rice Turgro/rtf_34.jpg,CC BY 4.0,exclu,exclu:tungro,,,,,1
ml/data/raw/dhan_shomadhan/Dhan-Shomadhan/Field Background/Rice Turgro/rtf_35.jpg,a3139b74ef12e01d594c71dfd7c949ee2d86be8091ef01d4cbeef06df1214924,ml/data/raw/dhan_shomadhan/Dhan-Shomadhan/Field Background/Rice Turgro/rtf_35.jpg,CC BY 4.0,exclu,exclu:tungro,,,,,1
ml/data/raw/dhan_shomadhan/Dhan-Shomadhan/Field Background/Rice Turgro/rtf_36.jpg,c7661ce59ce87763c9ad72c7ed943ccbbaa12f63b2b749cde7d749acf3c9647a,ml/data/raw/dhan_shomadhan/Dhan-Shomadhan/Field Background/Rice Turgro/rtf_36.jpg,CC BY 4.0,exclu,exclu:tungro,,,,,1
ml/data/raw/dhan_shomadhan/Dhan-Shomadhan/Field Background/Rice Turgro/rtf_37.jpg,48ff339bb26545b4dd6b0ef3f540e64d60d8b14066e7fd380f5d06ccff2f25bf,ml/data/raw/dhan_shomadhan/Dhan-Shomadhan/Field Background/Rice Turgro/rtf_37.jpg,CC BY 4.0,exclu,exclu:tungro,,,,,1
ml/data/raw/dhan_shomadhan/Dhan-Shomadhan/Field Background/Rice Turgro/rtf_38.jpg,a3afb1f0db5d3134c0872be0d10d61f2e30bd2bb927d8254baf0f02299f3b5bf,ml/data/raw/dhan_shomadhan/Dhan-Shomadhan/Field Background/Rice Turgro/rtf_38.jpg,CC BY 4.0,exclu,exclu:tungro,,,,,1
ml/data/raw/dhan_shomadhan/Dhan-Shomadhan/Field Background/Rice Turgro/rtf_39.jpg,ba0a1bf904c0d5caee2f605c2e07f43ea37145d49785eba2ecfa3c8bd717c2cd,ml/data/raw/dhan_shomadhan/Dhan-Shomadhan/Field Background/Rice Turgro/rtf_39.jpg,CC BY 4.0,exclu,exclu:tungro,,,,,1
ml/data/raw/dhan_shomadhan/Dhan-Shomadhan/Field Background/Rice Turgro/rtf_4.jpg,f1f39581c6fdcc8787a3bb6e6382c8aa2cea0c9e3665442f9a9b89d21e4d9d4e,ml/data/raw/dhan_shomadhan/Dhan-Shomadhan/Field Background/Rice Turgro/rtf_4.jpg,CC BY 4.0,exclu,exclu:tungro,,,,,1
ml/data/raw/dhan_shomadhan/Dhan-Shomadhan/Field Background/Rice Turgro/rtf_40.jpg,d6103e5ad4e49d8aaf037c967ea5e8899850998ffd33ea40fd5fadda22da7138,ml/data/raw/dhan_shomadhan/Dhan-Shomadhan/Field Background/Rice Turgro/rtf_40.jpg,CC BY 4.0,exclu,exclu:tungro,,,,,1
ml/data/raw/dhan_shomadhan/Dhan-Shomadhan/Field Background/Rice Turgro/rtf_41.jpg,c50138e8f352d06ef5a00e5075e8842d417963bc188680d8484d77c57d837d27,ml/data/raw/dhan_shomadhan/Dhan-Shomadhan/Field Background/Rice Turgro/rtf_41.jpg,CC BY 4.0,exclu,exclu:tungro,,,,,1
ml/data/raw/dhan_shomadhan/Dhan-Shomadhan/Field Background/Rice Turgro/rtf_42.jpg,826b8b509f81a81d62515d1cb029c9e91dc4dacccbb3f0cbe5d6cff6491ca6f4,ml/data/raw/dhan_shomadhan/Dhan-Shomadhan/Field Background/Rice Turgro/rtf_42.jpg,CC BY 4.0,exclu,exclu:tungro,,,,,1
ml/data/raw/dhan_shomadhan/Dhan-Shomadhan/Field Background/Rice Turgro/rtf_43.jpg,725845d2c9e7229599490ef5208a8d8092434ca71199ecf6b9b49ed911945ff8,ml/data/raw/dhan_shomadhan/Dhan-Shomadhan/Field Background/Rice Turgro/rtf_43.jpg,CC BY 4.0,exclu,exclu:tungro,,,,,1
ml/data/raw/dhan_shomadhan/Dhan-Shomadhan/Field Background/Rice Turgro/rtf_44.jpg,568c976225f1ddd4290c759a45ba994981e56bf6e8a5ceb38a53f64b460a08ec,ml/data/raw/dhan_shomadhan/Dhan-Shomadhan/Field Background/Rice Turgro/rtf_44.jpg,CC BY 4.0,exclu,exclu:tungro,,,,,1
ml/data/raw/dhan_shomadhan/Dhan-Shomadhan/Field Background/Rice Turgro/rtf_45.jpg,f2af0249200989122ff757be954ede2f87637202e9d5177a855d7400c97b073a,ml/data/raw/dhan_shomadhan/Dhan-Shomadhan/Field Background/Rice Turgro/rtf_45.jpg,CC BY 4.0,exclu,exclu:tungro,,,,,1
ml/data/raw/dhan_shomadhan/Dhan-Shomadhan/Field Background/Rice Turgro/rtf_46.jpg,b388bbbf9a656b75ef5d4ce43d9a4a3560a067a324672068c7598a2fcc6b3c34,ml/data/raw/dhan_shomadhan/Dhan-Shomadhan/Field Background/Rice Turgro/rtf_46.jpg,CC BY 4.0,exclu,exclu:tungro,,,,,1
ml/data/raw/dhan_shomadhan/Dhan-Shomadhan/Field Background/Rice Turgro/rtf_47.jpg,d3ae2aca4b0d109ce2ed98459d93f76307327d973e54a6df02ace7b310534fa2,ml/data/raw/dhan_shomadhan/Dhan-Shomadhan/Field Background/Rice Turgro/rtf_47.jpg,CC BY 4.0,exclu,exclu:tungro,,,,,1
ml/data/raw/dhan_shomadhan/Dhan-Shomadhan/Field Background/Rice Turgro/rtf_48.jpg,df526fb44335bdbd782cc4be79af2e11e52157288b043ca588bdb2359471cea9,ml/data/raw/dhan_shomadhan/Dhan-Shomadhan/Field Background/Rice Turgro/rtf_48.jpg,CC BY 4.0,exclu,exclu:tungro,,,,,1
ml/data/raw/dhan_shomadhan/Dhan-Shomadhan/Field Background/Rice Turgro/rtf_49.jpg,588f0163295b9c1d12659f9848ebbc12955d8fdbbf184374e06133ca2f460c44,ml/data/raw/dhan_shomadhan/Dhan-Shomadhan/Field Background/Rice Turgro/rtf_49.jpg,CC BY 4.0,exclu,exclu:tungro,,,,,1
ml/data/raw/dhan_shomadhan/Dhan-Shomadhan/Field Background/Rice Turgro/rtf_5.jpg,a48b8521154c617108115687c66395d4be3d2d7a4ff1463f555cbd7abc6a6ee3,ml/data/raw/dhan_shomadhan/Dhan-Shomadhan/Field Background/Rice Turgro/rtf_5.jpg,CC BY 4.0,exclu,exclu:tungro,,,,,1
ml/data/raw/dhan_shomadhan/Dhan-Shomadhan/Field Background/Rice Turgro/rtf_50.jpg,1e0f660f19ca8304ad059b0bf8562b5cd67bbc8f69ade9bf2b93b91aad2e9d24,ml/data/raw/dhan_shomadhan/Dhan-Shomadhan/Field Background/Rice Turgro/rtf_50.jpg,CC BY 4.0,exclu,exclu:tungro,,,,,1
ml/data/raw/dhan_shomadhan/Dhan-Shomadhan/Field Background/Rice Turgro/rtf_51.jpg,4635cf8795ff6e72672deefa92d472c534cd27fd228eb1da60598f777331da6e,ml/data/raw/dhan_shomadhan/Dhan-Shomadhan/Field Background/Rice Turgro/rtf_51.jpg,CC BY 4.0,exclu,exclu:tungro,,,,,1
ml/data/raw/dhan_shomadhan/Dhan-Shomadhan/Field Background/Rice Turgro/rtf_52.jpg,8b552539628640b309592c8f15f0e80100ffd2bd85a9281889aaed88e6757b7e,ml/data/raw/dhan_shomadhan/Dhan-Shomadhan/Field Background/Rice Turgro/rtf_52.jpg,CC BY 4.0,exclu,exclu:tungro,,,,,1
ml/data/raw/dhan_shomadhan/Dhan-Shomadhan/Field Background/Rice Turgro/rtf_53.jpg,b35992a48b2e2ce4282c91cc569972fc54b3b608345c8d0aed570efed354568d,ml/data/raw/dhan_shomadhan/Dhan-Shomadhan/Field Background/Rice Turgro/rtf_53.jpg,CC BY 4.0,exclu,exclu:tungro,,,,,1
ml/data/raw/dhan_shomadhan/Dhan-Shomadhan/Field Background/Rice Turgro/rtf_54.jpg,775557b7c112c28935a76c26cbdc9ebaa25bc25f527154380dc44e6aa65af991,ml/data/raw/dhan_shomadhan/Dhan-Shomadhan/Field Background/Rice Turgro/rtf_54.jpg,CC BY 4.0,exclu,exclu:tungro,,,,,1
ml/data/raw/dhan_shomadhan/Dhan-Shomadhan/Field Background/Rice Turgro/rtf_55.jpg,992f6dbbbb4af6909462cdc3669564560de521eb6bfda6a3bb5d7a600080bec4,ml/data/raw/dhan_shomadhan/Dhan-Shomadhan/Field Background/Rice Turgro/rtf_55.jpg,CC BY 4.0,exclu,exclu:tungro,,,,,1
ml/data/raw/dhan_shomadhan/Dhan-Shomadhan/Field Background/Rice Turgro/rtf_56.jpg,ff4d8dbe3d64c2fa5cdc9b8fd449ea63c946e95f119306d1f4d021ea400aa4a3,ml/data/raw/dhan_shomadhan/Dhan-Shomadhan/Field Background/Rice Turgro/rtf_56.jpg,CC BY 4.0,exclu,exclu:tungro,,,,,1
ml/data/raw/dhan_shomadhan/Dhan-Shomadhan/Field Background/Rice Turgro/rtf_57.jpg,d4854c2429d40e2cbbb2cdd5c14e7ef16a6f26f1f458be25d397a5d06c045629,ml/data/raw/dhan_shomadhan/Dhan-Shomadhan/Field Background/Rice Turgro/rtf_57.jpg,CC BY 4.0,exclu,exclu:tungro,,,,,1
ml/data/raw/dhan_shomadhan/Dhan-Shomadhan/Field Background/Rice Turgro/rtf_58.jpg,d2389eda0bdf1e9b075d7784573ead216ea986612334ba40d9dcfb3c1c8c3f33,ml/data/raw/dhan_shomadhan/Dhan-Shomadhan/Field Background/Rice Turgro/rtf_58.jpg,CC BY 4.0,exclu,exclu:tungro,,,,,1
ml/data/raw/dhan_shomadhan/Dhan-Shomadhan/Field Background/Rice Turgro/rtf_59.jpg,038862da9fda772c95b8a7ddcfebe1f04d73bb632f95d76f39977da223cdb11a,ml/data/raw/dhan_shomadhan/Dhan-Shomadhan/Field Background/Rice Turgro/rtf_59.jpg,CC BY 4.0,exclu,exclu:tungro,,,,,1
ml/data/raw/dhan_shomadhan/Dhan-Shomadhan/Field Background/Rice Turgro/rtf_6.jpg,ae7e9c5ea9b629889cff39e1726845d45381159eb143827cb276c7ba671b92d3,ml/data/raw/dhan_shomadhan/Dhan-Shomadhan/Field Background/Rice Turgro/rtf_6.jpg,CC BY 4.0,exclu,exclu:tungro,,,,,1
ml/data/raw/dhan_shomadhan/Dhan-Shomadhan/Field Background/Rice Turgro/rtf_60.jpg,8d5c797dfd0240268e8cb0914a80510fa8fc8e134251288ab08f6124db9f5117,ml/data/raw/dhan_shomadhan/Dhan-Shomadhan/Field Background/Rice Turgro/rtf_60.jpg,CC BY 4.0,exclu,exclu:tungro,,,,,1
ml/data/raw/dhan_shomadhan/Dhan-Shomadhan/Field Background/Rice Turgro/rtf_61.jpg,dad63180156d6bfc5470230b9447a58db88f07c80d3af4053f3cd694f0354d67,ml/data/raw/dhan_shomadhan/Dhan-Shomadhan/Field Background/Rice Turgro/rtf_61.jpg,CC BY 4.0,exclu,exclu:tungro,,,,,1
ml/data/raw/dhan_shomadhan/Dhan-Shomadhan/Field Background/Rice Turgro/rtf_62.jpg,2b5582ce8d9a25e03aee62e4cca1027f8babc1ef2ab1099c96d2ed09b60ec349,ml/data/raw/dhan_shomadhan/Dhan-Shomadhan/Field Background/Rice Turgro/rtf_62.jpg,CC BY 4.0,exclu,exclu:tungro,,,,,1
ml/data/raw/dhan_shomadhan/Dhan-Shomadhan/Field Background/Rice Turgro/rtf_63.jpg,090555f631e971cc1a1440f0a791b320740f95aabb3ac374d3f46ecf8ef388c7,ml/data/raw/dhan_shomadhan/Dhan-Shomadhan/Field Background/Rice Turgro/rtf_63.jpg,CC BY 4.0,exclu,exclu:tungro,,,,,1
ml/data/raw/dhan_shomadhan/Dhan-Shomadhan/Field Background/Rice Turgro/rtf_64.jpg,44cbde42ed878f2e34e479dd1e3124d061d11b7e962d7477828b47804516db74,ml/data/raw/dhan_shomadhan/Dhan-Shomadhan/Field Background/Rice Turgro/rtf_64.jpg,CC BY 4.0,exclu,exclu:tungro,,,,,1
ml/data/raw/dhan_shomadhan/Dhan-Shomadhan/Field Background/Rice Turgro/rtf_65.jpg,4a28c2e4cd7f3040301fb77ef7266146fb6f6b00292bd5936bdddec632c71b4c,ml/data/raw/dhan_shomadhan/Dhan-Shomadhan/Field Background/Rice Turgro/rtf_65.jpg,CC BY 4.0,exclu,exclu:tungro,,,,,1
ml/data/raw/dhan_shomadhan/Dhan-Shomadhan/Field Background/Rice Turgro/rtf_66.jpg,0933c15abd796883c1e9a659d7eca0b0124b2bcf6daef01a84ce5b435584f5b4,ml/data/raw/dhan_shomadhan/Dhan-Shomadhan/Field Background/Rice Turgro/rtf_66.jpg,CC BY 4.0,exclu,exclu:tungro,,,,,1
ml/data/raw/dhan_shomadhan/Dhan-Shomadhan/Field Background/Rice Turgro/rtf_67.jpg,05dbbd2660570ce0d2558d31e0c9e6a38ad449b7c456d69b337f36ca4abcd0c0,ml/data/raw/dhan_shomadhan/Dhan-Shomadhan/Field Background/Rice Turgro/rtf_67.jpg,CC BY 4.0,exclu,exclu:tungro,,,,,1
ml/data/raw/dhan_shomadhan/Dhan-Shomadhan/Field Background/Rice Turgro/rtf_68.jpg,40c4e662bb7e3d4ed3753e5a7df199e3bd12576560ebcadf7a8efe157a982461,ml/data/raw/dhan_shomadhan/Dhan-Shomadhan/Field Background/Rice Turgro/rtf_68.jpg,CC BY 4.0,exclu,exclu:tungro,,,,,1
ml/data/raw/dhan_shomadhan/Dhan-Shomadhan/Field Background/Rice Turgro/rtf_69.jpg,3a96c5803a95a0665310e54501f9021b6fbc3a14730429be449e6704d977cf68,ml/data/raw/dhan_shomadhan/Dhan-Shomadhan/Field Background/Rice Turgro/rtf_69.jpg,CC BY 4.0,exclu,exclu:tungro,,,,,1
ml/data/raw/dhan_shomadhan/Dhan-Shomadhan/Field Background/Rice Turgro/rtf_7.jpg,8d47ee5f081554b9bc59294d0028ef04d2e239de319852bb03a81a9851b4c9e4,ml/data/raw/dhan_shomadhan/Dhan-Shomadhan/Field Background/Rice Turgro/rtf_7.jpg,CC BY 4.0,exclu,exclu:tungro,,,,,1
ml/data/raw/dhan_shomadhan/Dhan-Shomadhan/Field Background/Rice Turgro/rtf_70.jpg,42f4b6e471b900b77479f646214142c3a4e088769ec28169ee4ecbe3451fe731,ml/data/raw/dhan_shomadhan/Dhan-Shomadhan/Field Background/Rice Turgro/rtf_70.jpg,CC BY 4.0,exclu,exclu:tungro,,,,,1
ml/data/raw/dhan_shomadhan/Dhan-Shomadhan/Field Background/Rice Turgro/rtf_71.jpg,b4cba9a846179cf97045c75cae7a94df753c5ef49d6d69c59413db9f07b3571d,ml/data/raw/dhan_shomadhan/Dhan-Shomadhan/Field Background/Rice Turgro/rtf_71.jpg,CC BY 4.0,exclu,exclu:tungro,,,,,1
ml/data/raw/dhan_shomadhan/Dhan-Shomadhan/Field Background/Rice Turgro/rtf_72.jpg,96bb610d32a937615fb567ca5060bcf77e068b9c18fd4f2651046132d30e97df,ml/data/raw/dhan_shomadhan/Dhan-Shomadhan/Field Background/Rice Turgro/rtf_72.jpg,CC BY 4.0,exclu,exclu:tungro,,,,,1
ml/data/raw/dhan_shomadhan/Dhan-Shomadhan/Field Background/Rice Turgro/rtf_73.jpg,31944e3d597b53f81c2d9dff4f79d50a04765a3d03a5dc7720c722c16e43c65f,ml/data/raw/dhan_shomadhan/Dhan-Shomadhan/Field Background/Rice Turgro/rtf_73.jpg,CC BY 4.0,exclu,exclu:tungro,,,,,1
ml/data/raw/dhan_shomadhan/Dhan-Shomadhan/Field Background/Rice Turgro/rtf_74.jpg,0b94d59344200da6d7f165e950ce4b1495df5ed47e3b8351e0a5f505013159a2,ml/data/raw/dhan_shomadhan/Dhan-Shomadhan/Field Background/Rice Turgro/rtf_74.jpg,CC BY 4.0,exclu,exclu:tungro,,,,,1
ml/data/raw/dhan_shomadhan/Dhan-Shomadhan/Field Background/Rice Turgro/rtf_75.jpg,b1b0da51028d3d3dcf5479de150bfbaf579a91e2717a7ffbac74dbf84e74d076,ml/data/raw/dhan_shomadhan/Dhan-Shomadhan/Field Background/Rice Turgro/rtf_75.jpg,CC BY 4.0,exclu,exclu:tungro,,,,,1
ml/data/raw/dhan_shomadhan/Dhan-Shomadhan/Field Background/Rice Turgro/rtf_8.jpg,9cd1f3a4a1305ac584426dad11a02ddfb30c5dfd0e34f28840dcd3575007f7c9,ml/data/raw/dhan_shomadhan/Dhan-Shomadhan/Field Background/Rice Turgro/rtf_8.jpg,CC BY 4.0,exclu,exclu:tungro,,,,,1
ml/data/raw/dhan_shomadhan/Dhan-Shomadhan/Field Background/Rice Turgro/rtf_9.jpg,561044c0b011a7ebb7e86c759ec004572de2d429046fc466d37dc5015b48a24b,ml/data/raw/dhan_shomadhan/Dhan-Shomadhan/Field Background/Rice Turgro/rtf_9.jpg,CC BY 4.0,exclu,exclu:tungro,,,,,1
ml/data/raw/dhan_shomadhan/Dhan-Shomadhan/Field Background/Sheath Blight/sbf_0.jpg,9f6c0cf542c8ac9e5d501a1d641276d4c0e28e63ef9b2b133ccff9ccad0524c7,ml/data/raw/dhan_shomadhan/Dhan-Shomadhan/Field Background/Sheath Blight/sbf_0.jpg,CC BY 4.0,tige_gaine,rhizoctone,,,,,1
ml/data/raw/dhan_shomadhan/Dhan-Shomadhan/Field Background/Sheath Blight/sbf_1.jpg,86332e701353ab7efa44ead8908b5593ac920848cff4acaa3173299e8dfdca90,ml/data/raw/dhan_shomadhan/Dhan-Shomadhan/Field Background/Sheath Blight/sbf_1.jpg,CC BY 4.0,tige_gaine,rhizoctone,,,,,1
ml/data/raw/dhan_shomadhan/Dhan-Shomadhan/Field Background/Sheath Blight/sbf_10.jpg,12878f679f5deaaf26ec099ce30bf4a592cdf1c3b72fac214634f71ac214c841,ml/data/raw/dhan_shomadhan/Dhan-Shomadhan/Field Background/Sheath Blight/sbf_10.jpg,CC BY 4.0,tige_gaine,rhizoctone,,,,,1
ml/data/raw/dhan_shomadhan/Dhan-Shomadhan/Field Background/Sheath Blight/sbf_11.jpg,8caf8cb6995813ef6a2f4231d07348d6a8d28ccbd3897e317ebca9e4183e13f1,ml/data/raw/dhan_shomadhan/Dhan-Shomadhan/Field Background/Sheath Blight/sbf_11.jpg,CC BY 4.0,tige_gaine,rhizoctone,,,,,1
ml/data/raw/dhan_shomadhan/Dhan-Shomadhan/Field Background/Sheath Blight/sbf_12.jpg,e14accc5b832b4f217c93be1d1307b4b9348b2d60ce7da02cb8f7c55910bd09e,ml/data/raw/dhan_shomadhan/Dhan-Shomadhan/Field Background/Sheath Blight/sbf_12.jpg,CC BY 4.0,tige_gaine,rhizoctone,,,,,1
ml/data/raw/dhan_shomadhan/Dhan-Shomadhan/Field Background/Sheath Blight/sbf_13.jpg,54abfdb6579de7ec0a5115ae851df8f9b44bc46d0b3079cf80ed048136e2e5c6,ml/data/raw/dhan_shomadhan/Dhan-Shomadhan/Field Background/Sheath Blight/sbf_13.jpg,CC BY 4.0,tige_gaine,rhizoctone,,,,,1
ml/data/raw/dhan_shomadhan/Dhan-Shomadhan/Field Background/Sheath Blight/sbf_14.jpg,1b8bb5d931de477da3e7f3484605497f8968ce464f2d041504f8a444b5430ff4,ml/data/raw/dhan_shomadhan/Dhan-Shomadhan/Field Background/Sheath Blight/sbf_14.jpg,CC BY 4.0,tige_gaine,rhizoctone,,,,,1
ml/data/raw/dhan_shomadhan/Dhan-Shomadhan/Field Background/Sheath Blight/sbf_15.jpg,24aad26cbf3fa665a3e16384fbc9ba6c6393032a38c47de41fed18ee89e55c7b,ml/data/raw/dhan_shomadhan/Dhan-Shomadhan/Field Background/Sheath Blight/sbf_15.jpg,CC BY 4.0,tige_gaine,rhizoctone,,,,,1
ml/data/raw/dhan_shomadhan/Dhan-Shomadhan/Field Background/Sheath Blight/sbf_16.jpg,9380c71560a3f8f74f00f824cceb4531bc6409438c1c078911cc63bfd062490d,ml/data/raw/dhan_shomadhan/Dhan-Shomadhan/Field Background/Sheath Blight/sbf_16.jpg,CC BY 4.0,tige_gaine,rhizoctone,,,,,1
ml/data/raw/dhan_shomadhan/Dhan-Shomadhan/Field Background/Sheath Blight/sbf_17.jpg,4b236f3d10dda6566c86c51833ada59531adcbb8e7acd1c0bdc8252f6e55e47c,ml/data/raw/dhan_shomadhan/Dhan-Shomadhan/Field Background/Sheath Blight/sbf_17.jpg,CC BY 4.0,tige_gaine,rhizoctone,,,,,1
ml/data/raw/dhan_shomadhan/Dhan-Shomadhan/Field Background/Sheath Blight/sbf_18.jpg,34da5519b4151f83d6044a2dcdd5e93b4a2cd21237d5a21a0eedd43f237e948f,ml/data/raw/dhan_shomadhan/Dhan-Shomadhan/Field Background/Sheath Blight/sbf_18.jpg,CC BY 4.0,tige_gaine,rhizoctone,,,,,1
ml/data/raw/dhan_shomadhan/Dhan-Shomadhan/Field Background/Sheath Blight/sbf_19.jpg,cacb234b4516aeafc8f74d635ae868b3c87f9907a9b27519f25cb9c8a894b75d,ml/data/raw/dhan_shomadhan/Dhan-Shomadhan/Field Background/Sheath Blight/sbf_19.jpg,CC BY 4.0,tige_gaine,rhizoctone,,,,,1
ml/data/raw/dhan_shomadhan/Dhan-Shomadhan/Field Background/Sheath Blight/sbf_2.jpg,de9241101a2977ee9f0177c7aa917ac9ea5281bdbc4dfba33cd820df9ce9bdd7,ml/data/raw/dhan_shomadhan/Dhan-Shomadhan/Field Background/Sheath Blight/sbf_2.jpg,CC BY 4.0,tige_gaine,rhizoctone,,,,,1
ml/data/raw/dhan_shomadhan/Dhan-Shomadhan/Field Background/Sheath Blight/sbf_20.jpg,f12ec39e3b841cbaf59463922f5b9062735b71c90ba1b010c2241b9eed02fb02,ml/data/raw/dhan_shomadhan/Dhan-Shomadhan/Field Background/Sheath Blight/sbf_20.jpg,CC BY 4.0,tige_gaine,rhizoctone,,,,,1
ml/data/raw/dhan_shomadhan/Dhan-Shomadhan/Field Background/Sheath Blight/sbf_21.jpg,5faf705d5ff1a887f437e1450f396f6206c3fffad9f1962c8bbf5cfec4b24f45,ml/data/raw/dhan_shomadhan/Dhan-Shomadhan/Field Background/Sheath Blight/sbf_21.jpg,CC BY 4.0,tige_gaine,rhizoctone,,,,,1
ml/data/raw/dhan_shomadhan/Dhan-Shomadhan/Field Background/Sheath Blight/sbf_22.jpg,def93c673cca3de2b4752e69642de88745cc6c1ec11614b87abd5b15585aaea1,ml/data/raw/dhan_shomadhan/Dhan-Shomadhan/Field Background/Sheath Blight/sbf_22.jpg,CC BY 4.0,tige_gaine,rhizoctone,,,,,1
ml/data/raw/dhan_shomadhan/Dhan-Shomadhan/Field Background/Sheath Blight/sbf_23.jpg,5e8608227cba06ac7a78db3fb4325d38a01c79b5b177772443e5e2ca7e4fa74c,ml/data/raw/dhan_shomadhan/Dhan-Shomadhan/Field Background/Sheath Blight/sbf_23.jpg,CC BY 4.0,tige_gaine,rhizoctone,,,,,1
ml/data/raw/dhan_shomadhan/Dhan-Shomadhan/Field Background/Sheath Blight/sbf_24.jpg,dc205ba70f56baf82d08a141b10c44f6839ebc036617ee02fbf9657752fd9926,ml/data/raw/dhan_shomadhan/Dhan-Shomadhan/Field Background/Sheath Blight/sbf_24.jpg,CC BY 4.0,tige_gaine,rhizoctone,,,,,1
ml/data/raw/dhan_shomadhan/Dhan-Shomadhan/Field Background/Sheath Blight/sbf_25.jpg,4ae8a83d01dc9e3c5fa83901e96b1444c19214d42505e5ee48cbe1ab0f321f3e,ml/data/raw/dhan_shomadhan/Dhan-Shomadhan/Field Background/Sheath Blight/sbf_25.jpg,CC BY 4.0,tige_gaine,rhizoctone,,,,,1
ml/data/raw/dhan_shomadhan/Dhan-Shomadhan/Field Background/Sheath Blight/sbf_26.jpg,732b5bf83158ab3064ccfa1bb907dbf5ecb8510b6e9fdf66e3e3b03969a39211,ml/data/raw/dhan_shomadhan/Dhan-Shomadhan/Field Background/Sheath Blight/sbf_26.jpg,CC BY 4.0,tige_gaine,rhizoctone,,,,,1
ml/data/raw/dhan_shomadhan/Dhan-Shomadhan/Field Background/Sheath Blight/sbf_27.jpg,533cb88df562b84dbca740f02af95d933ad9637af9b4efb4521ecdedab2833fb,ml/data/raw/dhan_shomadhan/Dhan-Shomadhan/Field Background/Sheath Blight/sbf_27.jpg,CC BY 4.0,tige_gaine,rhizoctone,,,,,1
ml/data/raw/dhan_shomadhan/Dhan-Shomadhan/Field Background/Sheath Blight/sbf_28.jpg,b27eedb9b0b7c6334ff74944fa73fe77f1cae4af7f90d22bdb865e7286691324,ml/data/raw/dhan_shomadhan/Dhan-Shomadhan/Field Background/Sheath Blight/sbf_28.jpg,CC BY 4.0,tige_gaine,rhizoctone,,,,,1
ml/data/raw/dhan_shomadhan/Dhan-Shomadhan/Field Background/Sheath Blight/sbf_29.jpg,df74cc7bb35ce17b0b819021f7d5aef57aeab296102243f50bb0c00c2cdc203d,ml/data/raw/dhan_shomadhan/Dhan-Shomadhan/Field Background/Sheath Blight/sbf_29.jpg,CC BY 4.0,tige_gaine,rhizoctone,,,,,1
ml/data/raw/dhan_shomadhan/Dhan-Shomadhan/Field Background/Sheath Blight/sbf_3.jpg,a7571ec5eb90daa9eef76a9a71828d118e9e3b61b77cf89eb2b1d661bf03ee7a,ml/data/raw/dhan_shomadhan/Dhan-Shomadhan/Field Background/Sheath Blight/sbf_3.jpg,CC BY 4.0,tige_gaine,rhizoctone,,,,,1
ml/data/raw/dhan_shomadhan/Dhan-Shomadhan/Field Background/Sheath Blight/sbf_30.jpg,ec417fded06390fc1ecc8d7e7ef665f152fc23df39a145cded6331111b01e337,ml/data/raw/dhan_shomadhan/Dhan-Shomadhan/Field Background/Sheath Blight/sbf_30.jpg,CC BY 4.0,tige_gaine,rhizoctone,,,,,1
ml/data/raw/dhan_shomadhan/Dhan-Shomadhan/Field Background/Sheath Blight/sbf_31.jpg,b378cb59556074ee84cf38d1b1d492e0afc904d478e66566bb0f22992d6e9777,ml/data/raw/dhan_shomadhan/Dhan-Shomadhan/Field Background/Sheath Blight/sbf_31.jpg,CC BY 4.0,tige_gaine,rhizoctone,,,,,1
ml/data/raw/dhan_shomadhan/Dhan-Shomadhan/Field Background/Sheath Blight/sbf_32.jpg,3730b125394fd6db28aac1b654771fb21ea0eaae1aec6f2089bf1dc5980bde2d,ml/data/raw/dhan_shomadhan/Dhan-Shomadhan/Field Background/Sheath Blight/sbf_32.jpg,CC BY 4.0,tige_gaine,rhizoctone,,,,,1
ml/data/raw/dhan_shomadhan/Dhan-Shomadhan/Field Background/Sheath Blight/sbf_33.jpg,18748720e1f3f0a8fa14d7d4e5ad25f14068dccbe4d5ad68e08a09dfde2fb638,ml/data/raw/dhan_shomadhan/Dhan-Shomadhan/Field Background/Sheath Blight/sbf_33.jpg,CC BY 4.0,tige_gaine,rhizoctone,,,,,1
ml/data/raw/dhan_shomadhan/Dhan-Shomadhan/Field Background/Sheath Blight/sbf_34.jpg,f30a5d2353c6a787a59251f53c948d9c97b314397beb942dc427f1dc1383281a,ml/data/raw/dhan_shomadhan/Dhan-Shomadhan/Field Background/Sheath Blight/sbf_34.jpg,CC BY 4.0,tige_gaine,rhizoctone,,,,,1
ml/data/raw/dhan_shomadhan/Dhan-Shomadhan/Field Background/Sheath Blight/sbf_35.jpg,67e217571b7f8c97f9956ead30129e9807e9de74672b97d68b11bc66cf202725,ml/data/raw/dhan_shomadhan/Dhan-Shomadhan/Field Background/Sheath Blight/sbf_35.jpg,CC BY 4.0,tige_gaine,rhizoctone,,,,,1
ml/data/raw/dhan_shomadhan/Dhan-Shomadhan/Field Background/Sheath Blight/sbf_36.jpg,3a9bacba265f12c45a4f615acf77fe4c507682e2201d9025bd495f4826db0a90,ml/data/raw/dhan_shomadhan/Dhan-Shomadhan/Field Background/Sheath Blight/sbf_36.jpg,CC BY 4.0,tige_gaine,rhizoctone,,,,,1
ml/data/raw/dhan_shomadhan/Dhan-Shomadhan/Field Background/Sheath Blight/sbf_37.jpg,cbcc571f2e39c4f8946b65330834b6b540697a67598d31cfa9b3480fe0518add,ml/data/raw/dhan_shomadhan/Dhan-Shomadhan/Field Background/Sheath Blight/sbf_37.jpg,CC BY 4.0,tige_gaine,rhizoctone,,,,,1
ml/data/raw/dhan_shomadhan/Dhan-Shomadhan/Field Background/Sheath Blight/sbf_38.jpg,3700a69f89c1bf8aa05344c9457a03d6e922ba955959a25816afcdd713f9808a,ml/data/raw/dhan_shomadhan/Dhan-Shomadhan/Field Background/Sheath Blight/sbf_38.jpg,CC BY 4.0,tige_gaine,rhizoctone,,,,,1
ml/data/raw/dhan_shomadhan/Dhan-Shomadhan/Field Background/Sheath Blight/sbf_39.jpg,3a32d17cfe93ba2a24c8ed7a01965e7e197004db8acc5bf0f0855a9b4f11f33a,ml/data/raw/dhan_shomadhan/Dhan-Shomadhan/Field Background/Sheath Blight/sbf_39.jpg,CC BY 4.0,tige_gaine,rhizoctone,,,,,1
ml/data/raw/dhan_shomadhan/Dhan-Shomadhan/Field Background/Sheath Blight/sbf_4.jpg,233ace70abfbabe89bb1939f32d53c84dbf6cb46667c02c6472c0d5f38a963b0,ml/data/raw/dhan_shomadhan/Dhan-Shomadhan/Field Background/Sheath Blight/sbf_4.jpg,CC BY 4.0,tige_gaine,rhizoctone,,,,,1
ml/data/raw/dhan_shomadhan/Dhan-Shomadhan/Field Background/Sheath Blight/sbf_40.jpg,691bf20861c08fcab9c4375c3d5fb88956203031cda5a517a4238547c59946cf,ml/data/raw/dhan_shomadhan/Dhan-Shomadhan/Field Background/Sheath Blight/sbf_40.jpg,CC BY 4.0,tige_gaine,rhizoctone,,,,,1
ml/data/raw/dhan_shomadhan/Dhan-Shomadhan/Field Background/Sheath Blight/sbf_41.jpg,39c92f744d9f47446363d957a83e592dc4f2e8e4d98d80acaac2a81206eb6605,ml/data/raw/dhan_shomadhan/Dhan-Shomadhan/Field Background/Sheath Blight/sbf_41.jpg,CC BY 4.0,tige_gaine,rhizoctone,,,,,1
ml/data/raw/dhan_shomadhan/Dhan-Shomadhan/Field Background/Sheath Blight/sbf_42.jpg,45125baaa3d7057758389f220e91303dfc3ee473d7d611e13e862933e2866fef,ml/data/raw/dhan_shomadhan/Dhan-Shomadhan/Field Background/Sheath Blight/sbf_42.jpg,CC BY 4.0,tige_gaine,rhizoctone,,,,,1
ml/data/raw/dhan_shomadhan/Dhan-Shomadhan/Field Background/Sheath Blight/sbf_43.jpg,64f7ae224afc081cf1ed5c3e3c3b89710343e758b3683069dbb1bcd494ba7317,ml/data/raw/dhan_shomadhan/Dhan-Shomadhan/Field Background/Sheath Blight/sbf_43.jpg,CC BY 4.0,tige_gaine,rhizoctone,,,,,1
ml/data/raw/dhan_shomadhan/Dhan-Shomadhan/Field Background/Sheath Blight/sbf_44.jpg,9eb7489e6db358474df4e6542c995fda4eafaa79c087c4a854e54b107e741a67,ml/data/raw/dhan_shomadhan/Dhan-Shomadhan/Field Background/Sheath Blight/sbf_44.jpg,CC BY 4.0,tige_gaine,rhizoctone,,,,,1
ml/data/raw/dhan_shomadhan/Dhan-Shomadhan/Field Background/Sheath Blight/sbf_45.jpg,383c8de0d1c2ff2e483f012b34660255f398fa89fcd1ae6bff66b4cd577209f8,ml/data/raw/dhan_shomadhan/Dhan-Shomadhan/Field Background/Sheath Blight/sbf_45.jpg,CC BY 4.0,tige_gaine,rhizoctone,,,,,1
ml/data/raw/dhan_shomadhan/Dhan-Shomadhan/Field Background/Sheath Blight/sbf_46.jpg,26cb3990d01b5160c3a8cb4139bfb226d9e18dd23f692d39f6d0ea477c5026de,ml/data/raw/dhan_shomadhan/Dhan-Shomadhan/Field Background/Sheath Blight/sbf_46.jpg,CC BY 4.0,tige_gaine,rhizoctone,,,,,1
ml/data/raw/dhan_shomadhan/Dhan-Shomadhan/Field Background/Sheath Blight/sbf_47.jpg,009acc9911a949c06100266f5d27be2a6464866f94ee911145199fd871a27219,ml/data/raw/dhan_shomadhan/Dhan-Shomadhan/Field Background/Sheath Blight/sbf_47.jpg,CC BY 4.0,tige_gaine,rhizoctone,,,,,1
ml/data/raw/dhan_shomadhan/Dhan-Shomadhan/Field Background/Sheath Blight/sbf_48.jpg,c16819e36f2fc376404e71dde9cc7b9cf4bd61ea7f95f72e0ea13f604786cc22,ml/data/raw/dhan_shomadhan/Dhan-Shomadhan/Field Background/Sheath Blight/sbf_48.jpg,CC BY 4.0,tige_gaine,rhizoctone,,,,,1
ml/data/raw/dhan_shomadhan/Dhan-Shomadhan/Field Background/Sheath Blight/sbf_49.jpg,9d38bcf56ba5248f431e45e438aaee6a63f2ca13b8c7609c5b2fa10562e7aeea,ml/data/raw/dhan_shomadhan/Dhan-Shomadhan/Field Background/Sheath Blight/sbf_49.jpg,CC BY 4.0,tige_gaine,rhizoctone,,,,,1
ml/data/raw/dhan_shomadhan/Dhan-Shomadhan/Field Background/Sheath Blight/sbf_5.jpg,49b1378876fdd0ea6c28bf1b0d6827ebbb9f6c32bfa38c9e99042c750c7f2d17,ml/data/raw/dhan_shomadhan/Dhan-Shomadhan/Field Background/Sheath Blight/sbf_5.jpg,CC BY 4.0,tige_gaine,rhizoctone,,,,,1
ml/data/raw/dhan_shomadhan/Dhan-Shomadhan/Field Background/Sheath Blight/sbf_50.jpg,4c9bbeba8cf499f5ee530ab83696b4c87d73bf996d9cecd74a796c2aba343705,ml/data/raw/dhan_shomadhan/Dhan-Shomadhan/Field Background/Sheath Blight/sbf_50.jpg,CC BY 4.0,tige_gaine,rhizoctone,,,,,1
ml/data/raw/dhan_shomadhan/Dhan-Shomadhan/Field Background/Sheath Blight/sbf_51.jpg,7a1b64bd6defe432641dc5e232d561fe75a3d2069e4ec402a7a05a12fc5bbd87,ml/data/raw/dhan_shomadhan/Dhan-Shomadhan/Field Background/Sheath Blight/sbf_51.jpg,CC BY 4.0,tige_gaine,rhizoctone,,,,,1
ml/data/raw/dhan_shomadhan/Dhan-Shomadhan/Field Background/Sheath Blight/sbf_52.jpg,53007723ee368055ff1f17657cb851e7772ad1c9a1ae6ddb237a55c162e2aff5,ml/data/raw/dhan_shomadhan/Dhan-Shomadhan/Field Background/Sheath Blight/sbf_52.jpg,CC BY 4.0,tige_gaine,rhizoctone,,,,,1
ml/data/raw/dhan_shomadhan/Dhan-Shomadhan/Field Background/Sheath Blight/sbf_53.jpg,2ca57a1c9f80393344cc1f5eb8f733e62eaead2dc7fa9a595b816679f0f6b761,ml/data/raw/dhan_shomadhan/Dhan-Shomadhan/Field Background/Sheath Blight/sbf_53.jpg,CC BY 4.0,tige_gaine,rhizoctone,,,,,1
ml/data/raw/dhan_shomadhan/Dhan-Shomadhan/Field Background/Sheath Blight/sbf_54.jpg,eddeb6f99f6994e429e6e05bfc6ffcac61a39192cb5d8c722ad1bbfe7d1cec99,ml/data/raw/dhan_shomadhan/Dhan-Shomadhan/Field Background/Sheath Blight/sbf_54.jpg,CC BY 4.0,tige_gaine,rhizoctone,,,,,1
ml/data/raw/dhan_shomadhan/Dhan-Shomadhan/Field Background/Sheath Blight/sbf_55.jpg,8c35547e1d4b3ee09346e25feb8d78603f136942869dc75550dd860a54df6ccd,ml/data/raw/dhan_shomadhan/Dhan-Shomadhan/Field Background/Sheath Blight/sbf_55.jpg,CC BY 4.0,tige_gaine,rhizoctone,,,,,1
ml/data/raw/dhan_shomadhan/Dhan-Shomadhan/Field Background/Sheath Blight/sbf_56.jpg,01a95edbaa95da6c0ef6f9b1d00638ac8c056095a7de648299889b065c58451f,ml/data/raw/dhan_shomadhan/Dhan-Shomadhan/Field Background/Sheath Blight/sbf_56.jpg,CC BY 4.0,tige_gaine,rhizoctone,,,,,1
ml/data/raw/dhan_shomadhan/Dhan-Shomadhan/Field Background/Sheath Blight/sbf_57.jpg,81f8a62931095aec596e00b64c67939b1e74575d4e98217266d8a7d0de9d73ec,ml/data/raw/dhan_shomadhan/Dhan-Shomadhan/Field Background/Sheath Blight/sbf_57.jpg,CC BY 4.0,tige_gaine,rhizoctone,,,,,1
ml/data/raw/dhan_shomadhan/Dhan-Shomadhan/Field Background/Sheath Blight/sbf_58.jpg,1c8459a995abf382ead14a8b721cdc6040eb8a7f7d380d4b874213ea94e04d0c,ml/data/raw/dhan_shomadhan/Dhan-Shomadhan/Field Background/Sheath Blight/sbf_58.jpg,CC BY 4.0,tige_gaine,rhizoctone,,,,,1
ml/data/raw/dhan_shomadhan/Dhan-Shomadhan/Field Background/Sheath Blight/sbf_59.jpg,6a308ab06a23549ee4c7f7ff46d5e93e8839af6ea0c5d8b6682773f5a3ae34de,ml/data/raw/dhan_shomadhan/Dhan-Shomadhan/Field Background/Sheath Blight/sbf_59.jpg,CC BY 4.0,tige_gaine,rhizoctone,,,,,1
ml/data/raw/dhan_shomadhan/Dhan-Shomadhan/Field Background/Sheath Blight/sbf_6.jpg,a02c4601c62e2d1f4e2992513d67099471d195be386fda5a1ea8d6e6fe502099,ml/data/raw/dhan_shomadhan/Dhan-Shomadhan/Field Background/Sheath Blight/sbf_6.jpg,CC BY 4.0,tige_gaine,rhizoctone,,,,,1
ml/data/raw/dhan_shomadhan/Dhan-Shomadhan/Field Background/Sheath Blight/sbf_60.jpg,96c6df1b04d86f91b53360a8dc9016bcb6ed99c95724bc83d96129398b86d80e,ml/data/raw/dhan_shomadhan/Dhan-Shomadhan/Field Background/Sheath Blight/sbf_60.jpg,CC BY 4.0,tige_gaine,rhizoctone,,,,,1
ml/data/raw/dhan_shomadhan/Dhan-Shomadhan/Field Background/Sheath Blight/sbf_61.jpg,ac67ac14338079038fd5ab3f8d58ba99a83b02f37ea9d71bfd0fe241daae2191,ml/data/raw/dhan_shomadhan/Dhan-Shomadhan/Field Background/Sheath Blight/sbf_61.jpg,CC BY 4.0,tige_gaine,rhizoctone,,,,,1
ml/data/raw/dhan_shomadhan/Dhan-Shomadhan/Field Background/Sheath Blight/sbf_62.jpg,2702134f9afe00e25818d980847f884fe7f6ef1a623f762d733dd47681325875,ml/data/raw/dhan_shomadhan/Dhan-Shomadhan/Field Background/Sheath Blight/sbf_62.jpg,CC BY 4.0,tige_gaine,rhizoctone,,,,,1
ml/data/raw/dhan_shomadhan/Dhan-Shomadhan/Field Background/Sheath Blight/sbf_63.jpg,147dc31366410790c619333a5ed8dfcf1494fe82ced33e5d70eefb2790c1016d,ml/data/raw/dhan_shomadhan/Dhan-Shomadhan/Field Background/Sheath Blight/sbf_63.jpg,CC BY 4.0,tige_gaine,rhizoctone,,,,,1
ml/data/raw/dhan_shomadhan/Dhan-Shomadhan/Field Background/Sheath Blight/sbf_7.jpg,546b279d6fa115c50b2333cac18e6630d19b94bf0beb37025d6bfdb7a5c3b7f4,ml/data/raw/dhan_shomadhan/Dhan-Shomadhan/Field Background/Sheath Blight/sbf_7.jpg,CC BY 4.0,tige_gaine,rhizoctone,,,,,1
ml/data/raw/dhan_shomadhan/Dhan-Shomadhan/Field Background/Sheath Blight/sbf_8.jpg,805e589ad5a988824932df48c2bf5cbf1ed10c108cc71a5992f19ba188a2257c,ml/data/raw/dhan_shomadhan/Dhan-Shomadhan/Field Background/Sheath Blight/sbf_8.jpg,CC BY 4.0,tige_gaine,rhizoctone,,,,,1
ml/data/raw/dhan_shomadhan/Dhan-Shomadhan/Field Background/Sheath Blight/sbf_9.jpg,5a6536e783756404fc9bb10d20933cb6b1a62d3b8b3cdb783f78155905c8743f,ml/data/raw/dhan_shomadhan/Dhan-Shomadhan/Field Background/Sheath Blight/sbf_9.jpg,CC BY 4.0,tige_gaine,rhizoctone,,,,,1
ml/data/raw/dhan_shomadhan/Dhan-Shomadhan/White Background/Brown Spot/bs_wb_0.jpg,2921c1332eb2df9efad8a14d2ea0d98c58ab176c23e5c9dd1392e0156069ce84,ml/data/raw/dhan_shomadhan/Dhan-Shomadhan/White Background/Brown Spot/bs_wb_0.jpg,CC BY 4.0,feuille,helminthosporiose,,,,,1
ml/data/raw/dhan_shomadhan/Dhan-Shomadhan/White Background/Brown Spot/bs_wb_1.jpg,6eab080c42c94a3c301e0d190894421c2414c8580f6ded21c0b18c10dd35adec,ml/data/raw/dhan_shomadhan/Dhan-Shomadhan/White Background/Brown Spot/bs_wb_1.jpg,CC BY 4.0,feuille,helminthosporiose,,,,,1
ml/data/raw/dhan_shomadhan/Dhan-Shomadhan/White Background/Brown Spot/bs_wb_10.jpg,8efba9da4100c8517037ae4fde72eb658a4caa179a8e79dfa6f2cbd986baa8c8,ml/data/raw/dhan_shomadhan/Dhan-Shomadhan/White Background/Brown Spot/bs_wb_10.jpg,CC BY 4.0,feuille,helminthosporiose,,,,,1
ml/data/raw/dhan_shomadhan/Dhan-Shomadhan/White Background/Brown Spot/bs_wb_11.jpg,6ff93838ee8ee5ea09efa922cb0da7715f52eabc4b686d25f34fb59efd2c3b44,ml/data/raw/dhan_shomadhan/Dhan-Shomadhan/White Background/Brown Spot/bs_wb_11.jpg,CC BY 4.0,feuille,helminthosporiose,,,,,1
ml/data/raw/dhan_shomadhan/Dhan-Shomadhan/White Background/Brown Spot/bs_wb_12.jpg,3633dcec6075bbed9701e66635ca9d7f2004759cd4cd274af61c317d65d14530,ml/data/raw/dhan_shomadhan/Dhan-Shomadhan/White Background/Brown Spot/bs_wb_12.jpg,CC BY 4.0,feuille,helminthosporiose,,,,,1
ml/data/raw/dhan_shomadhan/Dhan-Shomadhan/White Background/Brown Spot/bs_wb_13.jpg,8f64e08875a346d93569cc167b871498176cf308ac71b06eb4a5b07b045997a1,ml/data/raw/dhan_shomadhan/Dhan-Shomadhan/White Background/Brown Spot/bs_wb_13.jpg,CC BY 4.0,feuille,helminthosporiose,,,,,1
ml/data/raw/dhan_shomadhan/Dhan-Shomadhan/White Background/Brown Spot/bs_wb_14.jpg,5a2fbdf6ee795cd36233786f3043bfc40944248f9e50efb38be0937f9cd966db,ml/data/raw/dhan_shomadhan/Dhan-Shomadhan/White Background/Brown Spot/bs_wb_14.jpg,CC BY 4.0,feuille,helminthosporiose,,,,,1
ml/data/raw/dhan_shomadhan/Dhan-Shomadhan/White Background/Brown Spot/bs_wb_15.jpg,eb1b95e61fe82daf53fd0f47a0fb15737178ce7804365ade5475d0c7e6da9d75,ml/data/raw/dhan_shomadhan/Dhan-Shomadhan/White Background/Brown Spot/bs_wb_15.jpg,CC BY 4.0,feuille,helminthosporiose,,,,,1
ml/data/raw/dhan_shomadhan/Dhan-Shomadhan/White Background/Brown Spot/bs_wb_16.jpg,1a35e1b4a37a95b41e8a08309cf882b76919cd69f64dd7e7337787e98e2c12d2,ml/data/raw/dhan_shomadhan/Dhan-Shomadhan/White Background/Brown Spot/bs_wb_16.jpg,CC BY 4.0,feuille,helminthosporiose,,,,,1
ml/data/raw/dhan_shomadhan/Dhan-Shomadhan/White Background/Brown Spot/bs_wb_17.jpg,34080151b2b5ebab2f20309317c197ae776eb52d512a94bce78de3915c87bd70,ml/data/raw/dhan_shomadhan/Dhan-Shomadhan/White Background/Brown Spot/bs_wb_17.jpg,CC BY 4.0,feuille,helminthosporiose,,,,,1
ml/data/raw/dhan_shomadhan/Dhan-Shomadhan/White Background/Brown Spot/bs_wb_18.jpg,a1533027e792c5147444d5e35195de5d21457d046de3790e82b5645f3d7f0931,ml/data/raw/dhan_shomadhan/Dhan-Shomadhan/White Background/Brown Spot/bs_wb_18.jpg,CC BY 4.0,feuille,helminthosporiose,,,,,1
ml/data/raw/dhan_shomadhan/Dhan-Shomadhan/White Background/Brown Spot/bs_wb_19.jpg,66af7d5aa82ab6579631f8a2d2285afcfdc1705b351a3f81e982df3c86fabf0e,ml/data/raw/dhan_shomadhan/Dhan-Shomadhan/White Background/Brown Spot/bs_wb_19.jpg,CC BY 4.0,feuille,helminthosporiose,,,,,1
ml/data/raw/dhan_shomadhan/Dhan-Shomadhan/White Background/Brown Spot/bs_wb_2.jpg,a9d2b4cca416709e03bc9df5836a31a6cd154fc12c31680eebb80a02f19962ff,ml/data/raw/dhan_shomadhan/Dhan-Shomadhan/White Background/Brown Spot/bs_wb_2.jpg,CC BY 4.0,feuille,helminthosporiose,,,,,1
ml/data/raw/dhan_shomadhan/Dhan-Shomadhan/White Background/Brown Spot/bs_wb_20.jpg,1fe3c1de686b44cf013da5ea8b678466da9a8ef9527e4b1797970fcd2e876966,ml/data/raw/dhan_shomadhan/Dhan-Shomadhan/White Background/Brown Spot/bs_wb_20.jpg,CC BY 4.0,feuille,helminthosporiose,,,,,1
ml/data/raw/dhan_shomadhan/Dhan-Shomadhan/White Background/Brown Spot/bs_wb_21.jpg,8a7293b44b58d8c7e014bfb6abdc9f9c4674dbc73adb1384003ca2a99d1db307,ml/data/raw/dhan_shomadhan/Dhan-Shomadhan/White Background/Brown Spot/bs_wb_21.jpg,CC BY 4.0,feuille,helminthosporiose,,,,,1
ml/data/raw/dhan_shomadhan/Dhan-Shomadhan/White Background/Brown Spot/bs_wb_22.jpg,d5eebaab5c33c9230a57b81e4ecb149767aed5909776d176cd5b6bc062511fca,ml/data/raw/dhan_shomadhan/Dhan-Shomadhan/White Background/Brown Spot/bs_wb_22.jpg,CC BY 4.0,feuille,helminthosporiose,,,,,1
ml/data/raw/dhan_shomadhan/Dhan-Shomadhan/White Background/Brown Spot/bs_wb_23.jpg,583a038c9467b2b6e1fa10867245347acbabb1e3ba534d1c4ab00e7136bf6011,ml/data/raw/dhan_shomadhan/Dhan-Shomadhan/White Background/Brown Spot/bs_wb_23.jpg,CC BY 4.0,feuille,helminthosporiose,,,,,1
ml/data/raw/dhan_shomadhan/Dhan-Shomadhan/White Background/Brown Spot/bs_wb_24.jpg,81122c4a32d9b40e9eec4c237b8660631620c9c1522e9d329a27725941bf7c85,ml/data/raw/dhan_shomadhan/Dhan-Shomadhan/White Background/Brown Spot/bs_wb_24.jpg,CC BY 4.0,feuille,helminthosporiose,,,,,1
ml/data/raw/dhan_shomadhan/Dhan-Shomadhan/White Background/Brown Spot/bs_wb_25.jpg,bf524c7d3e02e899a8d30e6c442d7de889d27ff45e2ed306decf18e008e890a3,ml/data/raw/dhan_shomadhan/Dhan-Shomadhan/White Background/Brown Spot/bs_wb_25.jpg,CC BY 4.0,feuille,helminthosporiose,,,,,1
ml/data/raw/dhan_shomadhan/Dhan-Shomadhan/White Background/Brown Spot/bs_wb_26.jpg,4d76989c52e53398c73831e33d52ed5af9f6c57349b1620406d48be0f79a968d,ml/data/raw/dhan_shomadhan/Dhan-Shomadhan/White Background/Brown Spot/bs_wb_26.jpg,CC BY 4.0,feuille,helminthosporiose,,,,,1
ml/data/raw/dhan_shomadhan/Dhan-Shomadhan/White Background/Brown Spot/bs_wb_27.jpg,6b8dff0ce34fd96e60fc319ade03c82982472102df2baf46d904fb736220abaf,ml/data/raw/dhan_shomadhan/Dhan-Shomadhan/White Background/Brown Spot/bs_wb_27.jpg,CC BY 4.0,feuille,helminthosporiose,,,,,1
ml/data/raw/dhan_shomadhan/Dhan-Shomadhan/White Background/Brown Spot/bs_wb_28.jpg,037d0f75b94a544421536b6f13d6fd407dcdc629d2d71269dca3362ab3377542,ml/data/raw/dhan_shomadhan/Dhan-Shomadhan/White Background/Brown Spot/bs_wb_28.jpg,CC BY 4.0,feuille,helminthosporiose,,,,,1
ml/data/raw/dhan_shomadhan/Dhan-Shomadhan/White Background/Brown Spot/bs_wb_29.jpg,17b58f31572decfad99c4ebe8259f3a89f6901049d6d2414ba1b1c1bb13ea6e1,ml/data/raw/dhan_shomadhan/Dhan-Shomadhan/White Background/Brown Spot/bs_wb_29.jpg,CC BY 4.0,feuille,helminthosporiose,,,,,1
ml/data/raw/dhan_shomadhan/Dhan-Shomadhan/White Background/Brown Spot/bs_wb_3.jpg,746f3b26c00dcf3f39651d8004437f57a3a1cb93e194dd1c56bf7ec6c481fef7,ml/data/raw/dhan_shomadhan/Dhan-Shomadhan/White Background/Brown Spot/bs_wb_3.jpg,CC BY 4.0,feuille,helminthosporiose,,,,,1
ml/data/raw/dhan_shomadhan/Dhan-Shomadhan/White Background/Brown Spot/bs_wb_30.jpg,a8b573659321d52199c6e2453f934cfcbb11c63b84ccb9baf08c3c76c749e730,ml/data/raw/dhan_shomadhan/Dhan-Shomadhan/White Background/Brown Spot/bs_wb_30.jpg,CC BY 4.0,feuille,helminthosporiose,,,,,1
ml/data/raw/dhan_shomadhan/Dhan-Shomadhan/White Background/Brown Spot/bs_wb_31.jpg,54238f13cb100dd8e7915bbb1ee32c1cd987da28af251a11f420b0f2668dc937,ml/data/raw/dhan_shomadhan/Dhan-Shomadhan/White Background/Brown Spot/bs_wb_31.jpg,CC BY 4.0,feuille,helminthosporiose,,,,,1
ml/data/raw/dhan_shomadhan/Dhan-Shomadhan/White Background/Brown Spot/bs_wb_32.jpg,1f0fcf3102de8415bd15667cca61bd377e1651a51b37a8113e0379af19f0e0fc,ml/data/raw/dhan_shomadhan/Dhan-Shomadhan/White Background/Brown Spot/bs_wb_32.jpg,CC BY 4.0,feuille,helminthosporiose,,,,,1
ml/data/raw/dhan_shomadhan/Dhan-Shomadhan/White Background/Brown Spot/bs_wb_33.jpg,a3d545bf8c0bc2915b153ad779866b9324fac9b06abec971bb67a38418339b0f,ml/data/raw/dhan_shomadhan/Dhan-Shomadhan/White Background/Brown Spot/bs_wb_33.jpg,CC BY 4.0,feuille,helminthosporiose,,,,,1
ml/data/raw/dhan_shomadhan/Dhan-Shomadhan/White Background/Brown Spot/bs_wb_34.jpg,f98adf4dc7513eb9eef143bf5f818c7846cd5f56fd64369e4cf9e55d88b1a31b,ml/data/raw/dhan_shomadhan/Dhan-Shomadhan/White Background/Brown Spot/bs_wb_34.jpg,CC BY 4.0,feuille,helminthosporiose,,,,,1
ml/data/raw/dhan_shomadhan/Dhan-Shomadhan/White Background/Brown Spot/bs_wb_35.jpg,e409b3105e94d6d6cbbdf7fb6921bcade26ef7d64714b866fde2484a213ea7f7,ml/data/raw/dhan_shomadhan/Dhan-Shomadhan/White Background/Brown Spot/bs_wb_35.jpg,CC BY 4.0,feuille,helminthosporiose,,,,,1
ml/data/raw/dhan_shomadhan/Dhan-Shomadhan/White Background/Brown Spot/bs_wb_36.jpg,9a026d4fbf734c61ed7c2a07fa77fc28aac9068a2148e1f1e9518e630d874b53,ml/data/raw/dhan_shomadhan/Dhan-Shomadhan/White Background/Brown Spot/bs_wb_36.jpg,CC BY 4.0,feuille,helminthosporiose,,,,,1
ml/data/raw/dhan_shomadhan/Dhan-Shomadhan/White Background/Brown Spot/bs_wb_37.jpg,5cc3fe65336427ed1f0f8c992d31b4e60c32c23700f6beddf48b7688b30114bd,ml/data/raw/dhan_shomadhan/Dhan-Shomadhan/White Background/Brown Spot/bs_wb_37.jpg,CC BY 4.0,feuille,helminthosporiose,,,,,1
ml/data/raw/dhan_shomadhan/Dhan-Shomadhan/White Background/Brown Spot/bs_wb_38.jpg,04b3acc1901a27e16dfbdeca3c98dcc0a3876c1e197df1f89b8a471f0e1461df,ml/data/raw/dhan_shomadhan/Dhan-Shomadhan/White Background/Brown Spot/bs_wb_38.jpg,CC BY 4.0,feuille,helminthosporiose,,,,,1
ml/data/raw/dhan_shomadhan/Dhan-Shomadhan/White Background/Brown Spot/bs_wb_39.jpg,542ccee87c6135a94d74e9e9e0781199cd4c328b81312cc4880f36a2fd9cff2c,ml/data/raw/dhan_shomadhan/Dhan-Shomadhan/White Background/Brown Spot/bs_wb_39.jpg,CC BY 4.0,feuille,helminthosporiose,,,,,1
ml/data/raw/dhan_shomadhan/Dhan-Shomadhan/White Background/Brown Spot/bs_wb_4.jpg,b6b0aafccb4983ed9e40705876b45a9f1f4ff58352a46751fac176ba63512f8a,ml/data/raw/dhan_shomadhan/Dhan-Shomadhan/White Background/Brown Spot/bs_wb_4.jpg,CC BY 4.0,feuille,helminthosporiose,,,,,1
ml/data/raw/dhan_shomadhan/Dhan-Shomadhan/White Background/Brown Spot/bs_wb_40.jpg,45587dbf568dd033103d2e08f6b6507527d63adba902cb86c815340c751c0234,ml/data/raw/dhan_shomadhan/Dhan-Shomadhan/White Background/Brown Spot/bs_wb_40.jpg,CC BY 4.0,feuille,helminthosporiose,,,,,1
ml/data/raw/dhan_shomadhan/Dhan-Shomadhan/White Background/Brown Spot/bs_wb_41.jpg,9f8b969389d1de56eb343b6701bb44f9f4f07910b7c3e7449d2aa9947e133d08,ml/data/raw/dhan_shomadhan/Dhan-Shomadhan/White Background/Brown Spot/bs_wb_41.jpg,CC BY 4.0,feuille,helminthosporiose,,,,,1
ml/data/raw/dhan_shomadhan/Dhan-Shomadhan/White Background/Brown Spot/bs_wb_42.jpg,bad76b6512fd0a21fd2e8c24db51de5aaae32514fd3456cf865a661df4040c2f,ml/data/raw/dhan_shomadhan/Dhan-Shomadhan/White Background/Brown Spot/bs_wb_42.jpg,CC BY 4.0,feuille,helminthosporiose,,,,,1
ml/data/raw/dhan_shomadhan/Dhan-Shomadhan/White Background/Brown Spot/bs_wb_43.jpg,0ab499b003957f50f6f8948e8660f1952fa888fa88ad3df2af4e50276bb91ac3,ml/data/raw/dhan_shomadhan/Dhan-Shomadhan/White Background/Brown Spot/bs_wb_43.jpg,CC BY 4.0,feuille,helminthosporiose,,,,,1
ml/data/raw/dhan_shomadhan/Dhan-Shomadhan/White Background/Brown Spot/bs_wb_44.jpg,1471c5970d5c76f0f0a6eb7e20b49ce1c7ec5626d3778c8ac46c73bcd38b09c1,ml/data/raw/dhan_shomadhan/Dhan-Shomadhan/White Background/Brown Spot/bs_wb_44.jpg,CC BY 4.0,feuille,helminthosporiose,,,,,1
ml/data/raw/dhan_shomadhan/Dhan-Shomadhan/White Background/Brown Spot/bs_wb_45.jpg,0c32cc444ae3e7482796ecb0f8c99cfcdd0ecc42014d43ee8b170a984b745e81,ml/data/raw/dhan_shomadhan/Dhan-Shomadhan/White Background/Brown Spot/bs_wb_45.jpg,CC BY 4.0,feuille,helminthosporiose,,,,,1
ml/data/raw/dhan_shomadhan/Dhan-Shomadhan/White Background/Brown Spot/bs_wb_46.jpg,bf75384a9e48679b43906d0c8146b8972e432e1fd17d58ace77f2d263cc0eb69,ml/data/raw/dhan_shomadhan/Dhan-Shomadhan/White Background/Brown Spot/bs_wb_46.jpg,CC BY 4.0,feuille,helminthosporiose,,,,,1
ml/data/raw/dhan_shomadhan/Dhan-Shomadhan/White Background/Brown Spot/bs_wb_47.jpg,f23f0198b7e3e4fe70435fdc0d5a5cc5b98bcecf9af228b4bc49d611a20944d5,ml/data/raw/dhan_shomadhan/Dhan-Shomadhan/White Background/Brown Spot/bs_wb_47.jpg,CC BY 4.0,feuille,helminthosporiose,,,,,1
ml/data/raw/dhan_shomadhan/Dhan-Shomadhan/White Background/Brown Spot/bs_wb_48.jpg,caf5ac22ddd33cd5fb3a94b9d613080256a261e716bf6e6d3a01adcab8ad43f4,ml/data/raw/dhan_shomadhan/Dhan-Shomadhan/White Background/Brown Spot/bs_wb_48.jpg,CC BY 4.0,feuille,helminthosporiose,,,,,1
ml/data/raw/dhan_shomadhan/Dhan-Shomadhan/White Background/Brown Spot/bs_wb_49.jpg,b41b70f5671de2098756f7bb78a4c4ee080916b976dcbc7ca66ea6264c32cdeb,ml/data/raw/dhan_shomadhan/Dhan-Shomadhan/White Background/Brown Spot/bs_wb_49.jpg,CC BY 4.0,feuille,helminthosporiose,,,,,1
ml/data/raw/dhan_shomadhan/Dhan-Shomadhan/White Background/Brown Spot/bs_wb_5.jpg,95ab413c29d753b907b868fb032f1e4ee7f724ba9bfacd1a7e385579f8ab5147,ml/data/raw/dhan_shomadhan/Dhan-Shomadhan/White Background/Brown Spot/bs_wb_5.jpg,CC BY 4.0,feuille,helminthosporiose,,,,,1
ml/data/raw/dhan_shomadhan/Dhan-Shomadhan/White Background/Brown Spot/bs_wb_50.jpg,ace12ab01f1319aee0fa5051957d498788ab4cad7878e0d187af4bbb8cf1d873,ml/data/raw/dhan_shomadhan/Dhan-Shomadhan/White Background/Brown Spot/bs_wb_50.jpg,CC BY 4.0,feuille,helminthosporiose,,,,,1
ml/data/raw/dhan_shomadhan/Dhan-Shomadhan/White Background/Brown Spot/bs_wb_51.jpg,bf622d7b80e876a447dd227f0c34a71cd966a6b33d357b1cf597879f6f105f3e,ml/data/raw/dhan_shomadhan/Dhan-Shomadhan/White Background/Brown Spot/bs_wb_51.jpg,CC BY 4.0,feuille,helminthosporiose,,,,,1
ml/data/raw/dhan_shomadhan/Dhan-Shomadhan/White Background/Brown Spot/bs_wb_52.jpg,738adc2de93f993a197d207c07a64b1549deb619747d62e8140c0ae6e81be018,ml/data/raw/dhan_shomadhan/Dhan-Shomadhan/White Background/Brown Spot/bs_wb_52.jpg,CC BY 4.0,feuille,helminthosporiose,,,,,1
ml/data/raw/dhan_shomadhan/Dhan-Shomadhan/White Background/Brown Spot/bs_wb_53.jpg,b0e680bf3e90559faf12e68b5ef5ac618fb9842154e8e7d353f652947a0a8c22,ml/data/raw/dhan_shomadhan/Dhan-Shomadhan/White Background/Brown Spot/bs_wb_53.jpg,CC BY 4.0,feuille,helminthosporiose,,,,,1
ml/data/raw/dhan_shomadhan/Dhan-Shomadhan/White Background/Brown Spot/bs_wb_54.jpg,a81ed8e0256ed52967bc692b01b174e7c460e8fb1cb1e15bf1e674943095d425,ml/data/raw/dhan_shomadhan/Dhan-Shomadhan/White Background/Brown Spot/bs_wb_54.jpg,CC BY 4.0,feuille,helminthosporiose,,,,,1
ml/data/raw/dhan_shomadhan/Dhan-Shomadhan/White Background/Brown Spot/bs_wb_55.jpg,a2ad86ac8e806beecbe66425bf12ea2fd6639cd8baa5dbe6ec6fd395dc3adf47,ml/data/raw/dhan_shomadhan/Dhan-Shomadhan/White Background/Brown Spot/bs_wb_55.jpg,CC BY 4.0,feuille,helminthosporiose,,,,,1
ml/data/raw/dhan_shomadhan/Dhan-Shomadhan/White Background/Brown Spot/bs_wb_56.jpg,fb5822ce0f7793818591f27546e1c7dcc27b1cc295b87642e05414f44c5aec1e,ml/data/raw/dhan_shomadhan/Dhan-Shomadhan/White Background/Brown Spot/bs_wb_56.jpg,CC BY 4.0,feuille,helminthosporiose,,,,,1
ml/data/raw/dhan_shomadhan/Dhan-Shomadhan/White Background/Brown Spot/bs_wb_57.jpg,8a4570a49c4770b0ffb6001064fb290696112be8942568f7a6208d1f5dea144f,ml/data/raw/dhan_shomadhan/Dhan-Shomadhan/White Background/Brown Spot/bs_wb_57.jpg,CC BY 4.0,feuille,helminthosporiose,,,,,1
ml/data/raw/dhan_shomadhan/Dhan-Shomadhan/White Background/Brown Spot/bs_wb_58.jpg,275f88f5b3fc1dcdcc5aaeaa4f806858e7e056f9ed5d769b60faee85e3a721ed,ml/data/raw/dhan_shomadhan/Dhan-Shomadhan/White Background/Brown Spot/bs_wb_58.jpg,CC BY 4.0,feuille,helminthosporiose,,,,,1
ml/data/raw/dhan_shomadhan/Dhan-Shomadhan/White Background/Brown Spot/bs_wb_59.jpg,601df7dd5f20a3c2a4f29b8957ad51812f1881883c18bd6645d950d63eef7ec9,ml/data/raw/dhan_shomadhan/Dhan-Shomadhan/White Background/Brown Spot/bs_wb_59.jpg,CC BY 4.0,feuille,helminthosporiose,,,,,1
ml/data/raw/dhan_shomadhan/Dhan-Shomadhan/White Background/Brown Spot/bs_wb_6.jpg,1390279032e7acbc0c0cf7a722d543a900b2aa72e6e4dfce86f9ec3872f7d469,ml/data/raw/dhan_shomadhan/Dhan-Shomadhan/White Background/Brown Spot/bs_wb_6.jpg,CC BY 4.0,feuille,helminthosporiose,,,,,1
ml/data/raw/dhan_shomadhan/Dhan-Shomadhan/White Background/Brown Spot/bs_wb_60.jpg,3a662a2585762f337adfaa71b9fb8bf8e60a5c83be076fc6e4e65ab7fd42ecd5,ml/data/raw/dhan_shomadhan/Dhan-Shomadhan/White Background/Brown Spot/bs_wb_60.jpg,CC BY 4.0,feuille,helminthosporiose,,,,,1
ml/data/raw/dhan_shomadhan/Dhan-Shomadhan/White Background/Brown Spot/bs_wb_61.jpg,065fe8c40865d0b23f3324bcd9e7208ae3f8eddf0b91d4a4c04fb4ab3a221a07,ml/data/raw/dhan_shomadhan/Dhan-Shomadhan/White Background/Brown Spot/bs_wb_61.jpg,CC BY 4.0,feuille,helminthosporiose,,,,,1
ml/data/raw/dhan_shomadhan/Dhan-Shomadhan/White Background/Brown Spot/bs_wb_62.jpg,18a31576cc3f2f91fd389927a8b342bf4b9eef07df82c1cf4cfdb6f796808b6c,ml/data/raw/dhan_shomadhan/Dhan-Shomadhan/White Background/Brown Spot/bs_wb_62.jpg,CC BY 4.0,feuille,helminthosporiose,,,,,1
ml/data/raw/dhan_shomadhan/Dhan-Shomadhan/White Background/Brown Spot/bs_wb_63.jpg,05462ebbc9439fccfbf384652f870fc5214834633e73e29e4ba5b65b8017d6f4,ml/data/raw/dhan_shomadhan/Dhan-Shomadhan/White Background/Brown Spot/bs_wb_63.jpg,CC BY 4.0,feuille,helminthosporiose,,,,,1
ml/data/raw/dhan_shomadhan/Dhan-Shomadhan/White Background/Brown Spot/bs_wb_64.jpg,e4d9453e541cc09ff121cfa24cd37cf741abf4489e671b2c5757d3cba95c3c9b,ml/data/raw/dhan_shomadhan/Dhan-Shomadhan/White Background/Brown Spot/bs_wb_64.jpg,CC BY 4.0,feuille,helminthosporiose,,,,,1
ml/data/raw/dhan_shomadhan/Dhan-Shomadhan/White Background/Brown Spot/bs_wb_65.jpg,b92a1bd7258dacfede5541181b779e0676f6610a22578115359c1e1702ba679f,ml/data/raw/dhan_shomadhan/Dhan-Shomadhan/White Background/Brown Spot/bs_wb_65.jpg,CC BY 4.0,feuille,helminthosporiose,,,,,1
ml/data/raw/dhan_shomadhan/Dhan-Shomadhan/White Background/Brown Spot/bs_wb_66.jpg,55b9ab8e8f782d1dc4737253061e236c31e05a5919c1a0705510bab9c7a11490,ml/data/raw/dhan_shomadhan/Dhan-Shomadhan/White Background/Brown Spot/bs_wb_66.jpg,CC BY 4.0,feuille,helminthosporiose,,,,,1
ml/data/raw/dhan_shomadhan/Dhan-Shomadhan/White Background/Brown Spot/bs_wb_67.jpg,27d18ce558df2b47213bb020ac7ab5e53ce85ee52dab948f1340c16cfa16cfe0,ml/data/raw/dhan_shomadhan/Dhan-Shomadhan/White Background/Brown Spot/bs_wb_67.jpg,CC BY 4.0,feuille,helminthosporiose,,,,,1
ml/data/raw/dhan_shomadhan/Dhan-Shomadhan/White Background/Brown Spot/bs_wb_68.jpg,2577aab0fd8f6ea2bac610cd09f1a528d7a8f9a6c1de862247633e4ea43b0f93,ml/data/raw/dhan_shomadhan/Dhan-Shomadhan/White Background/Brown Spot/bs_wb_68.jpg,CC BY 4.0,feuille,helminthosporiose,,,,,1
ml/data/raw/dhan_shomadhan/Dhan-Shomadhan/White Background/Brown Spot/bs_wb_69.jpg,d8f98a7e1741b412deb20936f244599c5035567b15e67494d652e30411459514,ml/data/raw/dhan_shomadhan/Dhan-Shomadhan/White Background/Brown Spot/bs_wb_69.jpg,CC BY 4.0,feuille,helminthosporiose,,,,,1
ml/data/raw/dhan_shomadhan/Dhan-Shomadhan/White Background/Brown Spot/bs_wb_7.jpg,b4858faf4b1355d76e577aada3f7d238eff7e11138f5b5a1cc803dbf2db07b1b,ml/data/raw/dhan_shomadhan/Dhan-Shomadhan/White Background/Brown Spot/bs_wb_7.jpg,CC BY 4.0,feuille,helminthosporiose,,,,,1
ml/data/raw/dhan_shomadhan/Dhan-Shomadhan/White Background/Brown Spot/bs_wb_70.jpg,13acdbadbf8b1f89aeccde84d6b93003fd0529644129c4271ad0a1bcd11fed5b,ml/data/raw/dhan_shomadhan/Dhan-Shomadhan/White Background/Brown Spot/bs_wb_70.jpg,CC BY 4.0,feuille,helminthosporiose,,,,,1
ml/data/raw/dhan_shomadhan/Dhan-Shomadhan/White Background/Brown Spot/bs_wb_71.jpg,086a0513674facfadf8b321907694517e682a7c70490e7815a8e33d3fa7764af,ml/data/raw/dhan_shomadhan/Dhan-Shomadhan/White Background/Brown Spot/bs_wb_71.jpg,CC BY 4.0,feuille,helminthosporiose,,,,,1
ml/data/raw/dhan_shomadhan/Dhan-Shomadhan/White Background/Brown Spot/bs_wb_72.jpg,18dcbfa541787f8781174add19c7a64e8a2146813c98674d493083b9cd480dd4,ml/data/raw/dhan_shomadhan/Dhan-Shomadhan/White Background/Brown Spot/bs_wb_72.jpg,CC BY 4.0,feuille,helminthosporiose,,,,,1
ml/data/raw/dhan_shomadhan/Dhan-Shomadhan/White Background/Brown Spot/bs_wb_73.jpg,6ac39c33ab3981b8ca6baec229478ef58c49cfdb53d84281f4a2c6acc111d1b1,ml/data/raw/dhan_shomadhan/Dhan-Shomadhan/White Background/Brown Spot/bs_wb_73.jpg,CC BY 4.0,feuille,helminthosporiose,,,,,1
ml/data/raw/dhan_shomadhan/Dhan-Shomadhan/White Background/Brown Spot/bs_wb_74.jpg,6c7c6a380106733a86462d5a653c93f26a71377f4fc2f65c68736ce7fed6d5bf,ml/data/raw/dhan_shomadhan/Dhan-Shomadhan/White Background/Brown Spot/bs_wb_74.jpg,CC BY 4.0,feuille,helminthosporiose,,,,,1
ml/data/raw/dhan_shomadhan/Dhan-Shomadhan/White Background/Brown Spot/bs_wb_75.jpg,97f77fe0ee027f8177941023efb15fc1bd4964490bf8dad19568c6caf5eb0af0,ml/data/raw/dhan_shomadhan/Dhan-Shomadhan/White Background/Brown Spot/bs_wb_75.jpg,CC BY 4.0,feuille,helminthosporiose,,,,,1
ml/data/raw/dhan_shomadhan/Dhan-Shomadhan/White Background/Brown Spot/bs_wb_76.jpg,2816a065d4d2a3a422cb30fe0e105db2f17b1780e0643789bbdacaeccd0b7e0d,ml/data/raw/dhan_shomadhan/Dhan-Shomadhan/White Background/Brown Spot/bs_wb_76.jpg,CC BY 4.0,feuille,helminthosporiose,,,,,1
ml/data/raw/dhan_shomadhan/Dhan-Shomadhan/White Background/Brown Spot/bs_wb_77.jpg,0528ff7dbcd66837364f631c455e3757fc31977fb6497ea616023996df54cfc3,ml/data/raw/dhan_shomadhan/Dhan-Shomadhan/White Background/Brown Spot/bs_wb_77.jpg,CC BY 4.0,feuille,helminthosporiose,,,,,1
ml/data/raw/dhan_shomadhan/Dhan-Shomadhan/White Background/Brown Spot/bs_wb_78.jpg,00ef3b29e3b918c10f6fd283c2742efe47aef6e60a1440a79ac758d521e2eb44,ml/data/raw/dhan_shomadhan/Dhan-Shomadhan/White Background/Brown Spot/bs_wb_78.jpg,CC BY 4.0,feuille,helminthosporiose,,,,,1
ml/data/raw/dhan_shomadhan/Dhan-Shomadhan/White Background/Brown Spot/bs_wb_79.jpg,dbceeda84f4613a640df4d0534698379e1a6aad9cd9325d261fed0945f8a9800,ml/data/raw/dhan_shomadhan/Dhan-Shomadhan/White Background/Brown Spot/bs_wb_79.jpg,CC BY 4.0,feuille,helminthosporiose,,,,,1
ml/data/raw/dhan_shomadhan/Dhan-Shomadhan/White Background/Brown Spot/bs_wb_8.jpg,54569db77f2d0f193d9997c2c7903124e6c882a3fae331a06d7b4d3b0ac8e2a4,ml/data/raw/dhan_shomadhan/Dhan-Shomadhan/White Background/Brown Spot/bs_wb_8.jpg,CC BY 4.0,feuille,helminthosporiose,,,,,1
ml/data/raw/dhan_shomadhan/Dhan-Shomadhan/White Background/Brown Spot/bs_wb_80.jpg,6079a51ca8306a423468fa2f0ebee098c867e6e2ec8789df08824d05ea4f34c1,ml/data/raw/dhan_shomadhan/Dhan-Shomadhan/White Background/Brown Spot/bs_wb_80.jpg,CC BY 4.0,feuille,helminthosporiose,,,,,1
ml/data/raw/dhan_shomadhan/Dhan-Shomadhan/White Background/Brown Spot/bs_wb_81.jpg,fa4e2f5ba99e084e76b5032b35b632e842c99204a1ca7238a4bbaab14ebdce62,ml/data/raw/dhan_shomadhan/Dhan-Shomadhan/White Background/Brown Spot/bs_wb_81.jpg,CC BY 4.0,feuille,helminthosporiose,,,,,1
ml/data/raw/dhan_shomadhan/Dhan-Shomadhan/White Background/Brown Spot/bs_wb_82.jpg,5c1d75efb7c5a5b2d8fc7266947da4ae64ccc64ca7ac6ab64a2e8655270955e3,ml/data/raw/dhan_shomadhan/Dhan-Shomadhan/White Background/Brown Spot/bs_wb_82.jpg,CC BY 4.0,feuille,helminthosporiose,,,,,1
ml/data/raw/dhan_shomadhan/Dhan-Shomadhan/White Background/Brown Spot/bs_wb_83.jpg,0618f473e7c623c8687b7400641208fcb3046de56710fa3a3d8cbc6af28c9fb1,ml/data/raw/dhan_shomadhan/Dhan-Shomadhan/White Background/Brown Spot/bs_wb_83.jpg,CC BY 4.0,feuille,helminthosporiose,,,,,1
ml/data/raw/dhan_shomadhan/Dhan-Shomadhan/White Background/Brown Spot/bs_wb_84.jpg,8c964916c4d900c12d32e85248eea06003ba68934b394cb97548fdb151164ef8,ml/data/raw/dhan_shomadhan/Dhan-Shomadhan/White Background/Brown Spot/bs_wb_84.jpg,CC BY 4.0,feuille,helminthosporiose,,,,,1
ml/data/raw/dhan_shomadhan/Dhan-Shomadhan/White Background/Brown Spot/bs_wb_85.jpg,8c5b3c329341d772a713e7aeef50ff496bf7abbd98dbdb8b5bd1457e0440ae09,ml/data/raw/dhan_shomadhan/Dhan-Shomadhan/White Background/Brown Spot/bs_wb_85.jpg,CC BY 4.0,feuille,helminthosporiose,,,,,1
ml/data/raw/dhan_shomadhan/Dhan-Shomadhan/White Background/Brown Spot/bs_wb_86.jpg,5596754bf6ca390b09dc66e52a618ea025b917b057015e118fd28d6cfa7ff6da,ml/data/raw/dhan_shomadhan/Dhan-Shomadhan/White Background/Brown Spot/bs_wb_86.jpg,CC BY 4.0,feuille,helminthosporiose,,,,,1
ml/data/raw/dhan_shomadhan/Dhan-Shomadhan/White Background/Brown Spot/bs_wb_87.jpg,f7df737c6f9c018da21dc2e17505316a3a916d7e708faa046928d8b62bded053,ml/data/raw/dhan_shomadhan/Dhan-Shomadhan/White Background/Brown Spot/bs_wb_87.jpg,CC BY 4.0,feuille,helminthosporiose,,,,,1
ml/data/raw/dhan_shomadhan/Dhan-Shomadhan/White Background/Brown Spot/bs_wb_88.jpg,65431497d37cedd5cb8d15e5627206ee490be5375e2b662a8e1195d980b2e6bd,ml/data/raw/dhan_shomadhan/Dhan-Shomadhan/White Background/Brown Spot/bs_wb_88.jpg,CC BY 4.0,feuille,helminthosporiose,,,,,1
ml/data/raw/dhan_shomadhan/Dhan-Shomadhan/White Background/Brown Spot/bs_wb_89.jpg,9af9b90cf7aadde2f90029ab12fc74a28f06a911840b8a5bb955aa253d580e4f,ml/data/raw/dhan_shomadhan/Dhan-Shomadhan/White Background/Brown Spot/bs_wb_89.jpg,CC BY 4.0,feuille,helminthosporiose,,,,,1
ml/data/raw/dhan_shomadhan/Dhan-Shomadhan/White Background/Brown Spot/bs_wb_9.jpg,c922d6ee959d33945423b596fb6d9e3fe4e50960e6cd21cee6848c3ce7ced809,ml/data/raw/dhan_shomadhan/Dhan-Shomadhan/White Background/Brown Spot/bs_wb_9.jpg,CC BY 4.0,feuille,helminthosporiose,,,,,1
ml/data/raw/dhan_shomadhan/Dhan-Shomadhan/White Background/Leaf Scaled/ls_wb_0.jpg,7fa32122b8d3ca2a2b3fe43214287cbcaedbf5e89bbca6b1c620371417f79064,ml/data/raw/dhan_shomadhan/Dhan-Shomadhan/White Background/Leaf Scaled/ls_wb_0.jpg,CC BY 4.0,feuille,echaudure,,,,,1
ml/data/raw/dhan_shomadhan/Dhan-Shomadhan/White Background/Leaf Scaled/ls_wb_1.jpg,fc2ea6e3d37bf2b6086c29e7c7576f94699b3f62d81ac9a4de74a4b23ca4abee,ml/data/raw/dhan_shomadhan/Dhan-Shomadhan/White Background/Leaf Scaled/ls_wb_1.jpg,CC BY 4.0,feuille,echaudure,,,,,1
ml/data/raw/dhan_shomadhan/Dhan-Shomadhan/White Background/Leaf Scaled/ls_wb_10.jpg,b407902a389340973ef9ea4682b21606e69b961171778cc36ed943bf6ad7337f,ml/data/raw/dhan_shomadhan/Dhan-Shomadhan/White Background/Leaf Scaled/ls_wb_10.jpg,CC BY 4.0,feuille,echaudure,,,,,1
ml/data/raw/dhan_shomadhan/Dhan-Shomadhan/White Background/Leaf Scaled/ls_wb_100.jpg,3acf2030a7b331dd20966994207c8cebd704b65a57eff0af87540b09f711d01f,ml/data/raw/dhan_shomadhan/Dhan-Shomadhan/White Background/Leaf Scaled/ls_wb_100.jpg,CC BY 4.0,feuille,echaudure,,,,,1
ml/data/raw/dhan_shomadhan/Dhan-Shomadhan/White Background/Leaf Scaled/ls_wb_101.jpg,4f2eabed9e8af3b4219427c9f30e779fcc36bf4095cab90b6dae2776ccb6906d,ml/data/raw/dhan_shomadhan/Dhan-Shomadhan/White Background/Leaf Scaled/ls_wb_101.jpg,CC BY 4.0,feuille,echaudure,,,,,1
ml/data/raw/dhan_shomadhan/Dhan-Shomadhan/White Background/Leaf Scaled/ls_wb_102.jpg,fa9244b59c9558bf6a4618c15839d4660c17153529251da045c82249f9df2ed4,ml/data/raw/dhan_shomadhan/Dhan-Shomadhan/White Background/Leaf Scaled/ls_wb_102.jpg,CC BY 4.0,feuille,echaudure,,,,,1
ml/data/raw/dhan_shomadhan/Dhan-Shomadhan/White Background/Leaf Scaled/ls_wb_103.jpg,8231d5a84d2d57ebcfb4d4d3b7088adf52757895fbe09abfbaac35027091ec47,ml/data/raw/dhan_shomadhan/Dhan-Shomadhan/White Background/Leaf Scaled/ls_wb_103.jpg,CC BY 4.0,feuille,echaudure,,,,,1
ml/data/raw/dhan_shomadhan/Dhan-Shomadhan/White Background/Leaf Scaled/ls_wb_104.jpg,2f3a34f23219d4a2b98d39d9ffc1cf7af0b32ed66ae880a6eaa7b3a532f62787,ml/data/raw/dhan_shomadhan/Dhan-Shomadhan/White Background/Leaf Scaled/ls_wb_104.jpg,CC BY 4.0,feuille,echaudure,,,,,1
ml/data/raw/dhan_shomadhan/Dhan-Shomadhan/White Background/Leaf Scaled/ls_wb_105.jpg,9e0ca61aa3a7036e57016d9e7dd982ebb6362b71bba19dcbca08f6ffb60dc22a,ml/data/raw/dhan_shomadhan/Dhan-Shomadhan/White Background/Leaf Scaled/ls_wb_105.jpg,CC BY 4.0,feuille,echaudure,,,,,1
ml/data/raw/dhan_shomadhan/Dhan-Shomadhan/White Background/Leaf Scaled/ls_wb_106.jpg,d0bcace11c88b972dd79380bcd486cd1bd864791a562c96866d47537bcbdd767,ml/data/raw/dhan_shomadhan/Dhan-Shomadhan/White Background/Leaf Scaled/ls_wb_106.jpg,CC BY 4.0,feuille,echaudure,,,,,1
ml/data/raw/dhan_shomadhan/Dhan-Shomadhan/White Background/Leaf Scaled/ls_wb_107.jpg,794ee81adeec3230634ed2859ed48fa6a22ba2ac0bf0954f961794bbd0f2bbdb,ml/data/raw/dhan_shomadhan/Dhan-Shomadhan/White Background/Leaf Scaled/ls_wb_107.jpg,CC BY 4.0,feuille,echaudure,,,,,1
ml/data/raw/dhan_shomadhan/Dhan-Shomadhan/White Background/Leaf Scaled/ls_wb_108.jpg,e81e97f438855d0fee125869a354da700b02d9fa6ea7d1e54c586f10fa084f02,ml/data/raw/dhan_shomadhan/Dhan-Shomadhan/White Background/Leaf Scaled/ls_wb_108.jpg,CC BY 4.0,feuille,echaudure,,,,,1
ml/data/raw/dhan_shomadhan/Dhan-Shomadhan/White Background/Leaf Scaled/ls_wb_109.jpg,9ff89af77b4a7248a6a931bc16cc89e04b18578b074ec85de5abb28776980125,ml/data/raw/dhan_shomadhan/Dhan-Shomadhan/White Background/Leaf Scaled/ls_wb_109.jpg,CC BY 4.0,feuille,echaudure,,,,,1
ml/data/raw/dhan_shomadhan/Dhan-Shomadhan/White Background/Leaf Scaled/ls_wb_11.jpg,2183fa46d28777fadd4d9b442104344f870de37c4582407fc071543eab1f7b7e,ml/data/raw/dhan_shomadhan/Dhan-Shomadhan/White Background/Leaf Scaled/ls_wb_11.jpg,CC BY 4.0,feuille,echaudure,,,,,1
ml/data/raw/dhan_shomadhan/Dhan-Shomadhan/White Background/Leaf Scaled/ls_wb_110.jpg,3d13a024f0902521fbb613b3d2dedd1850625a7e9b20f6de70921128df4d4a52,ml/data/raw/dhan_shomadhan/Dhan-Shomadhan/White Background/Leaf Scaled/ls_wb_110.jpg,CC BY 4.0,feuille,echaudure,,,,,1
ml/data/raw/dhan_shomadhan/Dhan-Shomadhan/White Background/Leaf Scaled/ls_wb_111.jpg,1d0be3ede600041f2dd951bd157e58aaf7ed6ae4614ac6d74a352f7182e2af6b,ml/data/raw/dhan_shomadhan/Dhan-Shomadhan/White Background/Leaf Scaled/ls_wb_111.jpg,CC BY 4.0,feuille,echaudure,,,,,1
ml/data/raw/dhan_shomadhan/Dhan-Shomadhan/White Background/Leaf Scaled/ls_wb_112.jpg,c57115d618d18ab27b6957f511ec9d31ca77e74a032d93ac7d463a3fab7a6da8,ml/data/raw/dhan_shomadhan/Dhan-Shomadhan/White Background/Leaf Scaled/ls_wb_112.jpg,CC BY 4.0,feuille,echaudure,,,,,1
ml/data/raw/dhan_shomadhan/Dhan-Shomadhan/White Background/Leaf Scaled/ls_wb_113.jpg,8c0a1b789d1bdf9567c9a998fba2ed6d710c54840d9226d7e23a6090fb848b13,ml/data/raw/dhan_shomadhan/Dhan-Shomadhan/White Background/Leaf Scaled/ls_wb_113.jpg,CC BY 4.0,feuille,echaudure,,,,,1
ml/data/raw/dhan_shomadhan/Dhan-Shomadhan/White Background/Leaf Scaled/ls_wb_114.jpg,ab7b905bd2b8397f1f8090579a580e6c20468305dc683618c0b13f6c61a6e886,ml/data/raw/dhan_shomadhan/Dhan-Shomadhan/White Background/Leaf Scaled/ls_wb_114.jpg,CC BY 4.0,feuille,echaudure,,,,,1
ml/data/raw/dhan_shomadhan/Dhan-Shomadhan/White Background/Leaf Scaled/ls_wb_115.jpg,771e934005083adb73351305d5dffe1a8e999344d970e2f1bd7ab8eef15996c5,ml/data/raw/dhan_shomadhan/Dhan-Shomadhan/White Background/Leaf Scaled/ls_wb_115.jpg,CC BY 4.0,feuille,echaudure,,,,,1
ml/data/raw/dhan_shomadhan/Dhan-Shomadhan/White Background/Leaf Scaled/ls_wb_116.jpg,f013e6141909a32c7d734d55b5f0a9ce6d8d4e6f586a7ce4929f830db73cad80,ml/data/raw/dhan_shomadhan/Dhan-Shomadhan/White Background/Leaf Scaled/ls_wb_116.jpg,CC BY 4.0,feuille,echaudure,,,,,1
ml/data/raw/dhan_shomadhan/Dhan-Shomadhan/White Background/Leaf Scaled/ls_wb_117.jpg,4dd285af38e2d9e2530eabbd7e9e6534c8c5cfb6b0d479c88a70b7b76e1e41d2,ml/data/raw/dhan_shomadhan/Dhan-Shomadhan/White Background/Leaf Scaled/ls_wb_117.jpg,CC BY 4.0,feuille,echaudure,,,,,1
ml/data/raw/dhan_shomadhan/Dhan-Shomadhan/White Background/Leaf Scaled/ls_wb_118.jpg,159e4555d3af6095c5bc825dd4a1e4cbb84b2ee3cccddd937b2a4102bb4cc920,ml/data/raw/dhan_shomadhan/Dhan-Shomadhan/White Background/Leaf Scaled/ls_wb_118.jpg,CC BY 4.0,feuille,echaudure,,,,,1
ml/data/raw/dhan_shomadhan/Dhan-Shomadhan/White Background/Leaf Scaled/ls_wb_119.jpg,a639fd97d210c85b28a47bfe9e686bab81179460af806bceebaecebf43f0b59d,ml/data/raw/dhan_shomadhan/Dhan-Shomadhan/White Background/Leaf Scaled/ls_wb_119.jpg,CC BY 4.0,feuille,echaudure,,,,,1
ml/data/raw/dhan_shomadhan/Dhan-Shomadhan/White Background/Leaf Scaled/ls_wb_12.jpg,810be0fa5c70b4732f2396605936b810861730dbe6b63ebed2efcac34aa8bf8d,ml/data/raw/dhan_shomadhan/Dhan-Shomadhan/White Background/Leaf Scaled/ls_wb_12.jpg,CC BY 4.0,feuille,echaudure,,,,,1
ml/data/raw/dhan_shomadhan/Dhan-Shomadhan/White Background/Leaf Scaled/ls_wb_120.jpg,fd2dfa3b633c49049c666556472744153262af0713dac00aa620bc6432cac606,ml/data/raw/dhan_shomadhan/Dhan-Shomadhan/White Background/Leaf Scaled/ls_wb_120.jpg,CC BY 4.0,feuille,echaudure,,,,,1
ml/data/raw/dhan_shomadhan/Dhan-Shomadhan/White Background/Leaf Scaled/ls_wb_121.jpg,61a98a9ecbac55634e0ab8068d1b0f5eb938e996262e79e380558a8506a05fb1,ml/data/raw/dhan_shomadhan/Dhan-Shomadhan/White Background/Leaf Scaled/ls_wb_121.jpg,CC BY 4.0,feuille,echaudure,,,,,1
ml/data/raw/dhan_shomadhan/Dhan-Shomadhan/White Background/Leaf Scaled/ls_wb_122.jpg,b1ef19ac2b9fa5522c51762ee96c7519071ab6d03a212b6975b24e0a4701e9c1,ml/data/raw/dhan_shomadhan/Dhan-Shomadhan/White Background/Leaf Scaled/ls_wb_122.jpg,CC BY 4.0,feuille,echaudure,,,,,1
ml/data/raw/dhan_shomadhan/Dhan-Shomadhan/White Background/Leaf Scaled/ls_wb_123.jpg,60206e0416a7324a06e39ba1a9c77a2cd3987a6b0c712bd164288dacf2209431,ml/data/raw/dhan_shomadhan/Dhan-Shomadhan/White Background/Leaf Scaled/ls_wb_123.jpg,CC BY 4.0,feuille,echaudure,,,,,1
ml/data/raw/dhan_shomadhan/Dhan-Shomadhan/White Background/Leaf Scaled/ls_wb_124.jpg,83ca0135d238e97327c560c1f8024afee07a1cb45075daab7eadc74cf8561fb8,ml/data/raw/dhan_shomadhan/Dhan-Shomadhan/White Background/Leaf Scaled/ls_wb_124.jpg,CC BY 4.0,feuille,echaudure,,,,,1
ml/data/raw/dhan_shomadhan/Dhan-Shomadhan/White Background/Leaf Scaled/ls_wb_125.jpg,e09109711c450fc6890a146d68cec8c1944a5a1a7d9d4138e692dd3c7099215d,ml/data/raw/dhan_shomadhan/Dhan-Shomadhan/White Background/Leaf Scaled/ls_wb_125.jpg,CC BY 4.0,feuille,echaudure,,,,,1
ml/data/raw/dhan_shomadhan/Dhan-Shomadhan/White Background/Leaf Scaled/ls_wb_126.jpg,5490d60c1f51c59df6cebd5e0f20873c71792a1d6398e8b76ce609a2f9af6388,ml/data/raw/dhan_shomadhan/Dhan-Shomadhan/White Background/Leaf Scaled/ls_wb_126.jpg,CC BY 4.0,feuille,echaudure,,,,,1
ml/data/raw/dhan_shomadhan/Dhan-Shomadhan/White Background/Leaf Scaled/ls_wb_127.jpg,2b462ce46501f8a5129b31502e300d6a161aa2cd9f8cd951669af32de58700fd,ml/data/raw/dhan_shomadhan/Dhan-Shomadhan/White Background/Leaf Scaled/ls_wb_127.jpg,CC BY 4.0,feuille,echaudure,,,,,1
ml/data/raw/dhan_shomadhan/Dhan-Shomadhan/White Background/Leaf Scaled/ls_wb_128.jpg,59aac17bbfc9682099bb46130f5bd697fb752daa93e9ca0d32775f80b83cbf89,ml/data/raw/dhan_shomadhan/Dhan-Shomadhan/White Background/Leaf Scaled/ls_wb_128.jpg,CC BY 4.0,feuille,echaudure,,,,,1
ml/data/raw/dhan_shomadhan/Dhan-Shomadhan/White Background/Leaf Scaled/ls_wb_129.jpg,5d07e8bb6a4f184f4e6f57a7822c146b3de06074ca5b67e22c1a5b5df832f5c5,ml/data/raw/dhan_shomadhan/Dhan-Shomadhan/White Background/Leaf Scaled/ls_wb_129.jpg,CC BY 4.0,feuille,echaudure,,,,,1
ml/data/raw/dhan_shomadhan/Dhan-Shomadhan/White Background/Leaf Scaled/ls_wb_13.jpg,62b1af2a3107c6941a082eb3a8161f900e36cc67e5094a13d05aab6ad4e6ed9b,ml/data/raw/dhan_shomadhan/Dhan-Shomadhan/White Background/Leaf Scaled/ls_wb_13.jpg,CC BY 4.0,feuille,echaudure,,,,,1
ml/data/raw/dhan_shomadhan/Dhan-Shomadhan/White Background/Leaf Scaled/ls_wb_130.jpg,bce762e36a4761c79bd7d4b686edc64c10dc0d3b67f455f004ab77b4980c609e,ml/data/raw/dhan_shomadhan/Dhan-Shomadhan/White Background/Leaf Scaled/ls_wb_130.jpg,CC BY 4.0,feuille,echaudure,,,,,1
ml/data/raw/dhan_shomadhan/Dhan-Shomadhan/White Background/Leaf Scaled/ls_wb_131.jpg,95bdd356f31ac015fb8e458f690c09d4c1e0014ff52efa8c971aab8de576098c,ml/data/raw/dhan_shomadhan/Dhan-Shomadhan/White Background/Leaf Scaled/ls_wb_131.jpg,CC BY 4.0,feuille,echaudure,,,,,1
ml/data/raw/dhan_shomadhan/Dhan-Shomadhan/White Background/Leaf Scaled/ls_wb_132.jpg,4f5f3d2de642008acda134f02700297405919816ddd91a5cb86606ba3e7e1c80,ml/data/raw/dhan_shomadhan/Dhan-Shomadhan/White Background/Leaf Scaled/ls_wb_132.jpg,CC BY 4.0,feuille,echaudure,,,,,1
ml/data/raw/dhan_shomadhan/Dhan-Shomadhan/White Background/Leaf Scaled/ls_wb_133.jpg,2550bc77f63ae8328429eae43a9462f86f75a040f4dc77a571470e22a2ccf34d,ml/data/raw/dhan_shomadhan/Dhan-Shomadhan/White Background/Leaf Scaled/ls_wb_133.jpg,CC BY 4.0,feuille,echaudure,,,,,1
ml/data/raw/dhan_shomadhan/Dhan-Shomadhan/White Background/Leaf Scaled/ls_wb_134.jpg,9ec94736c081506692ea2e733227607379e9109bd148f0b75e98d031e7208f27,ml/data/raw/dhan_shomadhan/Dhan-Shomadhan/White Background/Leaf Scaled/ls_wb_134.jpg,CC BY 4.0,feuille,echaudure,,,,,1
ml/data/raw/dhan_shomadhan/Dhan-Shomadhan/White Background/Leaf Scaled/ls_wb_135.jpg,1f70b778ceee4b50ab55ea86f7a7c48b33eba5a241b21b2811d8ce8fb2fe97b9,ml/data/raw/dhan_shomadhan/Dhan-Shomadhan/White Background/Leaf Scaled/ls_wb_135.jpg,CC BY 4.0,feuille,echaudure,,,,,1
ml/data/raw/dhan_shomadhan/Dhan-Shomadhan/White Background/Leaf Scaled/ls_wb_136.jpg,b7779f39adb16fed691131908adc6afe6a489d3569ed198cf031a5372f4876fd,ml/data/raw/dhan_shomadhan/Dhan-Shomadhan/White Background/Leaf Scaled/ls_wb_136.jpg,CC BY 4.0,feuille,echaudure,,,,,1
ml/data/raw/dhan_shomadhan/Dhan-Shomadhan/White Background/Leaf Scaled/ls_wb_137.jpg,b71ec6928e8cf65dfedf0651734321d570b29c974a9cdfe6ce54484e02db1e06,ml/data/raw/dhan_shomadhan/Dhan-Shomadhan/White Background/Leaf Scaled/ls_wb_137.jpg,CC BY 4.0,feuille,echaudure,,,,,1
ml/data/raw/dhan_shomadhan/Dhan-Shomadhan/White Background/Leaf Scaled/ls_wb_138.jpg,d50ee2a65e167fb84c3ca53a402c3c749ffdfebe5cd142e3bf74c9dbba93d3e3,ml/data/raw/dhan_shomadhan/Dhan-Shomadhan/White Background/Leaf Scaled/ls_wb_138.jpg,CC BY 4.0,feuille,echaudure,,,,,1
ml/data/raw/dhan_shomadhan/Dhan-Shomadhan/White Background/Leaf Scaled/ls_wb_139.jpg,4392589ee6f1974fb9c43f4059075c6440319277cf680703d12535a2c3d04484,ml/data/raw/dhan_shomadhan/Dhan-Shomadhan/White Background/Leaf Scaled/ls_wb_139.jpg,CC BY 4.0,feuille,echaudure,,,,,1
ml/data/raw/dhan_shomadhan/Dhan-Shomadhan/White Background/Leaf Scaled/ls_wb_14.jpg,4d57ab4f7578af8f8729fc80ee6712d52e9719f4301c1437458f2c61e5b354bb,ml/data/raw/dhan_shomadhan/Dhan-Shomadhan/White Background/Leaf Scaled/ls_wb_14.jpg,CC BY 4.0,feuille,echaudure,,,,,1
ml/data/raw/dhan_shomadhan/Dhan-Shomadhan/White Background/Leaf Scaled/ls_wb_140.jpg,5d305919330d61b352d55858848265b2ce7399747372afe1c9ab01b380c8d16d,ml/data/raw/dhan_shomadhan/Dhan-Shomadhan/White Background/Leaf Scaled/ls_wb_140.jpg,CC BY 4.0,feuille,echaudure,,,,,1
ml/data/raw/dhan_shomadhan/Dhan-Shomadhan/White Background/Leaf Scaled/ls_wb_141.jpg,52b43870103ab71678401ee93fbfa40d51aaee5cca158f912e1827181259ac2d,ml/data/raw/dhan_shomadhan/Dhan-Shomadhan/White Background/Leaf Scaled/ls_wb_141.jpg,CC BY 4.0,feuille,echaudure,,,,,1
ml/data/raw/dhan_shomadhan/Dhan-Shomadhan/White Background/Leaf Scaled/ls_wb_142.jpg,dd9201fdfb2ef4dc28371ba6bab13c72d17e94315c8cababfa5773e9b529a5e3,ml/data/raw/dhan_shomadhan/Dhan-Shomadhan/White Background/Leaf Scaled/ls_wb_142.jpg,CC BY 4.0,feuille,echaudure,,,,,1
ml/data/raw/dhan_shomadhan/Dhan-Shomadhan/White Background/Leaf Scaled/ls_wb_15.jpg,29b5ca3026200db1eb813f863afac02b39ddb93f1438c8e4fc510755ccbaa0a8,ml/data/raw/dhan_shomadhan/Dhan-Shomadhan/White Background/Leaf Scaled/ls_wb_15.jpg,CC BY 4.0,feuille,echaudure,,,,,1
ml/data/raw/dhan_shomadhan/Dhan-Shomadhan/White Background/Leaf Scaled/ls_wb_16.jpg,60ca4dfbcbea5e58d13ee6c53fee0b0bdfc4a78b5f38158a0da7b1f747c4c0b5,ml/data/raw/dhan_shomadhan/Dhan-Shomadhan/White Background/Leaf Scaled/ls_wb_16.jpg,CC BY 4.0,feuille,echaudure,,,,,1
ml/data/raw/dhan_shomadhan/Dhan-Shomadhan/White Background/Leaf Scaled/ls_wb_17.jpg,6736f682ce2535ba628d4b6a1b0ecfbff4072ffc0c33a66e335de1c7bf714e3c,ml/data/raw/dhan_shomadhan/Dhan-Shomadhan/White Background/Leaf Scaled/ls_wb_17.jpg,CC BY 4.0,feuille,echaudure,,,,,1
ml/data/raw/dhan_shomadhan/Dhan-Shomadhan/White Background/Leaf Scaled/ls_wb_18.jpg,801206875075093831a5fd3bf6dc9386f083546d6fd280dcde44158802d267b5,ml/data/raw/dhan_shomadhan/Dhan-Shomadhan/White Background/Leaf Scaled/ls_wb_18.jpg,CC BY 4.0,feuille,echaudure,,,,,1
ml/data/raw/dhan_shomadhan/Dhan-Shomadhan/White Background/Leaf Scaled/ls_wb_19.jpg,a65fdf5984e984b1b324388faccec12417581299de9d0a0b3b7b13aa93cb130c,ml/data/raw/dhan_shomadhan/Dhan-Shomadhan/White Background/Leaf Scaled/ls_wb_19.jpg,CC BY 4.0,feuille,echaudure,,,,,1
ml/data/raw/dhan_shomadhan/Dhan-Shomadhan/White Background/Leaf Scaled/ls_wb_2.jpg,631082ac159a79f443cb97473f805b7960c929a55d4af4bc70f4f082867bdd14,ml/data/raw/dhan_shomadhan/Dhan-Shomadhan/White Background/Leaf Scaled/ls_wb_2.jpg,CC BY 4.0,feuille,echaudure,,,,,1
ml/data/raw/dhan_shomadhan/Dhan-Shomadhan/White Background/Leaf Scaled/ls_wb_20.jpg,2ebaeb713493dd2844585c1f9aaede36887dab0c724dc3bfaa0fcf03ece4da4c,ml/data/raw/dhan_shomadhan/Dhan-Shomadhan/White Background/Leaf Scaled/ls_wb_20.jpg,CC BY 4.0,feuille,echaudure,,,,,1
ml/data/raw/dhan_shomadhan/Dhan-Shomadhan/White Background/Leaf Scaled/ls_wb_21.jpg,d7dddae3660c0af256fa8b10a1a0ec6531b1130ebabe04db5f754378a3b33597,ml/data/raw/dhan_shomadhan/Dhan-Shomadhan/White Background/Leaf Scaled/ls_wb_21.jpg,CC BY 4.0,feuille,echaudure,,,,,1
ml/data/raw/dhan_shomadhan/Dhan-Shomadhan/White Background/Leaf Scaled/ls_wb_22.jpg,ce3553b9d382b794832a5f4a9ee30ddde6c55e3412be10c7aaf074770d8d9b06,ml/data/raw/dhan_shomadhan/Dhan-Shomadhan/White Background/Leaf Scaled/ls_wb_22.jpg,CC BY 4.0,feuille,echaudure,,,,,1
ml/data/raw/dhan_shomadhan/Dhan-Shomadhan/White Background/Leaf Scaled/ls_wb_23.jpg,e68a4cd0ff0ddc34f0c912dcc7a75f88a8321496bf77372313254d0eb71a693c,ml/data/raw/dhan_shomadhan/Dhan-Shomadhan/White Background/Leaf Scaled/ls_wb_23.jpg,CC BY 4.0,feuille,echaudure,,,,,1
ml/data/raw/dhan_shomadhan/Dhan-Shomadhan/White Background/Leaf Scaled/ls_wb_24.jpg,3d6811af21bec18ba24d3cf5699564f79fd14746bcb81c60735071f424f78e2f,ml/data/raw/dhan_shomadhan/Dhan-Shomadhan/White Background/Leaf Scaled/ls_wb_24.jpg,CC BY 4.0,feuille,echaudure,,,,,1
ml/data/raw/dhan_shomadhan/Dhan-Shomadhan/White Background/Leaf Scaled/ls_wb_25.jpg,b0c5c849df1029d9bfd9d830de4adcaf3a4a0d6644655e19e0b5843b9515fa80,ml/data/raw/dhan_shomadhan/Dhan-Shomadhan/White Background/Leaf Scaled/ls_wb_25.jpg,CC BY 4.0,feuille,echaudure,,,,,1
ml/data/raw/dhan_shomadhan/Dhan-Shomadhan/White Background/Leaf Scaled/ls_wb_26.jpg,ad8a8fabece297556d2b846f6dd4c5643565acb45cc55675bffcc8323643f8b0,ml/data/raw/dhan_shomadhan/Dhan-Shomadhan/White Background/Leaf Scaled/ls_wb_26.jpg,CC BY 4.0,feuille,echaudure,,,,,1
ml/data/raw/dhan_shomadhan/Dhan-Shomadhan/White Background/Leaf Scaled/ls_wb_27.jpg,c37ef90bf85c34328ae08123d7dac47cbf4cf6563e089c5c7ef8789a86092107,ml/data/raw/dhan_shomadhan/Dhan-Shomadhan/White Background/Leaf Scaled/ls_wb_27.jpg,CC BY 4.0,feuille,echaudure,,,,,1
ml/data/raw/dhan_shomadhan/Dhan-Shomadhan/White Background/Leaf Scaled/ls_wb_28.jpg,af8cbd80c5f492e2abb3097bd564ed7a2a24535c197a79e19e3b8f0fe714363c,ml/data/raw/dhan_shomadhan/Dhan-Shomadhan/White Background/Leaf Scaled/ls_wb_28.jpg,CC BY 4.0,feuille,echaudure,,,,,1
ml/data/raw/dhan_shomadhan/Dhan-Shomadhan/White Background/Leaf Scaled/ls_wb_29.jpg,3d711c556f4b91f86982f417cd5cbe6bf2fd7995ad6ad9e0a3633eeaa490f1eb,ml/data/raw/dhan_shomadhan/Dhan-Shomadhan/White Background/Leaf Scaled/ls_wb_29.jpg,CC BY 4.0,feuille,echaudure,,,,,1
ml/data/raw/dhan_shomadhan/Dhan-Shomadhan/White Background/Leaf Scaled/ls_wb_3.jpg,f3f886e85ccd381fd3a870f9f9fa9754965b5b501874ee114c88d6e82590a839,ml/data/raw/dhan_shomadhan/Dhan-Shomadhan/White Background/Leaf Scaled/ls_wb_3.jpg,CC BY 4.0,feuille,echaudure,,,,,1
ml/data/raw/dhan_shomadhan/Dhan-Shomadhan/White Background/Leaf Scaled/ls_wb_30.jpg,00f2e0af7c9cb5f060c2c8d3fd0edd0a6710fbe8e3888db2c4211ea53d2d8d71,ml/data/raw/dhan_shomadhan/Dhan-Shomadhan/White Background/Leaf Scaled/ls_wb_30.jpg,CC BY 4.0,feuille,echaudure,,,,,1
ml/data/raw/dhan_shomadhan/Dhan-Shomadhan/White Background/Leaf Scaled/ls_wb_31.jpg,cc26e238751b4ce681be4593385ac60675fc0dd5212b69e79e25a57e51267ee6,ml/data/raw/dhan_shomadhan/Dhan-Shomadhan/White Background/Leaf Scaled/ls_wb_31.jpg,CC BY 4.0,feuille,echaudure,,,,,1
ml/data/raw/dhan_shomadhan/Dhan-Shomadhan/White Background/Leaf Scaled/ls_wb_32.jpg,eb3fde7571dd19650d0d361113005305808dab9706486a12ec8e99f7b8068883,ml/data/raw/dhan_shomadhan/Dhan-Shomadhan/White Background/Leaf Scaled/ls_wb_32.jpg,CC BY 4.0,feuille,echaudure,,,,,1
ml/data/raw/dhan_shomadhan/Dhan-Shomadhan/White Background/Leaf Scaled/ls_wb_33.jpg,9734fb90228dab9d6eb1e5e2176c44b9a915f8d3379b6934160c7fc889fc0c4c,ml/data/raw/dhan_shomadhan/Dhan-Shomadhan/White Background/Leaf Scaled/ls_wb_33.jpg,CC BY 4.0,feuille,echaudure,,,,,1
ml/data/raw/dhan_shomadhan/Dhan-Shomadhan/White Background/Leaf Scaled/ls_wb_34.jpg,e2969d26b83237cf6cec6f3b9947bb78992ca7db0d825092f73b37c34646f15f,ml/data/raw/dhan_shomadhan/Dhan-Shomadhan/White Background/Leaf Scaled/ls_wb_34.jpg,CC BY 4.0,feuille,echaudure,,,,,1
ml/data/raw/dhan_shomadhan/Dhan-Shomadhan/White Background/Leaf Scaled/ls_wb_35.jpg,2cea844a65739554628b45c1a6e39e66f5d2bd4a38cb4d2df734b8f36ad73ebb,ml/data/raw/dhan_shomadhan/Dhan-Shomadhan/White Background/Leaf Scaled/ls_wb_35.jpg,CC BY 4.0,feuille,echaudure,,,,,1
ml/data/raw/dhan_shomadhan/Dhan-Shomadhan/White Background/Leaf Scaled/ls_wb_36.jpg,a680df9656762008c0bcd75c89182b6574666869e1386b0afc253bc3417d4f34,ml/data/raw/dhan_shomadhan/Dhan-Shomadhan/White Background/Leaf Scaled/ls_wb_36.jpg,CC BY 4.0,feuille,echaudure,,,,,1
ml/data/raw/dhan_shomadhan/Dhan-Shomadhan/White Background/Leaf Scaled/ls_wb_37.jpg,c9a4311e09b00619cc6e1135b4ce502798f33d1841e2c34a853430665234e338,ml/data/raw/dhan_shomadhan/Dhan-Shomadhan/White Background/Leaf Scaled/ls_wb_37.jpg,CC BY 4.0,feuille,echaudure,,,,,1
ml/data/raw/dhan_shomadhan/Dhan-Shomadhan/White Background/Leaf Scaled/ls_wb_38.jpg,00d90b63229a181114bc5628e748de7057e8eeb8739cb4186fffa34277481a86,ml/data/raw/dhan_shomadhan/Dhan-Shomadhan/White Background/Leaf Scaled/ls_wb_38.jpg,CC BY 4.0,feuille,echaudure,,,,,1
ml/data/raw/dhan_shomadhan/Dhan-Shomadhan/White Background/Leaf Scaled/ls_wb_39.jpg,3df28ba0458be17d14953e26f1871d0740d9badab813396fb68ae76d69907d5d,ml/data/raw/dhan_shomadhan/Dhan-Shomadhan/White Background/Leaf Scaled/ls_wb_39.jpg,CC BY 4.0,feuille,echaudure,,,,,1
ml/data/raw/dhan_shomadhan/Dhan-Shomadhan/White Background/Leaf Scaled/ls_wb_4.jpg,5effa3b3297274834f2780371c6df877c837038329ca3163a5ed5a4c314d1830,ml/data/raw/dhan_shomadhan/Dhan-Shomadhan/White Background/Leaf Scaled/ls_wb_4.jpg,CC BY 4.0,feuille,echaudure,,,,,1
ml/data/raw/dhan_shomadhan/Dhan-Shomadhan/White Background/Leaf Scaled/ls_wb_40.jpg,3ee3b00a5052473ebdccc94add1257e295177f23fd800e1b9acce4a41be0f20e,ml/data/raw/dhan_shomadhan/Dhan-Shomadhan/White Background/Leaf Scaled/ls_wb_40.jpg,CC BY 4.0,feuille,echaudure,,,,,1
ml/data/raw/dhan_shomadhan/Dhan-Shomadhan/White Background/Leaf Scaled/ls_wb_41.jpg,7c24756fde479c61543eb25720a7e16d14e26bd4097101e7d357565d4afc3b72,ml/data/raw/dhan_shomadhan/Dhan-Shomadhan/White Background/Leaf Scaled/ls_wb_41.jpg,CC BY 4.0,feuille,echaudure,,,,,1
ml/data/raw/dhan_shomadhan/Dhan-Shomadhan/White Background/Leaf Scaled/ls_wb_42.jpg,994db77d607a7ee0ff74ccd6f3ecca3dc7b5cab7ce720d5dd40f356bf15fffcc,ml/data/raw/dhan_shomadhan/Dhan-Shomadhan/White Background/Leaf Scaled/ls_wb_42.jpg,CC BY 4.0,feuille,echaudure,,,,,1
ml/data/raw/dhan_shomadhan/Dhan-Shomadhan/White Background/Leaf Scaled/ls_wb_43.jpg,775ca09ebcbe7104ff8077edb3d41b75c8b1fc4a864b9a6dd7ec2cf717a05214,ml/data/raw/dhan_shomadhan/Dhan-Shomadhan/White Background/Leaf Scaled/ls_wb_43.jpg,CC BY 4.0,feuille,echaudure,,,,,1
ml/data/raw/dhan_shomadhan/Dhan-Shomadhan/White Background/Leaf Scaled/ls_wb_44.jpg,b4358fa75db331fc8e9548246cfd7a35294c48bc36f1e33a68b7a6c6515f599e,ml/data/raw/dhan_shomadhan/Dhan-Shomadhan/White Background/Leaf Scaled/ls_wb_44.jpg,CC BY 4.0,feuille,echaudure,,,,,1
ml/data/raw/dhan_shomadhan/Dhan-Shomadhan/White Background/Leaf Scaled/ls_wb_45.jpg,b37c3fe5849ee14a5a00467a6987024b6590a4ffa85402615c71a93ac723102d,ml/data/raw/dhan_shomadhan/Dhan-Shomadhan/White Background/Leaf Scaled/ls_wb_45.jpg,CC BY 4.0,feuille,echaudure,,,,,1
ml/data/raw/dhan_shomadhan/Dhan-Shomadhan/White Background/Leaf Scaled/ls_wb_46.jpg,c18ab41106affbd8a434558419715df6ea26ecfff454a853d3637b359e41066d,ml/data/raw/dhan_shomadhan/Dhan-Shomadhan/White Background/Leaf Scaled/ls_wb_46.jpg,CC BY 4.0,feuille,echaudure,,,,,1
ml/data/raw/dhan_shomadhan/Dhan-Shomadhan/White Background/Leaf Scaled/ls_wb_47.jpg,fefb210dca7d4263d6c863a1685885b3bd21a064a47924557bd84fb661f6728b,ml/data/raw/dhan_shomadhan/Dhan-Shomadhan/White Background/Leaf Scaled/ls_wb_47.jpg,CC BY 4.0,feuille,echaudure,,,,,1
ml/data/raw/dhan_shomadhan/Dhan-Shomadhan/White Background/Leaf Scaled/ls_wb_48.jpg,d1d1948ed9cfbc65f8408eca1c1e434a98a6021c5f4a71303835b82824b80056,ml/data/raw/dhan_shomadhan/Dhan-Shomadhan/White Background/Leaf Scaled/ls_wb_48.jpg,CC BY 4.0,feuille,echaudure,,,,,1
ml/data/raw/dhan_shomadhan/Dhan-Shomadhan/White Background/Leaf Scaled/ls_wb_49.jpg,571765007d9f8e4fbf8b3b05f35b18c51d3f55feb69c3cd3681f658a1ba4b8ae,ml/data/raw/dhan_shomadhan/Dhan-Shomadhan/White Background/Leaf Scaled/ls_wb_49.jpg,CC BY 4.0,feuille,echaudure,,,,,1
ml/data/raw/dhan_shomadhan/Dhan-Shomadhan/White Background/Leaf Scaled/ls_wb_5.jpg,e5917f6eb3f5a4e03709c71205f7d95bfbfebd71a409ca744c0483108f388127,ml/data/raw/dhan_shomadhan/Dhan-Shomadhan/White Background/Leaf Scaled/ls_wb_5.jpg,CC BY 4.0,feuille,echaudure,,,,,1
ml/data/raw/dhan_shomadhan/Dhan-Shomadhan/White Background/Leaf Scaled/ls_wb_50.jpg,510cf540f2d32fd46fca3412c808d7cc7b5bd2b19a655e99ff515fa5c664bb2c,ml/data/raw/dhan_shomadhan/Dhan-Shomadhan/White Background/Leaf Scaled/ls_wb_50.jpg,CC BY 4.0,feuille,echaudure,,,,,1
ml/data/raw/dhan_shomadhan/Dhan-Shomadhan/White Background/Leaf Scaled/ls_wb_51.jpg,405a3c818f9ddf595483a42b4a32cbc8b0a861e40f4ade57e89408bb5b0b3415,ml/data/raw/dhan_shomadhan/Dhan-Shomadhan/White Background/Leaf Scaled/ls_wb_51.jpg,CC BY 4.0,feuille,echaudure,,,,,1
ml/data/raw/dhan_shomadhan/Dhan-Shomadhan/White Background/Leaf Scaled/ls_wb_52.jpg,e516770cc384a6695b8b47e0f58dfcc7e926517f00581779fbdd62e6bbc8f1d6,ml/data/raw/dhan_shomadhan/Dhan-Shomadhan/White Background/Leaf Scaled/ls_wb_52.jpg,CC BY 4.0,feuille,echaudure,,,,,1
ml/data/raw/dhan_shomadhan/Dhan-Shomadhan/White Background/Leaf Scaled/ls_wb_53.jpg,23f2fd5f55581a71aa9ae76dbcc39683cffd01b3bd254b3e29ccbe41cab5972e,ml/data/raw/dhan_shomadhan/Dhan-Shomadhan/White Background/Leaf Scaled/ls_wb_53.jpg,CC BY 4.0,feuille,echaudure,,,,,1
ml/data/raw/dhan_shomadhan/Dhan-Shomadhan/White Background/Leaf Scaled/ls_wb_54.jpg,c940b7b8050975fb6510a7c090cd1e187d26e938bddd33dd338f5d9f327fae49,ml/data/raw/dhan_shomadhan/Dhan-Shomadhan/White Background/Leaf Scaled/ls_wb_54.jpg,CC BY 4.0,feuille,echaudure,,,,,1
ml/data/raw/dhan_shomadhan/Dhan-Shomadhan/White Background/Leaf Scaled/ls_wb_55.jpg,e444415a04b9dc2207aa4185ead48d77847685dddf0d452ce7b52fc069146650,ml/data/raw/dhan_shomadhan/Dhan-Shomadhan/White Background/Leaf Scaled/ls_wb_55.jpg,CC BY 4.0,feuille,echaudure,,,,,1
ml/data/raw/dhan_shomadhan/Dhan-Shomadhan/White Background/Leaf Scaled/ls_wb_56.jpg,cb00d839702769da6c619d81ad42335d07f80e24ce505f045e1d6c41d59e2bce,ml/data/raw/dhan_shomadhan/Dhan-Shomadhan/White Background/Leaf Scaled/ls_wb_56.jpg,CC BY 4.0,feuille,echaudure,,,,,1
ml/data/raw/dhan_shomadhan/Dhan-Shomadhan/White Background/Leaf Scaled/ls_wb_57.jpg,e386a30df3c4602bd83ff965160f99093b4c5bdef15345b0c5468b9f4e804552,ml/data/raw/dhan_shomadhan/Dhan-Shomadhan/White Background/Leaf Scaled/ls_wb_57.jpg,CC BY 4.0,feuille,echaudure,,,,,1
ml/data/raw/dhan_shomadhan/Dhan-Shomadhan/White Background/Leaf Scaled/ls_wb_58.jpg,7d4a89416c70d5f26c5d484aae51380739c64d74c517be5cd23a5b08256504c5,ml/data/raw/dhan_shomadhan/Dhan-Shomadhan/White Background/Leaf Scaled/ls_wb_58.jpg,CC BY 4.0,feuille,echaudure,,,,,1
ml/data/raw/dhan_shomadhan/Dhan-Shomadhan/White Background/Leaf Scaled/ls_wb_59.jpg,97247ec5a74f7d67844acd5677f8c208019c14383590b333ab70b4a6934bf9a1,ml/data/raw/dhan_shomadhan/Dhan-Shomadhan/White Background/Leaf Scaled/ls_wb_59.jpg,CC BY 4.0,feuille,echaudure,,,,,1
ml/data/raw/dhan_shomadhan/Dhan-Shomadhan/White Background/Leaf Scaled/ls_wb_6.jpg,80a256ccd2874c2b5e170713b7f0814cbf336fccfc0b792e4ff19e381cf3c387,ml/data/raw/dhan_shomadhan/Dhan-Shomadhan/White Background/Leaf Scaled/ls_wb_6.jpg,CC BY 4.0,feuille,echaudure,,,,,1
ml/data/raw/dhan_shomadhan/Dhan-Shomadhan/White Background/Leaf Scaled/ls_wb_60.jpg,5ecbe07d6118d2b88d3e2e74c6d33e48864f31a32dafe38f84b930d123a0a062,ml/data/raw/dhan_shomadhan/Dhan-Shomadhan/White Background/Leaf Scaled/ls_wb_60.jpg,CC BY 4.0,feuille,echaudure,,,,,1
ml/data/raw/dhan_shomadhan/Dhan-Shomadhan/White Background/Leaf Scaled/ls_wb_61.jpg,6a41164f9e08e66a7b1dd2d2aa675c7d9e224a3e9b38d68e26f7a3ee81999bc9,ml/data/raw/dhan_shomadhan/Dhan-Shomadhan/White Background/Leaf Scaled/ls_wb_61.jpg,CC BY 4.0,feuille,echaudure,,,,,1
ml/data/raw/dhan_shomadhan/Dhan-Shomadhan/White Background/Leaf Scaled/ls_wb_62.jpg,193da94b205bce9cdb39b04b5464b820c24a94036bd14517aabcd3665fe6d2a9,ml/data/raw/dhan_shomadhan/Dhan-Shomadhan/White Background/Leaf Scaled/ls_wb_62.jpg,CC BY 4.0,feuille,echaudure,,,,,1
ml/data/raw/dhan_shomadhan/Dhan-Shomadhan/White Background/Leaf Scaled/ls_wb_63.jpg,d07f673cca29b584e5e6ece350fd89baa25e064fc68b5c55dcb7b61b3af272d2,ml/data/raw/dhan_shomadhan/Dhan-Shomadhan/White Background/Leaf Scaled/ls_wb_63.jpg,CC BY 4.0,feuille,echaudure,,,,,1
ml/data/raw/dhan_shomadhan/Dhan-Shomadhan/White Background/Leaf Scaled/ls_wb_64.jpg,6d33848c68f6c8f903b0274c695960804926efb73ef798fe71e12d6befaa3cb1,ml/data/raw/dhan_shomadhan/Dhan-Shomadhan/White Background/Leaf Scaled/ls_wb_64.jpg,CC BY 4.0,feuille,echaudure,,,,,1
ml/data/raw/dhan_shomadhan/Dhan-Shomadhan/White Background/Leaf Scaled/ls_wb_65.jpg,a10fd3cfdef4f99600efc5cbf1ae2ae2bd90a9be0d0418e2f9b0bc34cdf672e6,ml/data/raw/dhan_shomadhan/Dhan-Shomadhan/White Background/Leaf Scaled/ls_wb_65.jpg,CC BY 4.0,feuille,echaudure,,,,,1
ml/data/raw/dhan_shomadhan/Dhan-Shomadhan/White Background/Leaf Scaled/ls_wb_66.jpg,96ed7634bde6e8ba2aacda2177655463729b14a7e686e4758e89465f9bc8fc34,ml/data/raw/dhan_shomadhan/Dhan-Shomadhan/White Background/Leaf Scaled/ls_wb_66.jpg,CC BY 4.0,feuille,echaudure,,,,,1
ml/data/raw/dhan_shomadhan/Dhan-Shomadhan/White Background/Leaf Scaled/ls_wb_67.jpg,d26a17b5fcc5fb28bdac226ec4ad98d7b1333a532c8639a4b09ba87915ea52a6,ml/data/raw/dhan_shomadhan/Dhan-Shomadhan/White Background/Leaf Scaled/ls_wb_67.jpg,CC BY 4.0,feuille,echaudure,,,,,1
ml/data/raw/dhan_shomadhan/Dhan-Shomadhan/White Background/Leaf Scaled/ls_wb_68.jpg,03b88bdf0e8b2b23067d26bb888b522f53a7868ecc374c20d06115e28699f1bf,ml/data/raw/dhan_shomadhan/Dhan-Shomadhan/White Background/Leaf Scaled/ls_wb_68.jpg,CC BY 4.0,feuille,echaudure,,,,,1
ml/data/raw/dhan_shomadhan/Dhan-Shomadhan/White Background/Leaf Scaled/ls_wb_69.jpg,2b3d4118360797038f9e85aa4424d4cfc5a47e652cdd5642d66e50dc67ced4bb,ml/data/raw/dhan_shomadhan/Dhan-Shomadhan/White Background/Leaf Scaled/ls_wb_69.jpg,CC BY 4.0,feuille,echaudure,,,,,1
ml/data/raw/dhan_shomadhan/Dhan-Shomadhan/White Background/Leaf Scaled/ls_wb_7.jpg,bd988c7d03f4128e1c1f73bbb9aee2eab4b35e095f70a97bf883c2ee11850cd2,ml/data/raw/dhan_shomadhan/Dhan-Shomadhan/White Background/Leaf Scaled/ls_wb_7.jpg,CC BY 4.0,feuille,echaudure,,,,,1
ml/data/raw/dhan_shomadhan/Dhan-Shomadhan/White Background/Leaf Scaled/ls_wb_70.jpg,82e9723e81bbad9f8fc223c4522264ec4896b08b31f2f6f59c641ae952d29e0c,ml/data/raw/dhan_shomadhan/Dhan-Shomadhan/White Background/Leaf Scaled/ls_wb_70.jpg,CC BY 4.0,feuille,echaudure,,,,,1
ml/data/raw/dhan_shomadhan/Dhan-Shomadhan/White Background/Leaf Scaled/ls_wb_71.jpg,24889f330cb95f460fad53d4ba4dffede9d4507b51111a41a47baa07849e3c47,ml/data/raw/dhan_shomadhan/Dhan-Shomadhan/White Background/Leaf Scaled/ls_wb_71.jpg,CC BY 4.0,feuille,echaudure,,,,,1
ml/data/raw/dhan_shomadhan/Dhan-Shomadhan/White Background/Leaf Scaled/ls_wb_72.jpg,aaca40335caca934f8890c1504856f4a736f98e0023ea71e66b83eb28f951f75,ml/data/raw/dhan_shomadhan/Dhan-Shomadhan/White Background/Leaf Scaled/ls_wb_72.jpg,CC BY 4.0,feuille,echaudure,,,,,1
ml/data/raw/dhan_shomadhan/Dhan-Shomadhan/White Background/Leaf Scaled/ls_wb_73.jpg,f61c1c35a8239158f2887dd52ce6d35b40fe037cd31ccfd3e80742608ef10416,ml/data/raw/dhan_shomadhan/Dhan-Shomadhan/White Background/Leaf Scaled/ls_wb_73.jpg,CC BY 4.0,feuille,echaudure,,,,,1
ml/data/raw/dhan_shomadhan/Dhan-Shomadhan/White Background/Leaf Scaled/ls_wb_74.jpg,91439b073f89fd0a4d493e8919da369d905f696102ad5c7c5fa712f5707e2e03,ml/data/raw/dhan_shomadhan/Dhan-Shomadhan/White Background/Leaf Scaled/ls_wb_74.jpg,CC BY 4.0,feuille,echaudure,,,,,1
ml/data/raw/dhan_shomadhan/Dhan-Shomadhan/White Background/Leaf Scaled/ls_wb_75.jpg,a4d698ad6d4b62c65a3b832c8f3087652d9c7c3c6323474e84df8269a956145b,ml/data/raw/dhan_shomadhan/Dhan-Shomadhan/White Background/Leaf Scaled/ls_wb_75.jpg,CC BY 4.0,feuille,echaudure,,,,,1
ml/data/raw/dhan_shomadhan/Dhan-Shomadhan/White Background/Leaf Scaled/ls_wb_76.jpg,31c82045537fd1c2991984b175b8bf80eb07162964eaa94f02358c0576db6096,ml/data/raw/dhan_shomadhan/Dhan-Shomadhan/White Background/Leaf Scaled/ls_wb_76.jpg,CC BY 4.0,feuille,echaudure,,,,,1
ml/data/raw/dhan_shomadhan/Dhan-Shomadhan/White Background/Leaf Scaled/ls_wb_77.jpg,6a8d000f988a03fa696f88e726312504f676d57f8f5325fd6bb84c271b9bf03a,ml/data/raw/dhan_shomadhan/Dhan-Shomadhan/White Background/Leaf Scaled/ls_wb_77.jpg,CC BY 4.0,feuille,echaudure,,,,,1
ml/data/raw/dhan_shomadhan/Dhan-Shomadhan/White Background/Leaf Scaled/ls_wb_78.jpg,3445f2818a90c07479fa90042b60199e8db23d877eb06e8672f0a01fe015b0c4,ml/data/raw/dhan_shomadhan/Dhan-Shomadhan/White Background/Leaf Scaled/ls_wb_78.jpg,CC BY 4.0,feuille,echaudure,,,,,1
ml/data/raw/dhan_shomadhan/Dhan-Shomadhan/White Background/Leaf Scaled/ls_wb_79.jpg,14e34666c1ddbc38f604e1cdf390f5a482b82396f1b26778a983edbfba599b83,ml/data/raw/dhan_shomadhan/Dhan-Shomadhan/White Background/Leaf Scaled/ls_wb_79.jpg,CC BY 4.0,feuille,echaudure,,,,,1
ml/data/raw/dhan_shomadhan/Dhan-Shomadhan/White Background/Leaf Scaled/ls_wb_8.jpg,5509885f7334cf0eda4d304692058f914680008d1c65f8e9103cc5788db7b4ab,ml/data/raw/dhan_shomadhan/Dhan-Shomadhan/White Background/Leaf Scaled/ls_wb_8.jpg,CC BY 4.0,feuille,echaudure,,,,,1
ml/data/raw/dhan_shomadhan/Dhan-Shomadhan/White Background/Leaf Scaled/ls_wb_80.jpg,e9f7e5419b9b232006ef4bfc653b1cbe49ba2ff81583aa0d075209e6da72a25a,ml/data/raw/dhan_shomadhan/Dhan-Shomadhan/White Background/Leaf Scaled/ls_wb_80.jpg,CC BY 4.0,feuille,echaudure,,,,,1
ml/data/raw/dhan_shomadhan/Dhan-Shomadhan/White Background/Leaf Scaled/ls_wb_81.jpg,418376b358542d8e2192f0b768dd5a814ded81e45167b94166f0b60573dc3f0e,ml/data/raw/dhan_shomadhan/Dhan-Shomadhan/White Background/Leaf Scaled/ls_wb_81.jpg,CC BY 4.0,feuille,echaudure,,,,,1
ml/data/raw/dhan_shomadhan/Dhan-Shomadhan/White Background/Leaf Scaled/ls_wb_82.jpg,7dc03164df49d1fe412a4c1148c3ff1dd3ea4d631bcc7e1078fb3eeed0e46caa,ml/data/raw/dhan_shomadhan/Dhan-Shomadhan/White Background/Leaf Scaled/ls_wb_82.jpg,CC BY 4.0,feuille,echaudure,,,,,1
ml/data/raw/dhan_shomadhan/Dhan-Shomadhan/White Background/Leaf Scaled/ls_wb_83.jpg,b29aa7a510a191395902c8640d6c3579b1c0154591e6bd8dbc010c5706865c00,ml/data/raw/dhan_shomadhan/Dhan-Shomadhan/White Background/Leaf Scaled/ls_wb_83.jpg,CC BY 4.0,feuille,echaudure,,,,,1
ml/data/raw/dhan_shomadhan/Dhan-Shomadhan/White Background/Leaf Scaled/ls_wb_84.jpg,fba05b46f81155039943263afc8485bacf520548656de875e2b43c7ed39bb15d,ml/data/raw/dhan_shomadhan/Dhan-Shomadhan/White Background/Leaf Scaled/ls_wb_84.jpg,CC BY 4.0,feuille,echaudure,,,,,1
ml/data/raw/dhan_shomadhan/Dhan-Shomadhan/White Background/Leaf Scaled/ls_wb_85.jpg,f73a4050a28266ea06df6c9283b4a465b734fdf4232b2c2068f731389d09bd2c,ml/data/raw/dhan_shomadhan/Dhan-Shomadhan/White Background/Leaf Scaled/ls_wb_85.jpg,CC BY 4.0,feuille,echaudure,,,,,1
ml/data/raw/dhan_shomadhan/Dhan-Shomadhan/White Background/Leaf Scaled/ls_wb_86.jpg,8e1f77cb4388e67157d9305c81094bcdd3403abd3bdf326f8dbf8aa1cdb8cfc5,ml/data/raw/dhan_shomadhan/Dhan-Shomadhan/White Background/Leaf Scaled/ls_wb_86.jpg,CC BY 4.0,feuille,echaudure,,,,,1
ml/data/raw/dhan_shomadhan/Dhan-Shomadhan/White Background/Leaf Scaled/ls_wb_87.jpg,4adebd589ebea99d70bb0dffb4a7b6c61932ffb515c17e6ee9d6da937b831286,ml/data/raw/dhan_shomadhan/Dhan-Shomadhan/White Background/Leaf Scaled/ls_wb_87.jpg,CC BY 4.0,feuille,echaudure,,,,,1
ml/data/raw/dhan_shomadhan/Dhan-Shomadhan/White Background/Leaf Scaled/ls_wb_88.jpg,6cb9977efd3a85f3829a577a04f8e7727e886ee21435889d2d1619729b96f255,ml/data/raw/dhan_shomadhan/Dhan-Shomadhan/White Background/Leaf Scaled/ls_wb_88.jpg,CC BY 4.0,feuille,echaudure,,,,,1
ml/data/raw/dhan_shomadhan/Dhan-Shomadhan/White Background/Leaf Scaled/ls_wb_89.jpg,a39bd2a4b930caa4205aed3d9d842a91b42d4b70785ffedff207f782b85193ab,ml/data/raw/dhan_shomadhan/Dhan-Shomadhan/White Background/Leaf Scaled/ls_wb_89.jpg,CC BY 4.0,feuille,echaudure,,,,,1
ml/data/raw/dhan_shomadhan/Dhan-Shomadhan/White Background/Leaf Scaled/ls_wb_9.jpg,6db26d191f8f4a4a5ee89a1528cb2c0f4e7e72065328dcdbfa80bc8087c4fc13,ml/data/raw/dhan_shomadhan/Dhan-Shomadhan/White Background/Leaf Scaled/ls_wb_9.jpg,CC BY 4.0,feuille,echaudure,,,,,1
ml/data/raw/dhan_shomadhan/Dhan-Shomadhan/White Background/Leaf Scaled/ls_wb_90.jpg,5ed650d61b3782706b37201459c5be464e9897dd41f366fc6997a002b4e43b8d,ml/data/raw/dhan_shomadhan/Dhan-Shomadhan/White Background/Leaf Scaled/ls_wb_90.jpg,CC BY 4.0,feuille,echaudure,,,,,1
ml/data/raw/dhan_shomadhan/Dhan-Shomadhan/White Background/Leaf Scaled/ls_wb_91.jpg,8b72c3103754b3f228dec1a71fcf0df35a798550a656f57ac8417875a6b1d12b,ml/data/raw/dhan_shomadhan/Dhan-Shomadhan/White Background/Leaf Scaled/ls_wb_91.jpg,CC BY 4.0,feuille,echaudure,,,,,1
ml/data/raw/dhan_shomadhan/Dhan-Shomadhan/White Background/Leaf Scaled/ls_wb_92.jpg,a1cb030c0afee8397a51ff22ac4d3b62149941bcb2566c67497815d77b059e33,ml/data/raw/dhan_shomadhan/Dhan-Shomadhan/White Background/Leaf Scaled/ls_wb_92.jpg,CC BY 4.0,feuille,echaudure,,,,,1
ml/data/raw/dhan_shomadhan/Dhan-Shomadhan/White Background/Leaf Scaled/ls_wb_93.jpg,5e9c2f460307ee5d90619e30c42c88ccab4a969c96ac2b2ed147aebc4b96f47f,ml/data/raw/dhan_shomadhan/Dhan-Shomadhan/White Background/Leaf Scaled/ls_wb_93.jpg,CC BY 4.0,feuille,echaudure,,,,,1
ml/data/raw/dhan_shomadhan/Dhan-Shomadhan/White Background/Leaf Scaled/ls_wb_94.jpg,38909e1ae8efb70437cab4d4b3fb96dfc5955b04f618ffcd98292087f7bcaae0,ml/data/raw/dhan_shomadhan/Dhan-Shomadhan/White Background/Leaf Scaled/ls_wb_94.jpg,CC BY 4.0,feuille,echaudure,,,,,1
ml/data/raw/dhan_shomadhan/Dhan-Shomadhan/White Background/Leaf Scaled/ls_wb_95.jpg,826c9e687a78ede87b6e4fe557f4a8950e30e2175303898813d08c558925982d,ml/data/raw/dhan_shomadhan/Dhan-Shomadhan/White Background/Leaf Scaled/ls_wb_95.jpg,CC BY 4.0,feuille,echaudure,,,,,1
ml/data/raw/dhan_shomadhan/Dhan-Shomadhan/White Background/Leaf Scaled/ls_wb_96.jpg,4d136b5f2c416a4b863626752cd21daf1a45e6abe1e847ac7493c7ef3f736611,ml/data/raw/dhan_shomadhan/Dhan-Shomadhan/White Background/Leaf Scaled/ls_wb_96.jpg,CC BY 4.0,feuille,echaudure,,,,,1
ml/data/raw/dhan_shomadhan/Dhan-Shomadhan/White Background/Leaf Scaled/ls_wb_97.jpg,b1654ef727a48d2c79ad253bcf66ae27fffe4130aefd4ec54f49f478a09bb1b7,ml/data/raw/dhan_shomadhan/Dhan-Shomadhan/White Background/Leaf Scaled/ls_wb_97.jpg,CC BY 4.0,feuille,echaudure,,,,,1
ml/data/raw/dhan_shomadhan/Dhan-Shomadhan/White Background/Leaf Scaled/ls_wb_98.jpg,f8cf4dac87c3fac5f5868a0690c02dc10806c2a4e42fb27ac28c1a8d1afa46bf,ml/data/raw/dhan_shomadhan/Dhan-Shomadhan/White Background/Leaf Scaled/ls_wb_98.jpg,CC BY 4.0,feuille,echaudure,,,,,1
ml/data/raw/dhan_shomadhan/Dhan-Shomadhan/White Background/Leaf Scaled/ls_wb_99.jpg,d5cfefe747a09eb03fe2051b06b373efba9e75223a2997d0db952dbad52afb7c,ml/data/raw/dhan_shomadhan/Dhan-Shomadhan/White Background/Leaf Scaled/ls_wb_99.jpg,CC BY 4.0,feuille,echaudure,,,,,1
ml/data/raw/dhan_shomadhan/Dhan-Shomadhan/White Background/Rice Blast/rb_wb_0.jpg,b3f707257fc8d6e235bc14fa5b9c5c79bc3eafcc9233821ae1a6c3efbc7b7a0d,ml/data/raw/dhan_shomadhan/Dhan-Shomadhan/White Background/Rice Blast/rb_wb_0.jpg,CC BY 4.0,feuille,pyriculariose_feuille,,,,,1
ml/data/raw/dhan_shomadhan/Dhan-Shomadhan/White Background/Rice Blast/rb_wb_1.jpg,995c4f8162220df794561ea63b04403f0fbd8bb84b0e246ef67554f649f5f8f8,ml/data/raw/dhan_shomadhan/Dhan-Shomadhan/White Background/Rice Blast/rb_wb_1.jpg,CC BY 4.0,feuille,pyriculariose_feuille,,,,,1
ml/data/raw/dhan_shomadhan/Dhan-Shomadhan/White Background/Rice Blast/rb_wb_10.jpg,ca0292446b609521224b69c85dc8c695dcc06b8803affe551f8eeb96956fcc54,ml/data/raw/dhan_shomadhan/Dhan-Shomadhan/White Background/Rice Blast/rb_wb_10.jpg,CC BY 4.0,feuille,pyriculariose_feuille,,,,,1
ml/data/raw/dhan_shomadhan/Dhan-Shomadhan/White Background/Rice Blast/rb_wb_100.jpg,74dfffc75d118e4000a28c7bf52a0c877275f77210a54c46fcb0572a4386d904,ml/data/raw/dhan_shomadhan/Dhan-Shomadhan/White Background/Rice Blast/rb_wb_100.jpg,CC BY 4.0,feuille,pyriculariose_feuille,,,,,1
ml/data/raw/dhan_shomadhan/Dhan-Shomadhan/White Background/Rice Blast/rb_wb_101.jpg,f82df141b931edd59c30e0517236a5cae2a613dc3005df358911720d83e1e7e2,ml/data/raw/dhan_shomadhan/Dhan-Shomadhan/White Background/Rice Blast/rb_wb_101.jpg,CC BY 4.0,feuille,pyriculariose_feuille,,,,,1
ml/data/raw/dhan_shomadhan/Dhan-Shomadhan/White Background/Rice Blast/rb_wb_102.jpg,5606df888140983e506005a3e9898f00e3e79c18e607a99c5343f3aed13fda4c,ml/data/raw/dhan_shomadhan/Dhan-Shomadhan/White Background/Rice Blast/rb_wb_102.jpg,CC BY 4.0,feuille,pyriculariose_feuille,,,,,1
ml/data/raw/dhan_shomadhan/Dhan-Shomadhan/White Background/Rice Blast/rb_wb_103.jpg,d7ffcfb498b47559f47ad58095635e0a576f1ab072243b9f978837e2de791b85,ml/data/raw/dhan_shomadhan/Dhan-Shomadhan/White Background/Rice Blast/rb_wb_103.jpg,CC BY 4.0,feuille,pyriculariose_feuille,,,,,1
ml/data/raw/dhan_shomadhan/Dhan-Shomadhan/White Background/Rice Blast/rb_wb_104.jpg,ca87ce719d1ec4277d56953285a382253ee0d22fcf87f296457bc8a41cf48baf,ml/data/raw/dhan_shomadhan/Dhan-Shomadhan/White Background/Rice Blast/rb_wb_104.jpg,CC BY 4.0,feuille,pyriculariose_feuille,,,,,1
ml/data/raw/dhan_shomadhan/Dhan-Shomadhan/White Background/Rice Blast/rb_wb_105.jpg,0603e9a45c77f9f26ded8aafe96545e16991c6bd7813d5801d354d1b2bef6e2b,ml/data/raw/dhan_shomadhan/Dhan-Shomadhan/White Background/Rice Blast/rb_wb_105.jpg,CC BY 4.0,feuille,pyriculariose_feuille,,,,,1
ml/data/raw/dhan_shomadhan/Dhan-Shomadhan/White Background/Rice Blast/rb_wb_106.jpg,fbad31f1ce13bd1b565572f461416589adf2927500e39a060ee6b863529d6f8b,ml/data/raw/dhan_shomadhan/Dhan-Shomadhan/White Background/Rice Blast/rb_wb_106.jpg,CC BY 4.0,feuille,pyriculariose_feuille,,,,,1
ml/data/raw/dhan_shomadhan/Dhan-Shomadhan/White Background/Rice Blast/rb_wb_107.jpg,59868d221b225e387e723c9bce05e94bb322048ff32d5790c50f152a5c80be97,ml/data/raw/dhan_shomadhan/Dhan-Shomadhan/White Background/Rice Blast/rb_wb_107.jpg,CC BY 4.0,feuille,pyriculariose_feuille,,,,,1
ml/data/raw/dhan_shomadhan/Dhan-Shomadhan/White Background/Rice Blast/rb_wb_108.jpg,37abc8ab7e889af1b1eb3d65829e7176e319aa1739f5b851050517f6099fc9af,ml/data/raw/dhan_shomadhan/Dhan-Shomadhan/White Background/Rice Blast/rb_wb_108.jpg,CC BY 4.0,feuille,pyriculariose_feuille,,,,,1
ml/data/raw/dhan_shomadhan/Dhan-Shomadhan/White Background/Rice Blast/rb_wb_109.jpg,59fdd3d96cd4effeaf08d07cc4c398d93a2d593fe68330518655de73cd80e5f2,ml/data/raw/dhan_shomadhan/Dhan-Shomadhan/White Background/Rice Blast/rb_wb_109.jpg,CC BY 4.0,feuille,pyriculariose_feuille,,,,,1
ml/data/raw/dhan_shomadhan/Dhan-Shomadhan/White Background/Rice Blast/rb_wb_11.jpg,6c93c23b291146d23af106583da3d1203ed8abe327755b0259c02a33d322b300,ml/data/raw/dhan_shomadhan/Dhan-Shomadhan/White Background/Rice Blast/rb_wb_11.jpg,CC BY 4.0,feuille,pyriculariose_feuille,,,,,1
ml/data/raw/dhan_shomadhan/Dhan-Shomadhan/White Background/Rice Blast/rb_wb_110.jpg,966f86830886dc3499248e9deaf5cc3715f2c484998c83ae3435641f78bcb518,ml/data/raw/dhan_shomadhan/Dhan-Shomadhan/White Background/Rice Blast/rb_wb_110.jpg,CC BY 4.0,feuille,pyriculariose_feuille,,,,,1
ml/data/raw/dhan_shomadhan/Dhan-Shomadhan/White Background/Rice Blast/rb_wb_111.jpg,490a63c99c0950658b2624fc03b4519601d0a9430ab90c23908aef5a37be1b1f,ml/data/raw/dhan_shomadhan/Dhan-Shomadhan/White Background/Rice Blast/rb_wb_111.jpg,CC BY 4.0,feuille,pyriculariose_feuille,,,,,1
ml/data/raw/dhan_shomadhan/Dhan-Shomadhan/White Background/Rice Blast/rb_wb_112.jpg,e14c8656d945d536b9f07710875ecf3509c007caad79940f1e8d1990241b053c,ml/data/raw/dhan_shomadhan/Dhan-Shomadhan/White Background/Rice Blast/rb_wb_112.jpg,CC BY 4.0,feuille,pyriculariose_feuille,,,,,1
ml/data/raw/dhan_shomadhan/Dhan-Shomadhan/White Background/Rice Blast/rb_wb_113.jpg,c170783c5bda2466988c742f1f9bfef9bfdd72322daa8ae1da08375fd067eb7e,ml/data/raw/dhan_shomadhan/Dhan-Shomadhan/White Background/Rice Blast/rb_wb_113.jpg,CC BY 4.0,feuille,pyriculariose_feuille,,,,,1
ml/data/raw/dhan_shomadhan/Dhan-Shomadhan/White Background/Rice Blast/rb_wb_114.jpg,77d5e37e6c75ded0bf2bf2e25023efe29bc80348d3ec9e5fc9cea30f5ab489e0,ml/data/raw/dhan_shomadhan/Dhan-Shomadhan/White Background/Rice Blast/rb_wb_114.jpg,CC BY 4.0,feuille,pyriculariose_feuille,,,,,1
ml/data/raw/dhan_shomadhan/Dhan-Shomadhan/White Background/Rice Blast/rb_wb_115.jpg,e3f6dcad4e50017f8cebcf10571ffc2a4ea9910a2638445435d71803513c65ba,ml/data/raw/dhan_shomadhan/Dhan-Shomadhan/White Background/Rice Blast/rb_wb_115.jpg,CC BY 4.0,feuille,pyriculariose_feuille,,,,,1
ml/data/raw/dhan_shomadhan/Dhan-Shomadhan/White Background/Rice Blast/rb_wb_116.jpg,860a7f19d551b6a182da643eff211d33318686910b9c2844624b938111f0b098,ml/data/raw/dhan_shomadhan/Dhan-Shomadhan/White Background/Rice Blast/rb_wb_116.jpg,CC BY 4.0,feuille,pyriculariose_feuille,,,,,1
ml/data/raw/dhan_shomadhan/Dhan-Shomadhan/White Background/Rice Blast/rb_wb_117.jpg,7168124d7f79bbe7cae3e3f29f18bad98a9a4e4d6d550fff06b55892813b60d3,ml/data/raw/dhan_shomadhan/Dhan-Shomadhan/White Background/Rice Blast/rb_wb_117.jpg,CC BY 4.0,feuille,pyriculariose_feuille,,,,,1
ml/data/raw/dhan_shomadhan/Dhan-Shomadhan/White Background/Rice Blast/rb_wb_118.jpg,a5e3af1b7ad455206163b9b2b65c2b059e2cd6dd67c1e0a0680d53ef8e914701,ml/data/raw/dhan_shomadhan/Dhan-Shomadhan/White Background/Rice Blast/rb_wb_118.jpg,CC BY 4.0,feuille,pyriculariose_feuille,,,,,1
ml/data/raw/dhan_shomadhan/Dhan-Shomadhan/White Background/Rice Blast/rb_wb_119.jpg,d33fb2f3914c265aef617d891fd344835fcb83eb4083f1dab9d0a418b999cd08,ml/data/raw/dhan_shomadhan/Dhan-Shomadhan/White Background/Rice Blast/rb_wb_119.jpg,CC BY 4.0,feuille,pyriculariose_feuille,,,,,1
ml/data/raw/dhan_shomadhan/Dhan-Shomadhan/White Background/Rice Blast/rb_wb_12.jpg,5ba908f8e0dded2218a60b877f11c01fd92ff1ba4207a2ca557edbe0633b9fa0,ml/data/raw/dhan_shomadhan/Dhan-Shomadhan/White Background/Rice Blast/rb_wb_12.jpg,CC BY 4.0,feuille,pyriculariose_feuille,,,,,1
ml/data/raw/dhan_shomadhan/Dhan-Shomadhan/White Background/Rice Blast/rb_wb_120.jpg,aad2b7e87d26d14b5eae05f66fe26475a9f6dbca8920efcb5207f13bb1ca105a,ml/data/raw/dhan_shomadhan/Dhan-Shomadhan/White Background/Rice Blast/rb_wb_120.jpg,CC BY 4.0,feuille,pyriculariose_feuille,,,,,1
ml/data/raw/dhan_shomadhan/Dhan-Shomadhan/White Background/Rice Blast/rb_wb_121.jpg,6bc27289ead2180270ca82d7cbc728d11d804feea20256bb0f7e22023b654d42,ml/data/raw/dhan_shomadhan/Dhan-Shomadhan/White Background/Rice Blast/rb_wb_121.jpg,CC BY 4.0,feuille,pyriculariose_feuille,,,,,1
ml/data/raw/dhan_shomadhan/Dhan-Shomadhan/White Background/Rice Blast/rb_wb_122.jpg,5f61de74a08aceb8fb5c8220b528c350e008b8f375312f5572f85dfcf83811b1,ml/data/raw/dhan_shomadhan/Dhan-Shomadhan/White Background/Rice Blast/rb_wb_122.jpg,CC BY 4.0,feuille,pyriculariose_feuille,,,,,1
ml/data/raw/dhan_shomadhan/Dhan-Shomadhan/White Background/Rice Blast/rb_wb_123.jpg,014d77892d0ccdbb8203bc18b817cd5a1da34d4a9e4de2ec435b0a7d845ea8a8,ml/data/raw/dhan_shomadhan/Dhan-Shomadhan/White Background/Rice Blast/rb_wb_123.jpg,CC BY 4.0,feuille,pyriculariose_feuille,,,,,1
ml/data/raw/dhan_shomadhan/Dhan-Shomadhan/White Background/Rice Blast/rb_wb_124.jpg,6a80d61ddcac71bfb08c20af3dc0ffefd2869d0ed4a69e40e815b34f33c37ff0,ml/data/raw/dhan_shomadhan/Dhan-Shomadhan/White Background/Rice Blast/rb_wb_124.jpg,CC BY 4.0,feuille,pyriculariose_feuille,,,,,1
ml/data/raw/dhan_shomadhan/Dhan-Shomadhan/White Background/Rice Blast/rb_wb_125.jpg,f7149bb2e40174c809c0259853639274cf353db531faa0a9ef7870cd4e882d6c,ml/data/raw/dhan_shomadhan/Dhan-Shomadhan/White Background/Rice Blast/rb_wb_125.jpg,CC BY 4.0,feuille,pyriculariose_feuille,,,,,1
ml/data/raw/dhan_shomadhan/Dhan-Shomadhan/White Background/Rice Blast/rb_wb_126.jpg,5aebeeeafe7ac0bd97ddb608a0e431736a9b60528b55cda40f7d247f73514ed1,ml/data/raw/dhan_shomadhan/Dhan-Shomadhan/White Background/Rice Blast/rb_wb_126.jpg,CC BY 4.0,feuille,pyriculariose_feuille,,,,,1
ml/data/raw/dhan_shomadhan/Dhan-Shomadhan/White Background/Rice Blast/rb_wb_127.jpg,044bd93866bcbf9700802efab792aecd5aecf13f023020f94c1b75b5632adea9,ml/data/raw/dhan_shomadhan/Dhan-Shomadhan/White Background/Rice Blast/rb_wb_127.jpg,CC BY 4.0,feuille,pyriculariose_feuille,,,,,1
ml/data/raw/dhan_shomadhan/Dhan-Shomadhan/White Background/Rice Blast/rb_wb_128.jpg,2c5cd7b2e59ea8c7edfebd803ad0f8f89d73c500eddb86f6b56fda1c1ac96fa0,ml/data/raw/dhan_shomadhan/Dhan-Shomadhan/White Background/Rice Blast/rb_wb_128.jpg,CC BY 4.0,feuille,pyriculariose_feuille,,,,,1
ml/data/raw/dhan_shomadhan/Dhan-Shomadhan/White Background/Rice Blast/rb_wb_129.jpg,c1a525c326918dfc08e696dfdfff1ca08ce4822074c54f2e6f14d8491cbad031,ml/data/raw/dhan_shomadhan/Dhan-Shomadhan/White Background/Rice Blast/rb_wb_129.jpg,CC BY 4.0,feuille,pyriculariose_feuille,,,,,1
ml/data/raw/dhan_shomadhan/Dhan-Shomadhan/White Background/Rice Blast/rb_wb_13.jpg,2e8f95cd7acfd5179df7b5063cdbfdba6f49cd410ca7e6a3c41aa634fb7f0e82,ml/data/raw/dhan_shomadhan/Dhan-Shomadhan/White Background/Rice Blast/rb_wb_13.jpg,CC BY 4.0,feuille,pyriculariose_feuille,,,,,1
ml/data/raw/dhan_shomadhan/Dhan-Shomadhan/White Background/Rice Blast/rb_wb_130.jpg,1b2309824b5f543e601c715d8d254516e8a93111f35dd9e53edcb4920b4e80a4,ml/data/raw/dhan_shomadhan/Dhan-Shomadhan/White Background/Rice Blast/rb_wb_130.jpg,CC BY 4.0,feuille,pyriculariose_feuille,,,,,1
ml/data/raw/dhan_shomadhan/Dhan-Shomadhan/White Background/Rice Blast/rb_wb_131.jpg,5f6f32ccca077ddab405763e78783facbac9090b0c9530e706cf25b6825304b3,ml/data/raw/dhan_shomadhan/Dhan-Shomadhan/White Background/Rice Blast/rb_wb_131.jpg,CC BY 4.0,feuille,pyriculariose_feuille,,,,,1
ml/data/raw/dhan_shomadhan/Dhan-Shomadhan/White Background/Rice Blast/rb_wb_132.jpg,8e7ca32734d4d55ca58f9c4a50358af7a7032ffc6305fa23299715ba0c342e64,ml/data/raw/dhan_shomadhan/Dhan-Shomadhan/White Background/Rice Blast/rb_wb_132.jpg,CC BY 4.0,feuille,pyriculariose_feuille,,,,,1
ml/data/raw/dhan_shomadhan/Dhan-Shomadhan/White Background/Rice Blast/rb_wb_133.jpg,a93c3e37f40ebfce9c98bee9d084c28b478907e582508be117201f8e1e90a7d4,ml/data/raw/dhan_shomadhan/Dhan-Shomadhan/White Background/Rice Blast/rb_wb_133.jpg,CC BY 4.0,feuille,pyriculariose_feuille,,,,,1
ml/data/raw/dhan_shomadhan/Dhan-Shomadhan/White Background/Rice Blast/rb_wb_134.jpg,7a4820455156097a99450ac0243568f62156c9a3689e849b5b4c65704ce3c63c,ml/data/raw/dhan_shomadhan/Dhan-Shomadhan/White Background/Rice Blast/rb_wb_134.jpg,CC BY 4.0,feuille,pyriculariose_feuille,,,,,1
ml/data/raw/dhan_shomadhan/Dhan-Shomadhan/White Background/Rice Blast/rb_wb_135.jpg,e04a3d5ce5b29219020870ac79f7b97125de2b9d5890869617f4847499b6ed75,ml/data/raw/dhan_shomadhan/Dhan-Shomadhan/White Background/Rice Blast/rb_wb_135.jpg,CC BY 4.0,feuille,pyriculariose_feuille,,,,,1
ml/data/raw/dhan_shomadhan/Dhan-Shomadhan/White Background/Rice Blast/rb_wb_136.jpg,6f3c37c838568e7e6cd81e63bf6bff2d69afb751fe3eba682ad0eb3ee7ac7fb6,ml/data/raw/dhan_shomadhan/Dhan-Shomadhan/White Background/Rice Blast/rb_wb_136.jpg,CC BY 4.0,feuille,pyriculariose_feuille,,,,,1
ml/data/raw/dhan_shomadhan/Dhan-Shomadhan/White Background/Rice Blast/rb_wb_137.jpg,0a1102aafdc32acf5d0ecf94b881dfcda07d8bf96267c31e32e056882bc1177c,ml/data/raw/dhan_shomadhan/Dhan-Shomadhan/White Background/Rice Blast/rb_wb_137.jpg,CC BY 4.0,feuille,pyriculariose_feuille,,,,,1
ml/data/raw/dhan_shomadhan/Dhan-Shomadhan/White Background/Rice Blast/rb_wb_138.jpg,31c0d27483dba2cf9e1b10cac8cc09bbd9f7b104082541de8f5be7d0927e6531,ml/data/raw/dhan_shomadhan/Dhan-Shomadhan/White Background/Rice Blast/rb_wb_138.jpg,CC BY 4.0,feuille,pyriculariose_feuille,,,,,1
ml/data/raw/dhan_shomadhan/Dhan-Shomadhan/White Background/Rice Blast/rb_wb_139.jpg,6238049b407b9aad65117eada04e8d178418e4f989b8b1919233ccc1ac30e192,ml/data/raw/dhan_shomadhan/Dhan-Shomadhan/White Background/Rice Blast/rb_wb_139.jpg,CC BY 4.0,feuille,pyriculariose_feuille,,,,,1
ml/data/raw/dhan_shomadhan/Dhan-Shomadhan/White Background/Rice Blast/rb_wb_14.jpg,322f554d564e475ce33e15f547a6de1a3017fc5d1dcefead6eb71bd1c2a7500e,ml/data/raw/dhan_shomadhan/Dhan-Shomadhan/White Background/Rice Blast/rb_wb_14.jpg,CC BY 4.0,feuille,pyriculariose_feuille,,,,,1
ml/data/raw/dhan_shomadhan/Dhan-Shomadhan/White Background/Rice Blast/rb_wb_140.jpg,0e0099e180339a67fd2228609fe30ba87a6154324b8821307405cef8918ec16f,ml/data/raw/dhan_shomadhan/Dhan-Shomadhan/White Background/Rice Blast/rb_wb_140.jpg,CC BY 4.0,feuille,pyriculariose_feuille,,,,,1
ml/data/raw/dhan_shomadhan/Dhan-Shomadhan/White Background/Rice Blast/rb_wb_141.jpg,e96c9a56ff1288e5e06cbd2451589f06924cd36401437838a034572ba6fa8143,ml/data/raw/dhan_shomadhan/Dhan-Shomadhan/White Background/Rice Blast/rb_wb_141.jpg,CC BY 4.0,feuille,pyriculariose_feuille,,,,,1
ml/data/raw/dhan_shomadhan/Dhan-Shomadhan/White Background/Rice Blast/rb_wb_142.jpg,aad4bf9c3910ac9bcb31064f32077bc2b2c4ef63da6416fd222b9673b9bd2110,ml/data/raw/dhan_shomadhan/Dhan-Shomadhan/White Background/Rice Blast/rb_wb_142.jpg,CC BY 4.0,feuille,pyriculariose_feuille,,,,,1
ml/data/raw/dhan_shomadhan/Dhan-Shomadhan/White Background/Rice Blast/rb_wb_143.jpg,e0131fcc065ae809711ea71adebdbbc9ac45e32820ce9cac233403b5bf6fe627,ml/data/raw/dhan_shomadhan/Dhan-Shomadhan/White Background/Rice Blast/rb_wb_143.jpg,CC BY 4.0,feuille,pyriculariose_feuille,,,,,1
ml/data/raw/dhan_shomadhan/Dhan-Shomadhan/White Background/Rice Blast/rb_wb_144.jpg,956b76272e91863bbc4cbaef6aac7e535737f993b4131a73af8c0e92658b7a27,ml/data/raw/dhan_shomadhan/Dhan-Shomadhan/White Background/Rice Blast/rb_wb_144.jpg,CC BY 4.0,feuille,pyriculariose_feuille,,,,,1
ml/data/raw/dhan_shomadhan/Dhan-Shomadhan/White Background/Rice Blast/rb_wb_145.jpg,2b5ad4a70b27ea1cf8a3f11911f8cf22309cdd56f4b185d76ee20ce44e5c4d2f,ml/data/raw/dhan_shomadhan/Dhan-Shomadhan/White Background/Rice Blast/rb_wb_145.jpg,CC BY 4.0,feuille,pyriculariose_feuille,,,,,1
ml/data/raw/dhan_shomadhan/Dhan-Shomadhan/White Background/Rice Blast/rb_wb_146.jpg,070a0979370b0ceb6f965e21d7db8b57d2aae4f5f55d1a79d4f7fbdedee8c5f7,ml/data/raw/dhan_shomadhan/Dhan-Shomadhan/White Background/Rice Blast/rb_wb_146.jpg,CC BY 4.0,feuille,pyriculariose_feuille,,,,,1
ml/data/raw/dhan_shomadhan/Dhan-Shomadhan/White Background/Rice Blast/rb_wb_147.jpg,b2892a6591e9c4ea670624f60201578a589f9866786fd12ba24ba203b4571660,ml/data/raw/dhan_shomadhan/Dhan-Shomadhan/White Background/Rice Blast/rb_wb_147.jpg,CC BY 4.0,feuille,pyriculariose_feuille,,,,,1
ml/data/raw/dhan_shomadhan/Dhan-Shomadhan/White Background/Rice Blast/rb_wb_148.jpg,8ea8033e8db89cb3ba2a27309eecb24403c03730b9bc99a27c9b30bf831afc6a,ml/data/raw/dhan_shomadhan/Dhan-Shomadhan/White Background/Rice Blast/rb_wb_148.jpg,CC BY 4.0,feuille,pyriculariose_feuille,,,,,1
ml/data/raw/dhan_shomadhan/Dhan-Shomadhan/White Background/Rice Blast/rb_wb_149.jpg,ce8b9e845b1a1900362fdef0c1869dc5aa98d9c2ea518753e8b1f456b2fa8872,ml/data/raw/dhan_shomadhan/Dhan-Shomadhan/White Background/Rice Blast/rb_wb_149.jpg,CC BY 4.0,feuille,pyriculariose_feuille,,,,,1
ml/data/raw/dhan_shomadhan/Dhan-Shomadhan/White Background/Rice Blast/rb_wb_15.jpg,dbb225db7dab709311e5f9790362606cd02e3971d618059d6a72c2d6b799d91f,ml/data/raw/dhan_shomadhan/Dhan-Shomadhan/White Background/Rice Blast/rb_wb_15.jpg,CC BY 4.0,feuille,pyriculariose_feuille,,,,,1
ml/data/raw/dhan_shomadhan/Dhan-Shomadhan/White Background/Rice Blast/rb_wb_150.jpg,032c06918a97193ee9ac50e4ce8b3d8a5d4ca21b8e55f1a4d23dfcb6b977284d,ml/data/raw/dhan_shomadhan/Dhan-Shomadhan/White Background/Rice Blast/rb_wb_150.jpg,CC BY 4.0,feuille,pyriculariose_feuille,,,,,1
ml/data/raw/dhan_shomadhan/Dhan-Shomadhan/White Background/Rice Blast/rb_wb_151.jpg,ef9c04f9b4704b0b06e73b5cea2e49261818deaa0de350809e81892d1834f519,ml/data/raw/dhan_shomadhan/Dhan-Shomadhan/White Background/Rice Blast/rb_wb_151.jpg,CC BY 4.0,feuille,pyriculariose_feuille,,,,,1
ml/data/raw/dhan_shomadhan/Dhan-Shomadhan/White Background/Rice Blast/rb_wb_152.jpg,147122ed99caeb3142e94bc8923c8b26de4bf9fb3f8a9d0dc71579ac28bf1731,ml/data/raw/dhan_shomadhan/Dhan-Shomadhan/White Background/Rice Blast/rb_wb_152.jpg,CC BY 4.0,feuille,pyriculariose_feuille,,,,,1
ml/data/raw/dhan_shomadhan/Dhan-Shomadhan/White Background/Rice Blast/rb_wb_153.jpg,07be56ded0447066035f515735611e7b6c564824d07821f48c62bb385633a09f,ml/data/raw/dhan_shomadhan/Dhan-Shomadhan/White Background/Rice Blast/rb_wb_153.jpg,CC BY 4.0,feuille,pyriculariose_feuille,,,,,1
ml/data/raw/dhan_shomadhan/Dhan-Shomadhan/White Background/Rice Blast/rb_wb_154.jpg,ed462f5ee0c419475bbc4362c7784b67353f6d604f7cb088bbffbc65a23176e2,ml/data/raw/dhan_shomadhan/Dhan-Shomadhan/White Background/Rice Blast/rb_wb_154.jpg,CC BY 4.0,feuille,pyriculariose_feuille,,,,,1
ml/data/raw/dhan_shomadhan/Dhan-Shomadhan/White Background/Rice Blast/rb_wb_155.jpg,17d4aac4a9cdf7842dd9fbaf47341bc85fe6d4bdcf191a794ecc352d8916770a,ml/data/raw/dhan_shomadhan/Dhan-Shomadhan/White Background/Rice Blast/rb_wb_155.jpg,CC BY 4.0,feuille,pyriculariose_feuille,,,,,1
ml/data/raw/dhan_shomadhan/Dhan-Shomadhan/White Background/Rice Blast/rb_wb_156.jpg,7eba858f11000dbe6c3e5bfca6df90b408b85fef8eaf127e06ca15409be4cb37,ml/data/raw/dhan_shomadhan/Dhan-Shomadhan/White Background/Rice Blast/rb_wb_156.jpg,CC BY 4.0,feuille,pyriculariose_feuille,,,,,1
ml/data/raw/dhan_shomadhan/Dhan-Shomadhan/White Background/Rice Blast/rb_wb_157.jpg,8533f055f0c81b7cdedbbbdfd1ddf4a8410cf583207ac3c79e7789204b12c671,ml/data/raw/dhan_shomadhan/Dhan-Shomadhan/White Background/Rice Blast/rb_wb_157.jpg,CC BY 4.0,feuille,pyriculariose_feuille,,,,,1
ml/data/raw/dhan_shomadhan/Dhan-Shomadhan/White Background/Rice Blast/rb_wb_158.jpg,e59f6221918f5db22f08ac930b1f79953498ecc4ebac648a926201930e19eaf5,ml/data/raw/dhan_shomadhan/Dhan-Shomadhan/White Background/Rice Blast/rb_wb_158.jpg,CC BY 4.0,feuille,pyriculariose_feuille,,,,,1
ml/data/raw/dhan_shomadhan/Dhan-Shomadhan/White Background/Rice Blast/rb_wb_159.jpg,aeb83c75f09b0b3a57052d6c477618b84cd9bc0bb0aa951f06684c26510f2f53,ml/data/raw/dhan_shomadhan/Dhan-Shomadhan/White Background/Rice Blast/rb_wb_159.jpg,CC BY 4.0,feuille,pyriculariose_feuille,,,,,1
ml/data/raw/dhan_shomadhan/Dhan-Shomadhan/White Background/Rice Blast/rb_wb_16.jpg,6fe04dbfa07ece2379a5d7ffd25ae145e3e7a0651abeb3317f0dd2395aa6e0df,ml/data/raw/dhan_shomadhan/Dhan-Shomadhan/White Background/Rice Blast/rb_wb_16.jpg,CC BY 4.0,feuille,pyriculariose_feuille,,,,,1
ml/data/raw/dhan_shomadhan/Dhan-Shomadhan/White Background/Rice Blast/rb_wb_160.jpg,63af6898a77e5753d5d66ef4976076de690bbf90418cb2e868375878add77203,ml/data/raw/dhan_shomadhan/Dhan-Shomadhan/White Background/Rice Blast/rb_wb_160.jpg,CC BY 4.0,feuille,pyriculariose_feuille,,,,,1
ml/data/raw/dhan_shomadhan/Dhan-Shomadhan/White Background/Rice Blast/rb_wb_161.jpg,bb6926bb28409003e7d384cccfaa47efba7a5360074dc0923403b5290c34d40e,ml/data/raw/dhan_shomadhan/Dhan-Shomadhan/White Background/Rice Blast/rb_wb_161.jpg,CC BY 4.0,feuille,pyriculariose_feuille,,,,,1
ml/data/raw/dhan_shomadhan/Dhan-Shomadhan/White Background/Rice Blast/rb_wb_162.jpg,b119ee3d64103b92665b7b2e162873bfd767f9f1085fd0083b3ec6dd77570010,ml/data/raw/dhan_shomadhan/Dhan-Shomadhan/White Background/Rice Blast/rb_wb_162.jpg,CC BY 4.0,feuille,pyriculariose_feuille,,,,,1
ml/data/raw/dhan_shomadhan/Dhan-Shomadhan/White Background/Rice Blast/rb_wb_163.jpg,b8034ae64e88e21a1c268f0324e54a462d6bc6b48bdbbda899d1c3955a200b4e,ml/data/raw/dhan_shomadhan/Dhan-Shomadhan/White Background/Rice Blast/rb_wb_163.jpg,CC BY 4.0,feuille,pyriculariose_feuille,,,,,1
ml/data/raw/dhan_shomadhan/Dhan-Shomadhan/White Background/Rice Blast/rb_wb_164.jpg,c5404220d1cdb6014e5be15720781e47bab28f4cf6682649f953a800fbc2c3a6,ml/data/raw/dhan_shomadhan/Dhan-Shomadhan/White Background/Rice Blast/rb_wb_164.jpg,CC BY 4.0,feuille,pyriculariose_feuille,,,,,1
ml/data/raw/dhan_shomadhan/Dhan-Shomadhan/White Background/Rice Blast/rb_wb_165.jpg,5ad9651d0494dfe29e006ac2b4a5bb5ddc0b6e4e4d360dfd760a2a7312753404,ml/data/raw/dhan_shomadhan/Dhan-Shomadhan/White Background/Rice Blast/rb_wb_165.jpg,CC BY 4.0,feuille,pyriculariose_feuille,,,,,1
ml/data/raw/dhan_shomadhan/Dhan-Shomadhan/White Background/Rice Blast/rb_wb_166.jpg,de849df9440174779ac5d825816ad1f482a783b34122ae30b30b7ee3f6b526cd,ml/data/raw/dhan_shomadhan/Dhan-Shomadhan/White Background/Rice Blast/rb_wb_166.jpg,CC BY 4.0,feuille,pyriculariose_feuille,,,,,1
ml/data/raw/dhan_shomadhan/Dhan-Shomadhan/White Background/Rice Blast/rb_wb_167.jpg,4f0e7db6efb348ad2f11f02be6f2fb0f18b06a641d6b162208d750ccbce19f6f,ml/data/raw/dhan_shomadhan/Dhan-Shomadhan/White Background/Rice Blast/rb_wb_167.jpg,CC BY 4.0,feuille,pyriculariose_feuille,,,,,1
ml/data/raw/dhan_shomadhan/Dhan-Shomadhan/White Background/Rice Blast/rb_wb_168.jpg,4fd54c49df6812306b37a8936510a9e172a8e53e71493ddad142d91f8d765f69,ml/data/raw/dhan_shomadhan/Dhan-Shomadhan/White Background/Rice Blast/rb_wb_168.jpg,CC BY 4.0,feuille,pyriculariose_feuille,,,,,1
ml/data/raw/dhan_shomadhan/Dhan-Shomadhan/White Background/Rice Blast/rb_wb_169.jpg,6b9569bfd5d93496cde2f01ae956f22cb546b25442bd0fbeb7265d420eaac20f,ml/data/raw/dhan_shomadhan/Dhan-Shomadhan/White Background/Rice Blast/rb_wb_169.jpg,CC BY 4.0,feuille,pyriculariose_feuille,,,,,1
ml/data/raw/dhan_shomadhan/Dhan-Shomadhan/White Background/Rice Blast/rb_wb_17.jpg,b4d748be96fd3b2a119e9831c539678fe74e206fdf42c3a8aa25b97c7a2dba17,ml/data/raw/dhan_shomadhan/Dhan-Shomadhan/White Background/Rice Blast/rb_wb_17.jpg,CC BY 4.0,feuille,pyriculariose_feuille,,,,,1
ml/data/raw/dhan_shomadhan/Dhan-Shomadhan/White Background/Rice Blast/rb_wb_170.jpg,61afa103c2261aa411a38f27991beb6c4f98db55c81f257f50d9ff0a7fbb9e4b,ml/data/raw/dhan_shomadhan/Dhan-Shomadhan/White Background/Rice Blast/rb_wb_170.jpg,CC BY 4.0,feuille,pyriculariose_feuille,,,,,1
ml/data/raw/dhan_shomadhan/Dhan-Shomadhan/White Background/Rice Blast/rb_wb_171.jpg,898d8af84ba127ca1f48f938905a2cca4fda19db1ed5e62fd941b399620588e1,ml/data/raw/dhan_shomadhan/Dhan-Shomadhan/White Background/Rice Blast/rb_wb_171.jpg,CC BY 4.0,feuille,pyriculariose_feuille,,,,,1
ml/data/raw/dhan_shomadhan/Dhan-Shomadhan/White Background/Rice Blast/rb_wb_172.jpg,1839d395d5e7cc8351d1bb47fc86f1ecb3e243be08992a66fc3f903c19248599,ml/data/raw/dhan_shomadhan/Dhan-Shomadhan/White Background/Rice Blast/rb_wb_172.jpg,CC BY 4.0,feuille,pyriculariose_feuille,,,,,1
ml/data/raw/dhan_shomadhan/Dhan-Shomadhan/White Background/Rice Blast/rb_wb_173.jpg,7abf06d8b498a138e57ce83de8e53a681b35c72dd1d10b5e5f35820d46a0a37e,ml/data/raw/dhan_shomadhan/Dhan-Shomadhan/White Background/Rice Blast/rb_wb_173.jpg,CC BY 4.0,feuille,pyriculariose_feuille,,,,,1
ml/data/raw/dhan_shomadhan/Dhan-Shomadhan/White Background/Rice Blast/rb_wb_174.jpg,34f333d67a6e76e9f1f85c4d1c8dd05bf1dbe26abfb355cebf973c7632b92634,ml/data/raw/dhan_shomadhan/Dhan-Shomadhan/White Background/Rice Blast/rb_wb_174.jpg,CC BY 4.0,feuille,pyriculariose_feuille,,,,,1
ml/data/raw/dhan_shomadhan/Dhan-Shomadhan/White Background/Rice Blast/rb_wb_175.jpg,8c0245bb450079318d37dad98269899d4865aa9f212a295f5a06dc5d5e0ff248,ml/data/raw/dhan_shomadhan/Dhan-Shomadhan/White Background/Rice Blast/rb_wb_175.jpg,CC BY 4.0,feuille,pyriculariose_feuille,,,,,1
ml/data/raw/dhan_shomadhan/Dhan-Shomadhan/White Background/Rice Blast/rb_wb_176.jpg,6f7fc1b57101a23cd5606e955c582cd944736b6c7ba392ca15afc0641337a615,ml/data/raw/dhan_shomadhan/Dhan-Shomadhan/White Background/Rice Blast/rb_wb_176.jpg,CC BY 4.0,feuille,pyriculariose_feuille,,,,,1
ml/data/raw/dhan_shomadhan/Dhan-Shomadhan/White Background/Rice Blast/rb_wb_177.jpg,2ff17e11a0f5c2b3ef848cbd4a08890aa81d7fcc84003c067ea8f7a498274852,ml/data/raw/dhan_shomadhan/Dhan-Shomadhan/White Background/Rice Blast/rb_wb_177.jpg,CC BY 4.0,feuille,pyriculariose_feuille,,,,,1
ml/data/raw/dhan_shomadhan/Dhan-Shomadhan/White Background/Rice Blast/rb_wb_178.jpg,901d4a92e9c4f086f0a205a7f904699234a3a280273a2af4cc7673f208344bec,ml/data/raw/dhan_shomadhan/Dhan-Shomadhan/White Background/Rice Blast/rb_wb_178.jpg,CC BY 4.0,feuille,pyriculariose_feuille,,,,,1
ml/data/raw/dhan_shomadhan/Dhan-Shomadhan/White Background/Rice Blast/rb_wb_179.jpg,f8aa7712582a5c7c1102c75245784a1b59212a0298a0bd89e9aa949557c0ceeb,ml/data/raw/dhan_shomadhan/Dhan-Shomadhan/White Background/Rice Blast/rb_wb_179.jpg,CC BY 4.0,feuille,pyriculariose_feuille,,,,,1
ml/data/raw/dhan_shomadhan/Dhan-Shomadhan/White Background/Rice Blast/rb_wb_18.jpg,f364778780a2781ab9ce3c547ebbf79597f26a35b3b83c593c50f311ef646a87,ml/data/raw/dhan_shomadhan/Dhan-Shomadhan/White Background/Rice Blast/rb_wb_18.jpg,CC BY 4.0,feuille,pyriculariose_feuille,,,,,1
ml/data/raw/dhan_shomadhan/Dhan-Shomadhan/White Background/Rice Blast/rb_wb_180.jpg,16e64b0d5427908bb786e0512ccc4079a1f51e1a02094e2b9fc264658bfeee69,ml/data/raw/dhan_shomadhan/Dhan-Shomadhan/White Background/Rice Blast/rb_wb_180.jpg,CC BY 4.0,feuille,pyriculariose_feuille,,,,,1
ml/data/raw/dhan_shomadhan/Dhan-Shomadhan/White Background/Rice Blast/rb_wb_181.jpg,1cca8bf34867b6d8fa1e3a820a4ca07ab280442d75ecb6db50b57e255b05e634,ml/data/raw/dhan_shomadhan/Dhan-Shomadhan/White Background/Rice Blast/rb_wb_181.jpg,CC BY 4.0,feuille,pyriculariose_feuille,,,,,1
ml/data/raw/dhan_shomadhan/Dhan-Shomadhan/White Background/Rice Blast/rb_wb_182.jpg,82a5d644e9e592c6bec4f050c4b89b64c4a2d54c7616292111ce710395fd1b72,ml/data/raw/dhan_shomadhan/Dhan-Shomadhan/White Background/Rice Blast/rb_wb_182.jpg,CC BY 4.0,feuille,pyriculariose_feuille,,,,,1
ml/data/raw/dhan_shomadhan/Dhan-Shomadhan/White Background/Rice Blast/rb_wb_183.jpg,c5e1a71b1023201538ffa1094f8c1da7f6ca62ed790c9be273ca9e8aee6ae90c,ml/data/raw/dhan_shomadhan/Dhan-Shomadhan/White Background/Rice Blast/rb_wb_183.jpg,CC BY 4.0,feuille,pyriculariose_feuille,,,,,1
ml/data/raw/dhan_shomadhan/Dhan-Shomadhan/White Background/Rice Blast/rb_wb_184.jpg,f5d43348795f1095fc8de4a8d584643de8c948abc45b20f50e3b709284308d74,ml/data/raw/dhan_shomadhan/Dhan-Shomadhan/White Background/Rice Blast/rb_wb_184.jpg,CC BY 4.0,feuille,pyriculariose_feuille,,,,,1
ml/data/raw/dhan_shomadhan/Dhan-Shomadhan/White Background/Rice Blast/rb_wb_185.jpg,6773e7b3b32ae96690518a4d6cbb6fd5d7212adc2662fc95b56ebba3f1e03013,ml/data/raw/dhan_shomadhan/Dhan-Shomadhan/White Background/Rice Blast/rb_wb_185.jpg,CC BY 4.0,feuille,pyriculariose_feuille,,,,,1
ml/data/raw/dhan_shomadhan/Dhan-Shomadhan/White Background/Rice Blast/rb_wb_186.jpg,57b167ebf3949b591e4342b224766cccab75481018026b2c8a3da411da91a905,ml/data/raw/dhan_shomadhan/Dhan-Shomadhan/White Background/Rice Blast/rb_wb_186.jpg,CC BY 4.0,feuille,pyriculariose_feuille,,,,,1
ml/data/raw/dhan_shomadhan/Dhan-Shomadhan/White Background/Rice Blast/rb_wb_187.jpg,66c95d8528e66cbf282a28c72af011af942e31d540cb146f7bc0a7884b44d0db,ml/data/raw/dhan_shomadhan/Dhan-Shomadhan/White Background/Rice Blast/rb_wb_187.jpg,CC BY 4.0,feuille,pyriculariose_feuille,,,,,1
ml/data/raw/dhan_shomadhan/Dhan-Shomadhan/White Background/Rice Blast/rb_wb_188.jpg,51932cef707733586a19577f6c16b0370e1a1bcfd7cc95054ff36bb0346885f3,ml/data/raw/dhan_shomadhan/Dhan-Shomadhan/White Background/Rice Blast/rb_wb_188.jpg,CC BY 4.0,feuille,pyriculariose_feuille,,,,,1
ml/data/raw/dhan_shomadhan/Dhan-Shomadhan/White Background/Rice Blast/rb_wb_189.jpg,2fdb053651064fb8ffeff7ce9bc2b2723ae0535522ce05b7bb2d9b4abff59dee,ml/data/raw/dhan_shomadhan/Dhan-Shomadhan/White Background/Rice Blast/rb_wb_189.jpg,CC BY 4.0,feuille,pyriculariose_feuille,,,,,1
ml/data/raw/dhan_shomadhan/Dhan-Shomadhan/White Background/Rice Blast/rb_wb_19.jpg,85c24c27738f6d6a9966eecd04a066ac39aad365ad662c1080f45768daf211b4,ml/data/raw/dhan_shomadhan/Dhan-Shomadhan/White Background/Rice Blast/rb_wb_19.jpg,CC BY 4.0,feuille,pyriculariose_feuille,,,,,1
ml/data/raw/dhan_shomadhan/Dhan-Shomadhan/White Background/Rice Blast/rb_wb_190.jpg,82162cf3ae0dd4d2ce6a94ded06202a025541fa9c10ea870baec75cc14cbf9bf,ml/data/raw/dhan_shomadhan/Dhan-Shomadhan/White Background/Rice Blast/rb_wb_190.jpg,CC BY 4.0,feuille,pyriculariose_feuille,,,,,1
ml/data/raw/dhan_shomadhan/Dhan-Shomadhan/White Background/Rice Blast/rb_wb_191.jpg,b123f108d344cd9410b3fa1c81fc6b7702c15b822f8371aed8f552cd4b6eab9f,ml/data/raw/dhan_shomadhan/Dhan-Shomadhan/White Background/Rice Blast/rb_wb_191.jpg,CC BY 4.0,feuille,pyriculariose_feuille,,,,,1
ml/data/raw/dhan_shomadhan/Dhan-Shomadhan/White Background/Rice Blast/rb_wb_192.jpg,d363ddb7050809a9f8894258108679f729bf5160f6956a10e8233bb22bcc10d6,ml/data/raw/dhan_shomadhan/Dhan-Shomadhan/White Background/Rice Blast/rb_wb_192.jpg,CC BY 4.0,feuille,pyriculariose_feuille,,,,,1
ml/data/raw/dhan_shomadhan/Dhan-Shomadhan/White Background/Rice Blast/rb_wb_193.jpg,c2d717510cc370309ff36a342518b1f814ee8d2011323404e45d653cefa75de2,ml/data/raw/dhan_shomadhan/Dhan-Shomadhan/White Background/Rice Blast/rb_wb_193.jpg,CC BY 4.0,feuille,pyriculariose_feuille,,,,,1
ml/data/raw/dhan_shomadhan/Dhan-Shomadhan/White Background/Rice Blast/rb_wb_194.jpg,46d2d0bd49310d33ddea524de58fb7eecb85258460dc82ce85dabc1c28b02fd4,ml/data/raw/dhan_shomadhan/Dhan-Shomadhan/White Background/Rice Blast/rb_wb_194.jpg,CC BY 4.0,feuille,pyriculariose_feuille,,,,,1
ml/data/raw/dhan_shomadhan/Dhan-Shomadhan/White Background/Rice Blast/rb_wb_195.jpg,6a53fc51f33de2b148edcd09f2771da4f705c20d2b3e52b7eaf914f46e1767da,ml/data/raw/dhan_shomadhan/Dhan-Shomadhan/White Background/Rice Blast/rb_wb_195.jpg,CC BY 4.0,feuille,pyriculariose_feuille,,,,,1
ml/data/raw/dhan_shomadhan/Dhan-Shomadhan/White Background/Rice Blast/rb_wb_196.jpg,a719f221def5d5104e095500d4bcfdc67ef384d787516f334e689655763aa296,ml/data/raw/dhan_shomadhan/Dhan-Shomadhan/White Background/Rice Blast/rb_wb_196.jpg,CC BY 4.0,feuille,pyriculariose_feuille,,,,,1
ml/data/raw/dhan_shomadhan/Dhan-Shomadhan/White Background/Rice Blast/rb_wb_197.jpg,5ecb9c957f81cef9bfd1d24fe5739077819a771bb50de242661e69e3eed8cb82,ml/data/raw/dhan_shomadhan/Dhan-Shomadhan/White Background/Rice Blast/rb_wb_197.jpg,CC BY 4.0,feuille,pyriculariose_feuille,,,,,1
ml/data/raw/dhan_shomadhan/Dhan-Shomadhan/White Background/Rice Blast/rb_wb_2.jpg,8627402de0e490a5573c7863b2138cecebe833b3d7ee642800f878de1a893730,ml/data/raw/dhan_shomadhan/Dhan-Shomadhan/White Background/Rice Blast/rb_wb_2.jpg,CC BY 4.0,feuille,pyriculariose_feuille,,,,,1
ml/data/raw/dhan_shomadhan/Dhan-Shomadhan/White Background/Rice Blast/rb_wb_20.jpg,df1dc4f4f8088b9fdcd3ea2d0e217055f05a8f0b9e80c07dfd93ea2967e58fe7,ml/data/raw/dhan_shomadhan/Dhan-Shomadhan/White Background/Rice Blast/rb_wb_20.jpg,CC BY 4.0,feuille,pyriculariose_feuille,,,,,1
ml/data/raw/dhan_shomadhan/Dhan-Shomadhan/White Background/Rice Blast/rb_wb_21.jpg,f46c1f33c6d79e1a2af1035b6d52a59f9f3ad5cb669865d6e428323ed2df1038,ml/data/raw/dhan_shomadhan/Dhan-Shomadhan/White Background/Rice Blast/rb_wb_21.jpg,CC BY 4.0,feuille,pyriculariose_feuille,,,,,1
ml/data/raw/dhan_shomadhan/Dhan-Shomadhan/White Background/Rice Blast/rb_wb_22.jpg,74991e0704c66988f1e3528456aec6d89beab6a81594c4cee3322e06ce309e02,ml/data/raw/dhan_shomadhan/Dhan-Shomadhan/White Background/Rice Blast/rb_wb_22.jpg,CC BY 4.0,feuille,pyriculariose_feuille,,,,,1
ml/data/raw/dhan_shomadhan/Dhan-Shomadhan/White Background/Rice Blast/rb_wb_23.jpg,2bc5ed768fa89e0a39ebc86f916945a131de2a707d86769861f24a6c0954354a,ml/data/raw/dhan_shomadhan/Dhan-Shomadhan/White Background/Rice Blast/rb_wb_23.jpg,CC BY 4.0,feuille,pyriculariose_feuille,,,,,1
ml/data/raw/dhan_shomadhan/Dhan-Shomadhan/White Background/Rice Blast/rb_wb_24.jpg,cd81a61c2a659a8e042e2ed3d8d4201db3ca472307ac4072975c77f87211e5f5,ml/data/raw/dhan_shomadhan/Dhan-Shomadhan/White Background/Rice Blast/rb_wb_24.jpg,CC BY 4.0,feuille,pyriculariose_feuille,,,,,1
ml/data/raw/dhan_shomadhan/Dhan-Shomadhan/White Background/Rice Blast/rb_wb_25.jpg,1601fb2f05522a0cb755dc51d564ec6259faa9071c19dd6b521a50291ee66016,ml/data/raw/dhan_shomadhan/Dhan-Shomadhan/White Background/Rice Blast/rb_wb_25.jpg,CC BY 4.0,feuille,pyriculariose_feuille,,,,,1
ml/data/raw/dhan_shomadhan/Dhan-Shomadhan/White Background/Rice Blast/rb_wb_26.jpg,001e9809f3ed9469dd320584f82e043ae596d7096f031ebc47bd1553b6022f53,ml/data/raw/dhan_shomadhan/Dhan-Shomadhan/White Background/Rice Blast/rb_wb_26.jpg,CC BY 4.0,feuille,pyriculariose_feuille,,,,,1
ml/data/raw/dhan_shomadhan/Dhan-Shomadhan/White Background/Rice Blast/rb_wb_27.jpg,9d6add843703ce755d4783985da8ab4d0b94ce8c53861386463dd4423a3f2075,ml/data/raw/dhan_shomadhan/Dhan-Shomadhan/White Background/Rice Blast/rb_wb_27.jpg,CC BY 4.0,feuille,pyriculariose_feuille,,,,,1
ml/data/raw/dhan_shomadhan/Dhan-Shomadhan/White Background/Rice Blast/rb_wb_28.jpg,522408c0b5bd11ef74bdbee32247c7915185512a64900079b36b47b4e13c1066,ml/data/raw/dhan_shomadhan/Dhan-Shomadhan/White Background/Rice Blast/rb_wb_28.jpg,CC BY 4.0,feuille,pyriculariose_feuille,,,,,1
ml/data/raw/dhan_shomadhan/Dhan-Shomadhan/White Background/Rice Blast/rb_wb_29.jpg,2d2ffa99ee2e9cb44cdb04f20e972e4c929c8860ad97211044d45237643cc687,ml/data/raw/dhan_shomadhan/Dhan-Shomadhan/White Background/Rice Blast/rb_wb_29.jpg,CC BY 4.0,feuille,pyriculariose_feuille,,,,,1
ml/data/raw/dhan_shomadhan/Dhan-Shomadhan/White Background/Rice Blast/rb_wb_3.jpg,d2f598387d3d8647728d0f913a51a85cfc4abcf975d5fdcc45f083f4b2142cf0,ml/data/raw/dhan_shomadhan/Dhan-Shomadhan/White Background/Rice Blast/rb_wb_3.jpg,CC BY 4.0,feuille,pyriculariose_feuille,,,,,1
ml/data/raw/dhan_shomadhan/Dhan-Shomadhan/White Background/Rice Blast/rb_wb_30.jpg,909b5c06552962b8c28e623037ea655c209f20d1cad9e550ca7e86974a4a9694,ml/data/raw/dhan_shomadhan/Dhan-Shomadhan/White Background/Rice Blast/rb_wb_30.jpg,CC BY 4.0,feuille,pyriculariose_feuille,,,,,1
ml/data/raw/dhan_shomadhan/Dhan-Shomadhan/White Background/Rice Blast/rb_wb_31.jpg,84aedba4e41db728bed299e79a33ef6014803656e478cd0487f9b3722b2d9c73,ml/data/raw/dhan_shomadhan/Dhan-Shomadhan/White Background/Rice Blast/rb_wb_31.jpg,CC BY 4.0,feuille,pyriculariose_feuille,,,,,1
ml/data/raw/dhan_shomadhan/Dhan-Shomadhan/White Background/Rice Blast/rb_wb_32.jpg,c2b0d9406bcc6f707aa0ce89b3c0e755a41b715beceadaf6560b19582da87976,ml/data/raw/dhan_shomadhan/Dhan-Shomadhan/White Background/Rice Blast/rb_wb_32.jpg,CC BY 4.0,feuille,pyriculariose_feuille,,,,,1
ml/data/raw/dhan_shomadhan/Dhan-Shomadhan/White Background/Rice Blast/rb_wb_33.jpg,8987acef9c1abeb1bb5a1256da0299e5363ad24cc3ecb1192713d1ea9c1e366a,ml/data/raw/dhan_shomadhan/Dhan-Shomadhan/White Background/Rice Blast/rb_wb_33.jpg,CC BY 4.0,feuille,pyriculariose_feuille,,,,,1
ml/data/raw/dhan_shomadhan/Dhan-Shomadhan/White Background/Rice Blast/rb_wb_34.jpg,679ac94be3bbe69f39c2eb91b359e1e1bd88dfa95f23115dc454d109868bd1f3,ml/data/raw/dhan_shomadhan/Dhan-Shomadhan/White Background/Rice Blast/rb_wb_34.jpg,CC BY 4.0,feuille,pyriculariose_feuille,,,,,1
ml/data/raw/dhan_shomadhan/Dhan-Shomadhan/White Background/Rice Blast/rb_wb_35.jpg,2b6e99c06898cf46df4e5ac0ee866876e1d64fee07ee800704b7c655e69dc2bb,ml/data/raw/dhan_shomadhan/Dhan-Shomadhan/White Background/Rice Blast/rb_wb_35.jpg,CC BY 4.0,feuille,pyriculariose_feuille,,,,,1
ml/data/raw/dhan_shomadhan/Dhan-Shomadhan/White Background/Rice Blast/rb_wb_36.jpg,dc6893aeca53832030448a435ac49b75e458d909a7a855d7fe070ef4006c8e09,ml/data/raw/dhan_shomadhan/Dhan-Shomadhan/White Background/Rice Blast/rb_wb_36.jpg,CC BY 4.0,feuille,pyriculariose_feuille,,,,,1
ml/data/raw/dhan_shomadhan/Dhan-Shomadhan/White Background/Rice Blast/rb_wb_37.jpg,d7c0c96fcabce8142f277f11e553a773aa9d990c9f3e94eafd485825df8a5c3d,ml/data/raw/dhan_shomadhan/Dhan-Shomadhan/White Background/Rice Blast/rb_wb_37.jpg,CC BY 4.0,feuille,pyriculariose_feuille,,,,,1
ml/data/raw/dhan_shomadhan/Dhan-Shomadhan/White Background/Rice Blast/rb_wb_38.jpg,3d054d667c81edb78747dccc026b649af2a2b5ed526cc2094defb9a47a276c41,ml/data/raw/dhan_shomadhan/Dhan-Shomadhan/White Background/Rice Blast/rb_wb_38.jpg,CC BY 4.0,feuille,pyriculariose_feuille,,,,,1
ml/data/raw/dhan_shomadhan/Dhan-Shomadhan/White Background/Rice Blast/rb_wb_39.jpg,c3debbe52370d77922472c1eea9aea3a3bfeb3c9f9b8c4dc942d4b5abcc3dd57,ml/data/raw/dhan_shomadhan/Dhan-Shomadhan/White Background/Rice Blast/rb_wb_39.jpg,CC BY 4.0,feuille,pyriculariose_feuille,,,,,1
ml/data/raw/dhan_shomadhan/Dhan-Shomadhan/White Background/Rice Blast/rb_wb_4.jpg,6e7ec0bc8ec2f9407f60668b76b2011202669350ef04bd8e293b7370ebbbbbd4,ml/data/raw/dhan_shomadhan/Dhan-Shomadhan/White Background/Rice Blast/rb_wb_4.jpg,CC BY 4.0,feuille,pyriculariose_feuille,,,,,1
ml/data/raw/dhan_shomadhan/Dhan-Shomadhan/White Background/Rice Blast/rb_wb_40.jpg,2ed504f8531e8ae846225d638d189fc215319adbbbe62a75328b61525b260ba6,ml/data/raw/dhan_shomadhan/Dhan-Shomadhan/White Background/Rice Blast/rb_wb_40.jpg,CC BY 4.0,feuille,pyriculariose_feuille,,,,,1
ml/data/raw/dhan_shomadhan/Dhan-Shomadhan/White Background/Rice Blast/rb_wb_41.jpg,f86d15fbdcbaa4cd889912f3313b7436b4948edd497a404943138d3bf5f1fca0,ml/data/raw/dhan_shomadhan/Dhan-Shomadhan/White Background/Rice Blast/rb_wb_41.jpg,CC BY 4.0,feuille,pyriculariose_feuille,,,,,1
ml/data/raw/dhan_shomadhan/Dhan-Shomadhan/White Background/Rice Blast/rb_wb_42.jpg,4354b6deb1ec6db111e925a14b4dec9bbfb62859b1f1516d438ad3626ceb1303,ml/data/raw/dhan_shomadhan/Dhan-Shomadhan/White Background/Rice Blast/rb_wb_42.jpg,CC BY 4.0,feuille,pyriculariose_feuille,,,,,1
ml/data/raw/dhan_shomadhan/Dhan-Shomadhan/White Background/Rice Blast/rb_wb_43.jpg,c082e7b80e4b2a41511901085b827d690771cdc3387b7e469b4adccf116d7ac1,ml/data/raw/dhan_shomadhan/Dhan-Shomadhan/White Background/Rice Blast/rb_wb_43.jpg,CC BY 4.0,feuille,pyriculariose_feuille,,,,,1
ml/data/raw/dhan_shomadhan/Dhan-Shomadhan/White Background/Rice Blast/rb_wb_44.jpg,d1039b0f57b004eb91b8d8a85e763b77a3ceab196575110ecd7509e9c146a3f9,ml/data/raw/dhan_shomadhan/Dhan-Shomadhan/White Background/Rice Blast/rb_wb_44.jpg,CC BY 4.0,feuille,pyriculariose_feuille,,,,,1
ml/data/raw/dhan_shomadhan/Dhan-Shomadhan/White Background/Rice Blast/rb_wb_45.jpg,53596b6dd1579fd64a200140c94a58c4b302ec4313ad94c57a3c69ff53ee0471,ml/data/raw/dhan_shomadhan/Dhan-Shomadhan/White Background/Rice Blast/rb_wb_45.jpg,CC BY 4.0,feuille,pyriculariose_feuille,,,,,1
ml/data/raw/dhan_shomadhan/Dhan-Shomadhan/White Background/Rice Blast/rb_wb_46.jpg,6bea42293bd5a86598cac2bd218c8a8669e40b973625f3aeca12a4409d4f76f0,ml/data/raw/dhan_shomadhan/Dhan-Shomadhan/White Background/Rice Blast/rb_wb_46.jpg,CC BY 4.0,feuille,pyriculariose_feuille,,,,,1
ml/data/raw/dhan_shomadhan/Dhan-Shomadhan/White Background/Rice Blast/rb_wb_47.jpg,2c6c9c986e6e7fca0fc171dff91fa78de40cbe6d3731af4bc18bdb4262342fad,ml/data/raw/dhan_shomadhan/Dhan-Shomadhan/White Background/Rice Blast/rb_wb_47.jpg,CC BY 4.0,feuille,pyriculariose_feuille,,,,,1
ml/data/raw/dhan_shomadhan/Dhan-Shomadhan/White Background/Rice Blast/rb_wb_48.jpg,e130b8057a6157b9f10c20af59ee74ee8326a789ceb0f7b71956ec26ad47460f,ml/data/raw/dhan_shomadhan/Dhan-Shomadhan/White Background/Rice Blast/rb_wb_48.jpg,CC BY 4.0,feuille,pyriculariose_feuille,,,,,1
ml/data/raw/dhan_shomadhan/Dhan-Shomadhan/White Background/Rice Blast/rb_wb_49.jpg,f4d53f6c96a3170b824c276788f304770602edda34d0ae54c8c2f9037c49edc9,ml/data/raw/dhan_shomadhan/Dhan-Shomadhan/White Background/Rice Blast/rb_wb_49.jpg,CC BY 4.0,feuille,pyriculariose_feuille,,,,,1
ml/data/raw/dhan_shomadhan/Dhan-Shomadhan/White Background/Rice Blast/rb_wb_5.jpg,8f6d9ae67d069b2c5cbb70fbffa618cca92118c9d2387aa3f9b94fae8673e07d,ml/data/raw/dhan_shomadhan/Dhan-Shomadhan/White Background/Rice Blast/rb_wb_5.jpg,CC BY 4.0,feuille,pyriculariose_feuille,,,,,1
ml/data/raw/dhan_shomadhan/Dhan-Shomadhan/White Background/Rice Blast/rb_wb_50.jpg,6512224b81865270d7b523e900a97bdefd6ac28ba7409da25fb8beb092150056,ml/data/raw/dhan_shomadhan/Dhan-Shomadhan/White Background/Rice Blast/rb_wb_50.jpg,CC BY 4.0,feuille,pyriculariose_feuille,,,,,1
ml/data/raw/dhan_shomadhan/Dhan-Shomadhan/White Background/Rice Blast/rb_wb_51.jpg,289c2913f2d11d10cca62a5befd29e58031ce2b396ec4620e3eda696ee5b209c,ml/data/raw/dhan_shomadhan/Dhan-Shomadhan/White Background/Rice Blast/rb_wb_51.jpg,CC BY 4.0,feuille,pyriculariose_feuille,,,,,1
ml/data/raw/dhan_shomadhan/Dhan-Shomadhan/White Background/Rice Blast/rb_wb_52.jpg,57d46609d2cdd23e77884933dee2ea83918ec887351cec7531beb20bc841cda7,ml/data/raw/dhan_shomadhan/Dhan-Shomadhan/White Background/Rice Blast/rb_wb_52.jpg,CC BY 4.0,feuille,pyriculariose_feuille,,,,,1
ml/data/raw/dhan_shomadhan/Dhan-Shomadhan/White Background/Rice Blast/rb_wb_53.jpg,a36f8743e77489e6bf29e9cb0ea6a490beaa2ac821545e79fc7374df0f0ae1ea,ml/data/raw/dhan_shomadhan/Dhan-Shomadhan/White Background/Rice Blast/rb_wb_53.jpg,CC BY 4.0,feuille,pyriculariose_feuille,,,,,1
ml/data/raw/dhan_shomadhan/Dhan-Shomadhan/White Background/Rice Blast/rb_wb_54.jpg,a40d8fbd9e331ddcaa8a11359d995f674246559d5e56193764fcc5cc20376f3f,ml/data/raw/dhan_shomadhan/Dhan-Shomadhan/White Background/Rice Blast/rb_wb_54.jpg,CC BY 4.0,feuille,pyriculariose_feuille,,,,,1
ml/data/raw/dhan_shomadhan/Dhan-Shomadhan/White Background/Rice Blast/rb_wb_55.jpg,20843f499f5739cc43b4ad28487036ad050bfc5b6b463554dea5a0d645af896a,ml/data/raw/dhan_shomadhan/Dhan-Shomadhan/White Background/Rice Blast/rb_wb_55.jpg,CC BY 4.0,feuille,pyriculariose_feuille,,,,,1
ml/data/raw/dhan_shomadhan/Dhan-Shomadhan/White Background/Rice Blast/rb_wb_56.jpg,f30af6a6534013c77b4bf20ffc1b39a50de13c1959007393d61ac8ebc1c0723d,ml/data/raw/dhan_shomadhan/Dhan-Shomadhan/White Background/Rice Blast/rb_wb_56.jpg,CC BY 4.0,feuille,pyriculariose_feuille,,,,,1
ml/data/raw/dhan_shomadhan/Dhan-Shomadhan/White Background/Rice Blast/rb_wb_57.jpg,43278dc768f6a5f294beb852fe38c536f2c1beb2fc947de9b08f9d0a6a296e9b,ml/data/raw/dhan_shomadhan/Dhan-Shomadhan/White Background/Rice Blast/rb_wb_57.jpg,CC BY 4.0,feuille,pyriculariose_feuille,,,,,1
ml/data/raw/dhan_shomadhan/Dhan-Shomadhan/White Background/Rice Blast/rb_wb_58.jpg,b05eee588bedd347cea8608a7f025094b19ddaf291022264f317f1cd8dca5c8a,ml/data/raw/dhan_shomadhan/Dhan-Shomadhan/White Background/Rice Blast/rb_wb_58.jpg,CC BY 4.0,feuille,pyriculariose_feuille,,,,,1
ml/data/raw/dhan_shomadhan/Dhan-Shomadhan/White Background/Rice Blast/rb_wb_59.jpg,bd9c8d53625c7c517539d1f44f0b32b56685fabfebf82295bd1b0489182dae9b,ml/data/raw/dhan_shomadhan/Dhan-Shomadhan/White Background/Rice Blast/rb_wb_59.jpg,CC BY 4.0,feuille,pyriculariose_feuille,,,,,1
ml/data/raw/dhan_shomadhan/Dhan-Shomadhan/White Background/Rice Blast/rb_wb_6.jpg,703a699bf2942eec8bbe8ce8847ae41ac7200e7ba42f01ef7a16e8905219081f,ml/data/raw/dhan_shomadhan/Dhan-Shomadhan/White Background/Rice Blast/rb_wb_6.jpg,CC BY 4.0,feuille,pyriculariose_feuille,,,,,1
ml/data/raw/dhan_shomadhan/Dhan-Shomadhan/White Background/Rice Blast/rb_wb_60.jpg,bc278f8ada6ca3504bcf2b600e45aeea41074b5b479f7eb0ebf82ecd06fdc70a,ml/data/raw/dhan_shomadhan/Dhan-Shomadhan/White Background/Rice Blast/rb_wb_60.jpg,CC BY 4.0,feuille,pyriculariose_feuille,,,,,1
ml/data/raw/dhan_shomadhan/Dhan-Shomadhan/White Background/Rice Blast/rb_wb_61.jpg,e3776b5b8ead45e51d811bb2ea5312e5c1a4d17618c4b80b4a1c0585854ed9a5,ml/data/raw/dhan_shomadhan/Dhan-Shomadhan/White Background/Rice Blast/rb_wb_61.jpg,CC BY 4.0,feuille,pyriculariose_feuille,,,,,1
ml/data/raw/dhan_shomadhan/Dhan-Shomadhan/White Background/Rice Blast/rb_wb_62.jpg,bf8bebcd72a6cf5281678881bf5e122aa10694725ba269d005df5d0fb49c19cd,ml/data/raw/dhan_shomadhan/Dhan-Shomadhan/White Background/Rice Blast/rb_wb_62.jpg,CC BY 4.0,feuille,pyriculariose_feuille,,,,,1
ml/data/raw/dhan_shomadhan/Dhan-Shomadhan/White Background/Rice Blast/rb_wb_63.jpg,77a24c1bde389c4df0723d4196ad7e0e999928ac8e98f0bcf0007860aa6b3024,ml/data/raw/dhan_shomadhan/Dhan-Shomadhan/White Background/Rice Blast/rb_wb_63.jpg,CC BY 4.0,feuille,pyriculariose_feuille,,,,,1
ml/data/raw/dhan_shomadhan/Dhan-Shomadhan/White Background/Rice Blast/rb_wb_64.jpg,6abe2ecd706ff8733d1db0da9c1601adb07c1202c84de2f6236a2aa2dc192ddf,ml/data/raw/dhan_shomadhan/Dhan-Shomadhan/White Background/Rice Blast/rb_wb_64.jpg,CC BY 4.0,feuille,pyriculariose_feuille,,,,,1
ml/data/raw/dhan_shomadhan/Dhan-Shomadhan/White Background/Rice Blast/rb_wb_65.jpg,28199951e2a4b5e327970750147e78583f38f1804e02626e78f7270bc4b78be2,ml/data/raw/dhan_shomadhan/Dhan-Shomadhan/White Background/Rice Blast/rb_wb_65.jpg,CC BY 4.0,feuille,pyriculariose_feuille,,,,,1
ml/data/raw/dhan_shomadhan/Dhan-Shomadhan/White Background/Rice Blast/rb_wb_66.jpg,0ae0043cbbc373e03e39227fcf4e0b634da90c89c6da4bf1c5e8d28b67b9ad6b,ml/data/raw/dhan_shomadhan/Dhan-Shomadhan/White Background/Rice Blast/rb_wb_66.jpg,CC BY 4.0,feuille,pyriculariose_feuille,,,,,1
ml/data/raw/dhan_shomadhan/Dhan-Shomadhan/White Background/Rice Blast/rb_wb_67.jpg,04736856c0410b9f6a1076f29dc3e4f08724fa033559f49a3cc893bbcadafdd2,ml/data/raw/dhan_shomadhan/Dhan-Shomadhan/White Background/Rice Blast/rb_wb_67.jpg,CC BY 4.0,feuille,pyriculariose_feuille,,,,,1
ml/data/raw/dhan_shomadhan/Dhan-Shomadhan/White Background/Rice Blast/rb_wb_68.jpg,221a347f3a43951afb0d1c911e4b580d0184f7019a792b57e8dd988285f052ba,ml/data/raw/dhan_shomadhan/Dhan-Shomadhan/White Background/Rice Blast/rb_wb_68.jpg,CC BY 4.0,feuille,pyriculariose_feuille,,,,,1
ml/data/raw/dhan_shomadhan/Dhan-Shomadhan/White Background/Rice Blast/rb_wb_69.jpg,503d0b25d43fdf683380d11b6a47253298e10a40a16778794be088f7a348806f,ml/data/raw/dhan_shomadhan/Dhan-Shomadhan/White Background/Rice Blast/rb_wb_69.jpg,CC BY 4.0,feuille,pyriculariose_feuille,,,,,1
ml/data/raw/dhan_shomadhan/Dhan-Shomadhan/White Background/Rice Blast/rb_wb_7.jpg,d46f95bd421a25365f8224acc09c2221ec327d508bf4748ad4f58bb78badbb63,ml/data/raw/dhan_shomadhan/Dhan-Shomadhan/White Background/Rice Blast/rb_wb_7.jpg,CC BY 4.0,feuille,pyriculariose_feuille,,,,,1
ml/data/raw/dhan_shomadhan/Dhan-Shomadhan/White Background/Rice Blast/rb_wb_70.jpg,2cd7407eacd0aa8989dec662cca4df956c337175059891eeb58a123651ab24fa,ml/data/raw/dhan_shomadhan/Dhan-Shomadhan/White Background/Rice Blast/rb_wb_70.jpg,CC BY 4.0,feuille,pyriculariose_feuille,,,,,1
ml/data/raw/dhan_shomadhan/Dhan-Shomadhan/White Background/Rice Blast/rb_wb_71.jpg,9691698c87e20eb91b3e88697c00ebc6131a49e952a6360a0caf082bf5262817,ml/data/raw/dhan_shomadhan/Dhan-Shomadhan/White Background/Rice Blast/rb_wb_71.jpg,CC BY 4.0,feuille,pyriculariose_feuille,,,,,1
ml/data/raw/dhan_shomadhan/Dhan-Shomadhan/White Background/Rice Blast/rb_wb_72.jpg,2ddb835fa84b1b717af06ad68b782de879320643878888823cdf5ae521711b5f,ml/data/raw/dhan_shomadhan/Dhan-Shomadhan/White Background/Rice Blast/rb_wb_72.jpg,CC BY 4.0,feuille,pyriculariose_feuille,,,,,1
ml/data/raw/dhan_shomadhan/Dhan-Shomadhan/White Background/Rice Blast/rb_wb_73.jpg,c2e5304793033b8d5b3ab5761c6c00f8f9c2234b82ba836644d26af9a9ab9b4d,ml/data/raw/dhan_shomadhan/Dhan-Shomadhan/White Background/Rice Blast/rb_wb_73.jpg,CC BY 4.0,feuille,pyriculariose_feuille,,,,,1
ml/data/raw/dhan_shomadhan/Dhan-Shomadhan/White Background/Rice Blast/rb_wb_74.jpg,cd0c23bc776fa324ce5df6cb51e96b0ed4e3066e507e867ec25845162f6850d1,ml/data/raw/dhan_shomadhan/Dhan-Shomadhan/White Background/Rice Blast/rb_wb_74.jpg,CC BY 4.0,feuille,pyriculariose_feuille,,,,,1
ml/data/raw/dhan_shomadhan/Dhan-Shomadhan/White Background/Rice Blast/rb_wb_75.jpg,245ae8aca6aea0fb23afc77f13b7881d310595f39f958c279b6f0eb5231b04df,ml/data/raw/dhan_shomadhan/Dhan-Shomadhan/White Background/Rice Blast/rb_wb_75.jpg,CC BY 4.0,feuille,pyriculariose_feuille,,,,,1
ml/data/raw/dhan_shomadhan/Dhan-Shomadhan/White Background/Rice Blast/rb_wb_76.jpg,5962cd893301357dd591f5b2e88322083a5ace27d38d76b1dcc5dad2e28eaefb,ml/data/raw/dhan_shomadhan/Dhan-Shomadhan/White Background/Rice Blast/rb_wb_76.jpg,CC BY 4.0,feuille,pyriculariose_feuille,,,,,1
ml/data/raw/dhan_shomadhan/Dhan-Shomadhan/White Background/Rice Blast/rb_wb_77.jpg,ea1a941f0ca6675cf6993f01689f32c36be1aca4a3ffcb79aa1416e01307f52c,ml/data/raw/dhan_shomadhan/Dhan-Shomadhan/White Background/Rice Blast/rb_wb_77.jpg,CC BY 4.0,feuille,pyriculariose_feuille,,,,,1
ml/data/raw/dhan_shomadhan/Dhan-Shomadhan/White Background/Rice Blast/rb_wb_78.jpg,a8e24dcf95848af4951fc9f52dc44386abb65133e1c770d1c35696bccffc77cb,ml/data/raw/dhan_shomadhan/Dhan-Shomadhan/White Background/Rice Blast/rb_wb_78.jpg,CC BY 4.0,feuille,pyriculariose_feuille,,,,,1
ml/data/raw/dhan_shomadhan/Dhan-Shomadhan/White Background/Rice Blast/rb_wb_79.jpg,16d404ce8b1e5f8e32a60e2522416d3cf56f9cb0e10f40f67f5ac2a90f9cf56d,ml/data/raw/dhan_shomadhan/Dhan-Shomadhan/White Background/Rice Blast/rb_wb_79.jpg,CC BY 4.0,feuille,pyriculariose_feuille,,,,,1
ml/data/raw/dhan_shomadhan/Dhan-Shomadhan/White Background/Rice Blast/rb_wb_8.jpg,d094282f0ec1cd52a24dc01fbefa9bdad40cf4dda782daffa56fed2bd3274c65,ml/data/raw/dhan_shomadhan/Dhan-Shomadhan/White Background/Rice Blast/rb_wb_8.jpg,CC BY 4.0,feuille,pyriculariose_feuille,,,,,1
ml/data/raw/dhan_shomadhan/Dhan-Shomadhan/White Background/Rice Blast/rb_wb_80.jpg,f98d7e185bce9c07bdc8c35abc3c44b5bdcfcdc647ad5e959681f8c2c4bc76f9,ml/data/raw/dhan_shomadhan/Dhan-Shomadhan/White Background/Rice Blast/rb_wb_80.jpg,CC BY 4.0,feuille,pyriculariose_feuille,,,,,1
ml/data/raw/dhan_shomadhan/Dhan-Shomadhan/White Background/Rice Blast/rb_wb_81.jpg,0664d36b612f6a4c3ec4468d21f455605568d6eb551e2a939cce2afc3d5a47fc,ml/data/raw/dhan_shomadhan/Dhan-Shomadhan/White Background/Rice Blast/rb_wb_81.jpg,CC BY 4.0,feuille,pyriculariose_feuille,,,,,1
ml/data/raw/dhan_shomadhan/Dhan-Shomadhan/White Background/Rice Blast/rb_wb_82.jpg,e9768336b84ed59952db9dd5759add8b47751767b1f242711a75016db62fd5fe,ml/data/raw/dhan_shomadhan/Dhan-Shomadhan/White Background/Rice Blast/rb_wb_82.jpg,CC BY 4.0,feuille,pyriculariose_feuille,,,,,1
ml/data/raw/dhan_shomadhan/Dhan-Shomadhan/White Background/Rice Blast/rb_wb_83.jpg,c6de4f5e8cdcedcc39fef7f0cbd3a4fd027c5e063420592031c4f02ecbf5f9ea,ml/data/raw/dhan_shomadhan/Dhan-Shomadhan/White Background/Rice Blast/rb_wb_83.jpg,CC BY 4.0,feuille,pyriculariose_feuille,,,,,1
ml/data/raw/dhan_shomadhan/Dhan-Shomadhan/White Background/Rice Blast/rb_wb_84.jpg,43d095c822ad6342f7884a84c7e987fa3d952e2c4ebea5ff1e60edf577aad7dc,ml/data/raw/dhan_shomadhan/Dhan-Shomadhan/White Background/Rice Blast/rb_wb_84.jpg,CC BY 4.0,feuille,pyriculariose_feuille,,,,,1
ml/data/raw/dhan_shomadhan/Dhan-Shomadhan/White Background/Rice Blast/rb_wb_85.jpg,bbee1e0f779a3c0f1e7512fd7a9de3fb1103dd1b67ab6690fcc3cfda57505145,ml/data/raw/dhan_shomadhan/Dhan-Shomadhan/White Background/Rice Blast/rb_wb_85.jpg,CC BY 4.0,feuille,pyriculariose_feuille,,,,,1
ml/data/raw/dhan_shomadhan/Dhan-Shomadhan/White Background/Rice Blast/rb_wb_86.jpg,70cf7945bc0554c7d5b33069818f1aca72a8fdac3b6c4d98e72a984af270ecd2,ml/data/raw/dhan_shomadhan/Dhan-Shomadhan/White Background/Rice Blast/rb_wb_86.jpg,CC BY 4.0,feuille,pyriculariose_feuille,,,,,1
ml/data/raw/dhan_shomadhan/Dhan-Shomadhan/White Background/Rice Blast/rb_wb_87.jpg,4c2fa090cd9be82424323fe988d9395a83612f4d8d51b0bbfe05416e4f513542,ml/data/raw/dhan_shomadhan/Dhan-Shomadhan/White Background/Rice Blast/rb_wb_87.jpg,CC BY 4.0,feuille,pyriculariose_feuille,,,,,1
ml/data/raw/dhan_shomadhan/Dhan-Shomadhan/White Background/Rice Blast/rb_wb_88.jpg,46d02af655621af4b52018612cf99df19b77a6a42b1e0117c3ca2d3c62d50d0f,ml/data/raw/dhan_shomadhan/Dhan-Shomadhan/White Background/Rice Blast/rb_wb_88.jpg,CC BY 4.0,feuille,pyriculariose_feuille,,,,,1
ml/data/raw/dhan_shomadhan/Dhan-Shomadhan/White Background/Rice Blast/rb_wb_89.jpg,b814d6cf49d00b42f1209ddfa60da8cf0cf86ea850ffff6deb87e9dbdf509c18,ml/data/raw/dhan_shomadhan/Dhan-Shomadhan/White Background/Rice Blast/rb_wb_89.jpg,CC BY 4.0,feuille,pyriculariose_feuille,,,,,1
ml/data/raw/dhan_shomadhan/Dhan-Shomadhan/White Background/Rice Blast/rb_wb_9.jpg,051f6135c8223faf3e49e85acc5f3ecb1744ebc948cb689c3641cf2c05045151,ml/data/raw/dhan_shomadhan/Dhan-Shomadhan/White Background/Rice Blast/rb_wb_9.jpg,CC BY 4.0,feuille,pyriculariose_feuille,,,,,1
ml/data/raw/dhan_shomadhan/Dhan-Shomadhan/White Background/Rice Blast/rb_wb_90.jpg,380e5b8f0f8250ae4f234d9bb26db625a42b4988b4d311f5a1f79cba67593a9f,ml/data/raw/dhan_shomadhan/Dhan-Shomadhan/White Background/Rice Blast/rb_wb_90.jpg,CC BY 4.0,feuille,pyriculariose_feuille,,,,,1
ml/data/raw/dhan_shomadhan/Dhan-Shomadhan/White Background/Rice Blast/rb_wb_91.jpg,e63e16fbc1abf7c498b05876a0e582e93e1cd2e726a2cf6dc23d31f62f58702a,ml/data/raw/dhan_shomadhan/Dhan-Shomadhan/White Background/Rice Blast/rb_wb_91.jpg,CC BY 4.0,feuille,pyriculariose_feuille,,,,,1
ml/data/raw/dhan_shomadhan/Dhan-Shomadhan/White Background/Rice Blast/rb_wb_92.jpg,5f5b3a9d655c83795aa41531ce660813e8d2a8e6fefcd26caf5bb0455f8f7cf4,ml/data/raw/dhan_shomadhan/Dhan-Shomadhan/White Background/Rice Blast/rb_wb_92.jpg,CC BY 4.0,feuille,pyriculariose_feuille,,,,,1
ml/data/raw/dhan_shomadhan/Dhan-Shomadhan/White Background/Rice Blast/rb_wb_93.jpg,26fbeff4268abb74d507332365f519ace10a0764c8ba5093790fc597df71f424,ml/data/raw/dhan_shomadhan/Dhan-Shomadhan/White Background/Rice Blast/rb_wb_93.jpg,CC BY 4.0,feuille,pyriculariose_feuille,,,,,1
ml/data/raw/dhan_shomadhan/Dhan-Shomadhan/White Background/Rice Blast/rb_wb_94.jpg,b6a00e1ea2fb7036572bf883ff983b551e12af61b099b52073ba8bf7f884f131,ml/data/raw/dhan_shomadhan/Dhan-Shomadhan/White Background/Rice Blast/rb_wb_94.jpg,CC BY 4.0,feuille,pyriculariose_feuille,,,,,1
ml/data/raw/dhan_shomadhan/Dhan-Shomadhan/White Background/Rice Blast/rb_wb_95.jpg,d212510d77df381955c8cc7d5dfc4e56b3309a23e82f9874c5709dbe8b16a2ad,ml/data/raw/dhan_shomadhan/Dhan-Shomadhan/White Background/Rice Blast/rb_wb_95.jpg,CC BY 4.0,feuille,pyriculariose_feuille,,,,,1
ml/data/raw/dhan_shomadhan/Dhan-Shomadhan/White Background/Rice Blast/rb_wb_96.jpg,de5ed9852d7e40cdbb9226ec4768d2db3044dae988602dcb06523692a201aaad,ml/data/raw/dhan_shomadhan/Dhan-Shomadhan/White Background/Rice Blast/rb_wb_96.jpg,CC BY 4.0,feuille,pyriculariose_feuille,,,,,1
ml/data/raw/dhan_shomadhan/Dhan-Shomadhan/White Background/Rice Blast/rb_wb_97.jpg,67a11b04c1a50a74e3646c9c518b2860aa156c7585c3677644a36b90c902fcab,ml/data/raw/dhan_shomadhan/Dhan-Shomadhan/White Background/Rice Blast/rb_wb_97.jpg,CC BY 4.0,feuille,pyriculariose_feuille,,,,,1
ml/data/raw/dhan_shomadhan/Dhan-Shomadhan/White Background/Rice Blast/rb_wb_98.jpg,5b47d825c2e330eb8478cceefe5363a6a6f9649044382a5492945673ef20a6a6,ml/data/raw/dhan_shomadhan/Dhan-Shomadhan/White Background/Rice Blast/rb_wb_98.jpg,CC BY 4.0,feuille,pyriculariose_feuille,,,,,1
ml/data/raw/dhan_shomadhan/Dhan-Shomadhan/White Background/Rice Blast/rb_wb_99.jpg,d4a3cfcc47607ca59b3008917ad002532836dcb78b27ca1d64c04f1b04a8b692,ml/data/raw/dhan_shomadhan/Dhan-Shomadhan/White Background/Rice Blast/rb_wb_99.jpg,CC BY 4.0,feuille,pyriculariose_feuille,,,,,1
ml/data/raw/dhan_shomadhan/Dhan-Shomadhan/White Background/Rice Tungro/rt_wb_0.jpg,7d2be03277911fca4f3c1015e7861317d5051f604402ae0dcf64ba0a788e04d6,ml/data/raw/dhan_shomadhan/Dhan-Shomadhan/White Background/Rice Tungro/rt_wb_0.jpg,CC BY 4.0,exclu,exclu:tungro,,,,,1
ml/data/raw/dhan_shomadhan/Dhan-Shomadhan/White Background/Rice Tungro/rt_wb_1.jpg,723b66ed70f0c3b71e3f5bbc681be3aeed0c49e0aff68b91eb414201528340ea,ml/data/raw/dhan_shomadhan/Dhan-Shomadhan/White Background/Rice Tungro/rt_wb_1.jpg,CC BY 4.0,exclu,exclu:tungro,,,,,1
ml/data/raw/dhan_shomadhan/Dhan-Shomadhan/White Background/Rice Tungro/rt_wb_10.jpg,eb8bf368fc4e55d677eae1a35f88df52cf8cff32eef34e1d43cb22c919d81d01,ml/data/raw/dhan_shomadhan/Dhan-Shomadhan/White Background/Rice Tungro/rt_wb_10.jpg,CC BY 4.0,exclu,exclu:tungro,,,,,1
ml/data/raw/dhan_shomadhan/Dhan-Shomadhan/White Background/Rice Tungro/rt_wb_100.jpg,156a20459629849ddf40150f723e857bceed05a7843293676b9cc047ba13471c,ml/data/raw/dhan_shomadhan/Dhan-Shomadhan/White Background/Rice Tungro/rt_wb_100.jpg,CC BY 4.0,exclu,exclu:tungro,,,,,1
ml/data/raw/dhan_shomadhan/Dhan-Shomadhan/White Background/Rice Tungro/rt_wb_101.jpg,d63ea74cb986a533b0caaa9fac9a7b6aa3bf439d506a1d9312f57d45cc5e57b2,ml/data/raw/dhan_shomadhan/Dhan-Shomadhan/White Background/Rice Tungro/rt_wb_101.jpg,CC BY 4.0,exclu,exclu:tungro,,,,,1
ml/data/raw/dhan_shomadhan/Dhan-Shomadhan/White Background/Rice Tungro/rt_wb_102.jpg,54e94e8802d70c4aa23d18f9a416e368c63b63e2863299035f326850e50e29f3,ml/data/raw/dhan_shomadhan/Dhan-Shomadhan/White Background/Rice Tungro/rt_wb_102.jpg,CC BY 4.0,exclu,exclu:tungro,,,,,1
ml/data/raw/dhan_shomadhan/Dhan-Shomadhan/White Background/Rice Tungro/rt_wb_103.jpg,67f22f8a951c9729d0f324e053c7d2dc046bf7b980b3a54bd8daba1935b53b69,ml/data/raw/dhan_shomadhan/Dhan-Shomadhan/White Background/Rice Tungro/rt_wb_103.jpg,CC BY 4.0,exclu,exclu:tungro,,,,,1
ml/data/raw/dhan_shomadhan/Dhan-Shomadhan/White Background/Rice Tungro/rt_wb_104.jpg,d434f87740f9b3569a0b78e08d1b61a48fee08122e604c8fa48ce04481f8ef26,ml/data/raw/dhan_shomadhan/Dhan-Shomadhan/White Background/Rice Tungro/rt_wb_104.jpg,CC BY 4.0,exclu,exclu:tungro,,,,,1
ml/data/raw/dhan_shomadhan/Dhan-Shomadhan/White Background/Rice Tungro/rt_wb_105.jpg,91e98bd3647011e9af5643fe0e1c25f68b8e9d46fa2d177caa89df700f74bbe1,ml/data/raw/dhan_shomadhan/Dhan-Shomadhan/White Background/Rice Tungro/rt_wb_105.jpg,CC BY 4.0,exclu,exclu:tungro,,,,,1
ml/data/raw/dhan_shomadhan/Dhan-Shomadhan/White Background/Rice Tungro/rt_wb_106.jpg,3971e7940e07196342e6d972a2db16f73485eccc57749a86c6b0ce186fb9481f,ml/data/raw/dhan_shomadhan/Dhan-Shomadhan/White Background/Rice Tungro/rt_wb_106.jpg,CC BY 4.0,exclu,exclu:tungro,,,,,1
ml/data/raw/dhan_shomadhan/Dhan-Shomadhan/White Background/Rice Tungro/rt_wb_107.jpg,26259ed9ed4bcb88ff8daa08a617f13929851f8225afd13a45ae0dd234422a84,ml/data/raw/dhan_shomadhan/Dhan-Shomadhan/White Background/Rice Tungro/rt_wb_107.jpg,CC BY 4.0,exclu,exclu:tungro,,,,,1
ml/data/raw/dhan_shomadhan/Dhan-Shomadhan/White Background/Rice Tungro/rt_wb_108.jpg,912ceb913c250c4fc4d9fbfd44546af95309bcbd69eb6a6c9f5b97373c2148db,ml/data/raw/dhan_shomadhan/Dhan-Shomadhan/White Background/Rice Tungro/rt_wb_108.jpg,CC BY 4.0,exclu,exclu:tungro,,,,,1
ml/data/raw/dhan_shomadhan/Dhan-Shomadhan/White Background/Rice Tungro/rt_wb_109.jpg,d4ccecc8bf1230ad9181681484801368641b0208cc89e53d80c286d16743702a,ml/data/raw/dhan_shomadhan/Dhan-Shomadhan/White Background/Rice Tungro/rt_wb_109.jpg,CC BY 4.0,exclu,exclu:tungro,,,,,1
ml/data/raw/dhan_shomadhan/Dhan-Shomadhan/White Background/Rice Tungro/rt_wb_11.jpg,b1fe1724d161ce60c5dbe01c3015f22607181c96058b1244317663320e5d3683,ml/data/raw/dhan_shomadhan/Dhan-Shomadhan/White Background/Rice Tungro/rt_wb_11.jpg,CC BY 4.0,exclu,exclu:tungro,,,,,1
ml/data/raw/dhan_shomadhan/Dhan-Shomadhan/White Background/Rice Tungro/rt_wb_110.jpg,7272c60d64a6fc40adabde2373cd289f9f3ca3d9b75c6e928ea1b259ee314792,ml/data/raw/dhan_shomadhan/Dhan-Shomadhan/White Background/Rice Tungro/rt_wb_110.jpg,CC BY 4.0,exclu,exclu:tungro,,,,,1
ml/data/raw/dhan_shomadhan/Dhan-Shomadhan/White Background/Rice Tungro/rt_wb_111.jpg,ff3865862e4aab3e6d71c809cb3f2b77929dcbea02c49c31d8a92f726cd6c1e6,ml/data/raw/dhan_shomadhan/Dhan-Shomadhan/White Background/Rice Tungro/rt_wb_111.jpg,CC BY 4.0,exclu,exclu:tungro,,,,,1
ml/data/raw/dhan_shomadhan/Dhan-Shomadhan/White Background/Rice Tungro/rt_wb_112.jpg,88b670ca6e898e4678242d18f9dfbd919b7578b740e2fbd77dbae059eda0b42e,ml/data/raw/dhan_shomadhan/Dhan-Shomadhan/White Background/Rice Tungro/rt_wb_112.jpg,CC BY 4.0,exclu,exclu:tungro,,,,,1
ml/data/raw/dhan_shomadhan/Dhan-Shomadhan/White Background/Rice Tungro/rt_wb_113.jpg,525c61dcbad321da14e1f76005adae6b8ec203fc212b9714a7da59c50ecbbca0,ml/data/raw/dhan_shomadhan/Dhan-Shomadhan/White Background/Rice Tungro/rt_wb_113.jpg,CC BY 4.0,exclu,exclu:tungro,,,,,1
ml/data/raw/dhan_shomadhan/Dhan-Shomadhan/White Background/Rice Tungro/rt_wb_114.jpg,70aa04c935284ee51ed23c35e4626d208ed39da2484349445977f1da017664c3,ml/data/raw/dhan_shomadhan/Dhan-Shomadhan/White Background/Rice Tungro/rt_wb_114.jpg,CC BY 4.0,exclu,exclu:tungro,,,,,1
ml/data/raw/dhan_shomadhan/Dhan-Shomadhan/White Background/Rice Tungro/rt_wb_115.jpg,d5e085101cf55d5935922567384989685cb173f4c6a496227918c21ddd775df5,ml/data/raw/dhan_shomadhan/Dhan-Shomadhan/White Background/Rice Tungro/rt_wb_115.jpg,CC BY 4.0,exclu,exclu:tungro,,,,,1
ml/data/raw/dhan_shomadhan/Dhan-Shomadhan/White Background/Rice Tungro/rt_wb_116.jpg,4c69e5b417252c4f402301e6affbb245aeebd9f8bb886c70649edcf4e8a8fb95,ml/data/raw/dhan_shomadhan/Dhan-Shomadhan/White Background/Rice Tungro/rt_wb_116.jpg,CC BY 4.0,exclu,exclu:tungro,,,,,1
ml/data/raw/dhan_shomadhan/Dhan-Shomadhan/White Background/Rice Tungro/rt_wb_117.jpg,280e66077c0bdb6e69129035e9428d2a95471e3b617f2b47f050289954b46e57,ml/data/raw/dhan_shomadhan/Dhan-Shomadhan/White Background/Rice Tungro/rt_wb_117.jpg,CC BY 4.0,exclu,exclu:tungro,,,,,1
ml/data/raw/dhan_shomadhan/Dhan-Shomadhan/White Background/Rice Tungro/rt_wb_118.jpg,e804190c4355df9a9076948ab75a7096eae02845c8522d4b9c21cef2b6913897,ml/data/raw/dhan_shomadhan/Dhan-Shomadhan/White Background/Rice Tungro/rt_wb_118.jpg,CC BY 4.0,exclu,exclu:tungro,,,,,1
ml/data/raw/dhan_shomadhan/Dhan-Shomadhan/White Background/Rice Tungro/rt_wb_12.jpg,513dd2a6e92aad51abb3acb6c108dcc5a49233111632c84f0ee99a9e52c00376,ml/data/raw/dhan_shomadhan/Dhan-Shomadhan/White Background/Rice Tungro/rt_wb_12.jpg,CC BY 4.0,exclu,exclu:tungro,,,,,1
ml/data/raw/dhan_shomadhan/Dhan-Shomadhan/White Background/Rice Tungro/rt_wb_13.jpg,0bf9a2dcd92f07c04db747e5764b693d6a5eb252cdb7cb491b03d23e8cca19ee,ml/data/raw/dhan_shomadhan/Dhan-Shomadhan/White Background/Rice Tungro/rt_wb_13.jpg,CC BY 4.0,exclu,exclu:tungro,,,,,1
ml/data/raw/dhan_shomadhan/Dhan-Shomadhan/White Background/Rice Tungro/rt_wb_14.jpg,32845b9cceb5af80cc76b03624683048c57eadd7112bfe4413d48cd80a13405f,ml/data/raw/dhan_shomadhan/Dhan-Shomadhan/White Background/Rice Tungro/rt_wb_14.jpg,CC BY 4.0,exclu,exclu:tungro,,,,,1
ml/data/raw/dhan_shomadhan/Dhan-Shomadhan/White Background/Rice Tungro/rt_wb_15.jpg,8b7829395e42c5472b72087c25c640e4c4462d5ec2918ff24cba4808ca8a0bef,ml/data/raw/dhan_shomadhan/Dhan-Shomadhan/White Background/Rice Tungro/rt_wb_15.jpg,CC BY 4.0,exclu,exclu:tungro,,,,,1
ml/data/raw/dhan_shomadhan/Dhan-Shomadhan/White Background/Rice Tungro/rt_wb_16.jpg,2231497a8b933138335799289c46517235069e5b10c7c28d7d27b2456eb87828,ml/data/raw/dhan_shomadhan/Dhan-Shomadhan/White Background/Rice Tungro/rt_wb_16.jpg,CC BY 4.0,exclu,exclu:tungro,,,,,1
ml/data/raw/dhan_shomadhan/Dhan-Shomadhan/White Background/Rice Tungro/rt_wb_17.jpg,40eabbd1a003742bea8ee9e9b4eb8dbcc7b260a8baafa18bc757e3c178095c22,ml/data/raw/dhan_shomadhan/Dhan-Shomadhan/White Background/Rice Tungro/rt_wb_17.jpg,CC BY 4.0,exclu,exclu:tungro,,,,,1
ml/data/raw/dhan_shomadhan/Dhan-Shomadhan/White Background/Rice Tungro/rt_wb_18.jpg,6e86236dc7700761cfb2ee9467ec5324d8817e63896191b7b93e2ff64f068ecc,ml/data/raw/dhan_shomadhan/Dhan-Shomadhan/White Background/Rice Tungro/rt_wb_18.jpg,CC BY 4.0,exclu,exclu:tungro,,,,,1
ml/data/raw/dhan_shomadhan/Dhan-Shomadhan/White Background/Rice Tungro/rt_wb_19.jpg,c799ef9bedaf744369a72793f8ad1bd38dfc2cf9ca185ecf02acff4223b858da,ml/data/raw/dhan_shomadhan/Dhan-Shomadhan/White Background/Rice Tungro/rt_wb_19.jpg,CC BY 4.0,exclu,exclu:tungro,,,,,1
ml/data/raw/dhan_shomadhan/Dhan-Shomadhan/White Background/Rice Tungro/rt_wb_2.jpg,db7a31618c0b95335414f261d833205731c109a34d630e28cb8b4751efd7a5f2,ml/data/raw/dhan_shomadhan/Dhan-Shomadhan/White Background/Rice Tungro/rt_wb_2.jpg,CC BY 4.0,exclu,exclu:tungro,,,,,1
ml/data/raw/dhan_shomadhan/Dhan-Shomadhan/White Background/Rice Tungro/rt_wb_20.jpg,fd02c60479faf00feec5fdc5a29437b7a53c24e16f70c448ad8bf9a0e4eed60b,ml/data/raw/dhan_shomadhan/Dhan-Shomadhan/White Background/Rice Tungro/rt_wb_20.jpg,CC BY 4.0,exclu,exclu:tungro,,,,,1
ml/data/raw/dhan_shomadhan/Dhan-Shomadhan/White Background/Rice Tungro/rt_wb_21.jpg,44591876dc385a8939c0a84200b2128f83b5c0064adc1ff66eb2b5f7c8e49973,ml/data/raw/dhan_shomadhan/Dhan-Shomadhan/White Background/Rice Tungro/rt_wb_21.jpg,CC BY 4.0,exclu,exclu:tungro,,,,,1
ml/data/raw/dhan_shomadhan/Dhan-Shomadhan/White Background/Rice Tungro/rt_wb_22.jpg,fa7c42de1da66edf9f1fc2b24d209214e8054f9e3edbc533faefc41abc22b5c9,ml/data/raw/dhan_shomadhan/Dhan-Shomadhan/White Background/Rice Tungro/rt_wb_22.jpg,CC BY 4.0,exclu,exclu:tungro,,,,,1
ml/data/raw/dhan_shomadhan/Dhan-Shomadhan/White Background/Rice Tungro/rt_wb_23.jpg,e1c000aba8566010b1cac38e5d050b6aa6267aaba77c5b57f7893406f52c8f79,ml/data/raw/dhan_shomadhan/Dhan-Shomadhan/White Background/Rice Tungro/rt_wb_23.jpg,CC BY 4.0,exclu,exclu:tungro,,,,,1
ml/data/raw/dhan_shomadhan/Dhan-Shomadhan/White Background/Rice Tungro/rt_wb_24.jpg,a222685117247d99db7dd7ad53e2abd28520c158eb0d02ce4a1cb441847e63ed,ml/data/raw/dhan_shomadhan/Dhan-Shomadhan/White Background/Rice Tungro/rt_wb_24.jpg,CC BY 4.0,exclu,exclu:tungro,,,,,1
ml/data/raw/dhan_shomadhan/Dhan-Shomadhan/White Background/Rice Tungro/rt_wb_25.jpg,03a4e80053b3015b87fab576bc71de105152c78e066e73982847fc1017f6696e,ml/data/raw/dhan_shomadhan/Dhan-Shomadhan/White Background/Rice Tungro/rt_wb_25.jpg,CC BY 4.0,exclu,exclu:tungro,,,,,1
ml/data/raw/dhan_shomadhan/Dhan-Shomadhan/White Background/Rice Tungro/rt_wb_26.jpg,670410ff02c92ee41084b5188b9be40ee52c85fa9aee978ad8375425f02bf0fb,ml/data/raw/dhan_shomadhan/Dhan-Shomadhan/White Background/Rice Tungro/rt_wb_26.jpg,CC BY 4.0,exclu,exclu:tungro,,,,,1
ml/data/raw/dhan_shomadhan/Dhan-Shomadhan/White Background/Rice Tungro/rt_wb_27.jpg,40202b34bf700f36829f3950157bd76217f0fd3f56b5ee9a1fad09419953bc74,ml/data/raw/dhan_shomadhan/Dhan-Shomadhan/White Background/Rice Tungro/rt_wb_27.jpg,CC BY 4.0,exclu,exclu:tungro,,,,,1
ml/data/raw/dhan_shomadhan/Dhan-Shomadhan/White Background/Rice Tungro/rt_wb_28.jpg,1bdf59590dc7799f386cd7fb25bcdd939a32f50ca8050e21435bb6aa6c095566,ml/data/raw/dhan_shomadhan/Dhan-Shomadhan/White Background/Rice Tungro/rt_wb_28.jpg,CC BY 4.0,exclu,exclu:tungro,,,,,1
ml/data/raw/dhan_shomadhan/Dhan-Shomadhan/White Background/Rice Tungro/rt_wb_29.jpg,fbc7171bdf0f7546b91e4971a38220126b8091f3fd18a1078e04862d8c055b3e,ml/data/raw/dhan_shomadhan/Dhan-Shomadhan/White Background/Rice Tungro/rt_wb_29.jpg,CC BY 4.0,exclu,exclu:tungro,,,,,1
ml/data/raw/dhan_shomadhan/Dhan-Shomadhan/White Background/Rice Tungro/rt_wb_3.jpg,e775b3b5a19e618c19b33b4c68973f62e3597d4a70f0ef860a75865b6580fc1c,ml/data/raw/dhan_shomadhan/Dhan-Shomadhan/White Background/Rice Tungro/rt_wb_3.jpg,CC BY 4.0,exclu,exclu:tungro,,,,,1
ml/data/raw/dhan_shomadhan/Dhan-Shomadhan/White Background/Rice Tungro/rt_wb_30.jpg,c156ac56a5dacb5bfa9dc8341f068220e7fd806273abdc3a98c040818e60db93,ml/data/raw/dhan_shomadhan/Dhan-Shomadhan/White Background/Rice Tungro/rt_wb_30.jpg,CC BY 4.0,exclu,exclu:tungro,,,,,1
ml/data/raw/dhan_shomadhan/Dhan-Shomadhan/White Background/Rice Tungro/rt_wb_31.jpg,0a97991cffbc88dedf4dbf6e93ad868943ab9a0fdc12f43bd03f9c7c4068dda4,ml/data/raw/dhan_shomadhan/Dhan-Shomadhan/White Background/Rice Tungro/rt_wb_31.jpg,CC BY 4.0,exclu,exclu:tungro,,,,,1
ml/data/raw/dhan_shomadhan/Dhan-Shomadhan/White Background/Rice Tungro/rt_wb_32.jpg,bff4ea2eed6c6f4d1bb647502f52a55c1cf8da3094409134a9e5ed18d76480d9,ml/data/raw/dhan_shomadhan/Dhan-Shomadhan/White Background/Rice Tungro/rt_wb_32.jpg,CC BY 4.0,exclu,exclu:tungro,,,,,1
ml/data/raw/dhan_shomadhan/Dhan-Shomadhan/White Background/Rice Tungro/rt_wb_33.jpg,ffbf50445faca676312df88fc4df1b93085d3a55c0dcfc8d703def0352990f4c,ml/data/raw/dhan_shomadhan/Dhan-Shomadhan/White Background/Rice Tungro/rt_wb_33.jpg,CC BY 4.0,exclu,exclu:tungro,,,,,1
ml/data/raw/dhan_shomadhan/Dhan-Shomadhan/White Background/Rice Tungro/rt_wb_34.jpg,824fd1121c07b1d7478885f3b4b562d6f682ce42a5bf3a5b3e5a3628d68f465f,ml/data/raw/dhan_shomadhan/Dhan-Shomadhan/White Background/Rice Tungro/rt_wb_34.jpg,CC BY 4.0,exclu,exclu:tungro,,,,,1
ml/data/raw/dhan_shomadhan/Dhan-Shomadhan/White Background/Rice Tungro/rt_wb_35.jpg,1ce3fac8635e98bcce64701c6f4840e076ff3d360010a18884c214f75f753ad5,ml/data/raw/dhan_shomadhan/Dhan-Shomadhan/White Background/Rice Tungro/rt_wb_35.jpg,CC BY 4.0,exclu,exclu:tungro,,,,,1
ml/data/raw/dhan_shomadhan/Dhan-Shomadhan/White Background/Rice Tungro/rt_wb_36.jpg,e26d268d3ae3d0de0475c37bc2de50aa9ea4940f474aa23c1c23ff2753621f9e,ml/data/raw/dhan_shomadhan/Dhan-Shomadhan/White Background/Rice Tungro/rt_wb_36.jpg,CC BY 4.0,exclu,exclu:tungro,,,,,1
ml/data/raw/dhan_shomadhan/Dhan-Shomadhan/White Background/Rice Tungro/rt_wb_37.jpg,a33d688a870158ee1503d41ca9a6711d8aefaf9f4997e5f69cf9df3f4854afea,ml/data/raw/dhan_shomadhan/Dhan-Shomadhan/White Background/Rice Tungro/rt_wb_37.jpg,CC BY 4.0,exclu,exclu:tungro,,,,,1
ml/data/raw/dhan_shomadhan/Dhan-Shomadhan/White Background/Rice Tungro/rt_wb_38.jpg,85f6c1bb0b4c6e85f35fd916bc35d101500b584a13ba4694850c7d36c4c41d49,ml/data/raw/dhan_shomadhan/Dhan-Shomadhan/White Background/Rice Tungro/rt_wb_38.jpg,CC BY 4.0,exclu,exclu:tungro,,,,,1
ml/data/raw/dhan_shomadhan/Dhan-Shomadhan/White Background/Rice Tungro/rt_wb_39.jpg,3c1ef7053dc9c495dda52a0227511e0e58b4a5073109cf76719b7228be8cb8bd,ml/data/raw/dhan_shomadhan/Dhan-Shomadhan/White Background/Rice Tungro/rt_wb_39.jpg,CC BY 4.0,exclu,exclu:tungro,,,,,1
ml/data/raw/dhan_shomadhan/Dhan-Shomadhan/White Background/Rice Tungro/rt_wb_4.jpg,9300ace0fc05d8ea940769091c20ce173ea28409866f875718988c31a7eaa049,ml/data/raw/dhan_shomadhan/Dhan-Shomadhan/White Background/Rice Tungro/rt_wb_4.jpg,CC BY 4.0,exclu,exclu:tungro,,,,,1
ml/data/raw/dhan_shomadhan/Dhan-Shomadhan/White Background/Rice Tungro/rt_wb_40.jpg,b3f042d473226cc4d19a159361ec488129056b72a0ba8ea5957e65e66a1bf87c,ml/data/raw/dhan_shomadhan/Dhan-Shomadhan/White Background/Rice Tungro/rt_wb_40.jpg,CC BY 4.0,exclu,exclu:tungro,,,,,1
ml/data/raw/dhan_shomadhan/Dhan-Shomadhan/White Background/Rice Tungro/rt_wb_41.jpg,877551ca5e9f95c02c0b7ca8a0cebd3ebfded4e0114fbac03eaaedb125855707,ml/data/raw/dhan_shomadhan/Dhan-Shomadhan/White Background/Rice Tungro/rt_wb_41.jpg,CC BY 4.0,exclu,exclu:tungro,,,,,1
ml/data/raw/dhan_shomadhan/Dhan-Shomadhan/White Background/Rice Tungro/rt_wb_42.jpg,325306ac8ac3041ab7d778d62a642aa89243ec3d6b2d73f803fb1d301090d48a,ml/data/raw/dhan_shomadhan/Dhan-Shomadhan/White Background/Rice Tungro/rt_wb_42.jpg,CC BY 4.0,exclu,exclu:tungro,,,,,1
ml/data/raw/dhan_shomadhan/Dhan-Shomadhan/White Background/Rice Tungro/rt_wb_43.jpg,d6ae47a87b64914eaae6bf0d9bda576857d74f9561364381df8fb562611f8c54,ml/data/raw/dhan_shomadhan/Dhan-Shomadhan/White Background/Rice Tungro/rt_wb_43.jpg,CC BY 4.0,exclu,exclu:tungro,,,,,1
ml/data/raw/dhan_shomadhan/Dhan-Shomadhan/White Background/Rice Tungro/rt_wb_44.jpg,a7bf5dde7dfad0cd31392b933b614dcd946db576676691d53997cd9626ac2a6e,ml/data/raw/dhan_shomadhan/Dhan-Shomadhan/White Background/Rice Tungro/rt_wb_44.jpg,CC BY 4.0,exclu,exclu:tungro,,,,,1
ml/data/raw/dhan_shomadhan/Dhan-Shomadhan/White Background/Rice Tungro/rt_wb_45.jpg,b58b64c8cbc611ec5f98e464bde7eaff69f69669c48182b995b577c84239889f,ml/data/raw/dhan_shomadhan/Dhan-Shomadhan/White Background/Rice Tungro/rt_wb_45.jpg,CC BY 4.0,exclu,exclu:tungro,,,,,1
ml/data/raw/dhan_shomadhan/Dhan-Shomadhan/White Background/Rice Tungro/rt_wb_46.jpg,28df87ee303cc7effef4644eea7ae6e2cdc92b7e33b3ef93c13c56d82d32d26c,ml/data/raw/dhan_shomadhan/Dhan-Shomadhan/White Background/Rice Tungro/rt_wb_46.jpg,CC BY 4.0,exclu,exclu:tungro,,,,,1
ml/data/raw/dhan_shomadhan/Dhan-Shomadhan/White Background/Rice Tungro/rt_wb_47.jpg,b21407655a84f75fc6a752a3d391ee2989a0db98d6fdc87295289172afeacc33,ml/data/raw/dhan_shomadhan/Dhan-Shomadhan/White Background/Rice Tungro/rt_wb_47.jpg,CC BY 4.0,exclu,exclu:tungro,,,,,1
ml/data/raw/dhan_shomadhan/Dhan-Shomadhan/White Background/Rice Tungro/rt_wb_48.jpg,aba0ff2698bd6589565c4b0daac0c33d3e26e9bc206124d0aafec329453431fe,ml/data/raw/dhan_shomadhan/Dhan-Shomadhan/White Background/Rice Tungro/rt_wb_48.jpg,CC BY 4.0,exclu,exclu:tungro,,,,,1
ml/data/raw/dhan_shomadhan/Dhan-Shomadhan/White Background/Rice Tungro/rt_wb_49.jpg,6d81602d41dcfcaa08c7ed0cd5b91d368ee0e1dabb8281cff8671a41db7d2a3b,ml/data/raw/dhan_shomadhan/Dhan-Shomadhan/White Background/Rice Tungro/rt_wb_49.jpg,CC BY 4.0,exclu,exclu:tungro,,,,,1
ml/data/raw/dhan_shomadhan/Dhan-Shomadhan/White Background/Rice Tungro/rt_wb_5.jpg,ad0afc1ddc40db32ec94d26ee0e6bb55481a4ab3f89571016ca77bf9172ecb30,ml/data/raw/dhan_shomadhan/Dhan-Shomadhan/White Background/Rice Tungro/rt_wb_5.jpg,CC BY 4.0,exclu,exclu:tungro,,,,,1
ml/data/raw/dhan_shomadhan/Dhan-Shomadhan/White Background/Rice Tungro/rt_wb_50.jpg,8d55b10723a9535ebc76fd4656bb9a9858541f081501a5c76ba1a60d508ff995,ml/data/raw/dhan_shomadhan/Dhan-Shomadhan/White Background/Rice Tungro/rt_wb_50.jpg,CC BY 4.0,exclu,exclu:tungro,,,,,1
ml/data/raw/dhan_shomadhan/Dhan-Shomadhan/White Background/Rice Tungro/rt_wb_51.jpg,026acb3b1477e2c7e83343673730078cd953dbf4f2f37ba50f5f2ab3a339d020,ml/data/raw/dhan_shomadhan/Dhan-Shomadhan/White Background/Rice Tungro/rt_wb_51.jpg,CC BY 4.0,exclu,exclu:tungro,,,,,1
ml/data/raw/dhan_shomadhan/Dhan-Shomadhan/White Background/Rice Tungro/rt_wb_52.jpg,809e7eccf19ce4abe1288286ec9a7c0801b071e961df221c025f7e68107c20e4,ml/data/raw/dhan_shomadhan/Dhan-Shomadhan/White Background/Rice Tungro/rt_wb_52.jpg,CC BY 4.0,exclu,exclu:tungro,,,,,1
ml/data/raw/dhan_shomadhan/Dhan-Shomadhan/White Background/Rice Tungro/rt_wb_53.jpg,dcbe25b79b4c890c6959bc922ad02693776a4689d2b369c0f73a07215ef43c6e,ml/data/raw/dhan_shomadhan/Dhan-Shomadhan/White Background/Rice Tungro/rt_wb_53.jpg,CC BY 4.0,exclu,exclu:tungro,,,,,1
ml/data/raw/dhan_shomadhan/Dhan-Shomadhan/White Background/Rice Tungro/rt_wb_54.jpg,78d6473d98e4630691284f550a614d53da131672c11fdeb97caeed2df8fdce8e,ml/data/raw/dhan_shomadhan/Dhan-Shomadhan/White Background/Rice Tungro/rt_wb_54.jpg,CC BY 4.0,exclu,exclu:tungro,,,,,1
ml/data/raw/dhan_shomadhan/Dhan-Shomadhan/White Background/Rice Tungro/rt_wb_55.jpg,9208ccc95c3e5b8126c1c75de9b5e3dfa2e92b1a37d0032f10d3dd0584cd1d21,ml/data/raw/dhan_shomadhan/Dhan-Shomadhan/White Background/Rice Tungro/rt_wb_55.jpg,CC BY 4.0,exclu,exclu:tungro,,,,,1
ml/data/raw/dhan_shomadhan/Dhan-Shomadhan/White Background/Rice Tungro/rt_wb_56.jpg,b67071486d02b4fbc16b7bc51c464bb6999874b53ac0964b910e15db859dba85,ml/data/raw/dhan_shomadhan/Dhan-Shomadhan/White Background/Rice Tungro/rt_wb_56.jpg,CC BY 4.0,exclu,exclu:tungro,,,,,1
ml/data/raw/dhan_shomadhan/Dhan-Shomadhan/White Background/Rice Tungro/rt_wb_57.jpg,9d96625f1c5fe58787cae81e65a0fa59690afd6af8cf8c8d6828581d11bac709,ml/data/raw/dhan_shomadhan/Dhan-Shomadhan/White Background/Rice Tungro/rt_wb_57.jpg,CC BY 4.0,exclu,exclu:tungro,,,,,1
ml/data/raw/dhan_shomadhan/Dhan-Shomadhan/White Background/Rice Tungro/rt_wb_58.jpg,9dc95bad1feafa29e27583b6c4118af367c0d9c3c8231fefc5280cc98f13678c,ml/data/raw/dhan_shomadhan/Dhan-Shomadhan/White Background/Rice Tungro/rt_wb_58.jpg,CC BY 4.0,exclu,exclu:tungro,,,,,1
ml/data/raw/dhan_shomadhan/Dhan-Shomadhan/White Background/Rice Tungro/rt_wb_59.jpg,9d83bc3fbaec7808a1b8ffde40f9468ed0ceae507c1e144391ff7084a2835d63,ml/data/raw/dhan_shomadhan/Dhan-Shomadhan/White Background/Rice Tungro/rt_wb_59.jpg,CC BY 4.0,exclu,exclu:tungro,,,,,1
ml/data/raw/dhan_shomadhan/Dhan-Shomadhan/White Background/Rice Tungro/rt_wb_6.jpg,5d0716b15f90122c766e622da9b352358d530cf958f7a747d22ab4a9003fe8e1,ml/data/raw/dhan_shomadhan/Dhan-Shomadhan/White Background/Rice Tungro/rt_wb_6.jpg,CC BY 4.0,exclu,exclu:tungro,,,,,1
ml/data/raw/dhan_shomadhan/Dhan-Shomadhan/White Background/Rice Tungro/rt_wb_60.jpg,2a47ba40aae8a755add4b1bdf82a186c54ebb195d811b7b7589efa566a46adb5,ml/data/raw/dhan_shomadhan/Dhan-Shomadhan/White Background/Rice Tungro/rt_wb_60.jpg,CC BY 4.0,exclu,exclu:tungro,,,,,1
ml/data/raw/dhan_shomadhan/Dhan-Shomadhan/White Background/Rice Tungro/rt_wb_61.jpg,de59985ba614d2ebf74579615267e35e50e02bda71f5472c87ccba4be817f832,ml/data/raw/dhan_shomadhan/Dhan-Shomadhan/White Background/Rice Tungro/rt_wb_61.jpg,CC BY 4.0,exclu,exclu:tungro,,,,,1
ml/data/raw/dhan_shomadhan/Dhan-Shomadhan/White Background/Rice Tungro/rt_wb_62.jpg,d8b471ea1aba41d3995ce702cacda24e58d8b5444ed70f78ce89d736582d6f3c,ml/data/raw/dhan_shomadhan/Dhan-Shomadhan/White Background/Rice Tungro/rt_wb_62.jpg,CC BY 4.0,exclu,exclu:tungro,,,,,1
ml/data/raw/dhan_shomadhan/Dhan-Shomadhan/White Background/Rice Tungro/rt_wb_63.jpg,6ee4cbb3023605e0c328dad91f3fb0d15f103ab88b0bded7ab014b050c058d07,ml/data/raw/dhan_shomadhan/Dhan-Shomadhan/White Background/Rice Tungro/rt_wb_63.jpg,CC BY 4.0,exclu,exclu:tungro,,,,,1
ml/data/raw/dhan_shomadhan/Dhan-Shomadhan/White Background/Rice Tungro/rt_wb_64.jpg,d40a80aafd6632cb4430ba98b4214cb8fe45bf35d810e973e055f306c0dd04f4,ml/data/raw/dhan_shomadhan/Dhan-Shomadhan/White Background/Rice Tungro/rt_wb_64.jpg,CC BY 4.0,exclu,exclu:tungro,,,,,1
ml/data/raw/dhan_shomadhan/Dhan-Shomadhan/White Background/Rice Tungro/rt_wb_65.jpg,2318b9ed82eba9d3a1fe7e69d9efe147527f863bf689c34cc3c19d5fa60325c0,ml/data/raw/dhan_shomadhan/Dhan-Shomadhan/White Background/Rice Tungro/rt_wb_65.jpg,CC BY 4.0,exclu,exclu:tungro,,,,,1
ml/data/raw/dhan_shomadhan/Dhan-Shomadhan/White Background/Rice Tungro/rt_wb_66.jpg,308105a4ec2f9f5e7dd6b90b192e904da308c421fe11586ce75a614fc2dd1543,ml/data/raw/dhan_shomadhan/Dhan-Shomadhan/White Background/Rice Tungro/rt_wb_66.jpg,CC BY 4.0,exclu,exclu:tungro,,,,,1
ml/data/raw/dhan_shomadhan/Dhan-Shomadhan/White Background/Rice Tungro/rt_wb_67.jpg,8b9989c7f533dfec544ca33d9b484e8e2e57f07d4fbf98630c2a0609c7f8be43,ml/data/raw/dhan_shomadhan/Dhan-Shomadhan/White Background/Rice Tungro/rt_wb_67.jpg,CC BY 4.0,exclu,exclu:tungro,,,,,1
ml/data/raw/dhan_shomadhan/Dhan-Shomadhan/White Background/Rice Tungro/rt_wb_68.jpg,7351527c49d906c1c975672258e87651e738890adffce71ca7453025bd15e02e,ml/data/raw/dhan_shomadhan/Dhan-Shomadhan/White Background/Rice Tungro/rt_wb_68.jpg,CC BY 4.0,exclu,exclu:tungro,,,,,1
ml/data/raw/dhan_shomadhan/Dhan-Shomadhan/White Background/Rice Tungro/rt_wb_69.jpg,0f1fc54f16d40bac82e950b77869b25ebf45c6fc2aec1ddcdf3ac0f12c0222e9,ml/data/raw/dhan_shomadhan/Dhan-Shomadhan/White Background/Rice Tungro/rt_wb_69.jpg,CC BY 4.0,exclu,exclu:tungro,,,,,1
ml/data/raw/dhan_shomadhan/Dhan-Shomadhan/White Background/Rice Tungro/rt_wb_7.jpg,476f2fe06432f2595754636cd35b99ddb275ff4c7f8056dcbc355c22048532a7,ml/data/raw/dhan_shomadhan/Dhan-Shomadhan/White Background/Rice Tungro/rt_wb_7.jpg,CC BY 4.0,exclu,exclu:tungro,,,,,1
ml/data/raw/dhan_shomadhan/Dhan-Shomadhan/White Background/Rice Tungro/rt_wb_70.jpg,18615513538e7a542ce4cc558f2d9e40b81d88dc0e124ad0f798c6b8a875e5b9,ml/data/raw/dhan_shomadhan/Dhan-Shomadhan/White Background/Rice Tungro/rt_wb_70.jpg,CC BY 4.0,exclu,exclu:tungro,,,,,1
ml/data/raw/dhan_shomadhan/Dhan-Shomadhan/White Background/Rice Tungro/rt_wb_71.jpg,08f5df0f809cf7d9031e8c855d902297abe9ff88447cbea907c1281885a8788e,ml/data/raw/dhan_shomadhan/Dhan-Shomadhan/White Background/Rice Tungro/rt_wb_71.jpg,CC BY 4.0,exclu,exclu:tungro,,,,,1
ml/data/raw/dhan_shomadhan/Dhan-Shomadhan/White Background/Rice Tungro/rt_wb_72.jpg,71fd2c2390670233f77107f94f9f4d98defda232e07d757c911bf558b2ea90aa,ml/data/raw/dhan_shomadhan/Dhan-Shomadhan/White Background/Rice Tungro/rt_wb_72.jpg,CC BY 4.0,exclu,exclu:tungro,,,,,1
ml/data/raw/dhan_shomadhan/Dhan-Shomadhan/White Background/Rice Tungro/rt_wb_73.jpg,0a0bb55e471f1620ba0814421690985d561326a193a630d0d2562907f3a7cbdd,ml/data/raw/dhan_shomadhan/Dhan-Shomadhan/White Background/Rice Tungro/rt_wb_73.jpg,CC BY 4.0,exclu,exclu:tungro,,,,,1
ml/data/raw/dhan_shomadhan/Dhan-Shomadhan/White Background/Rice Tungro/rt_wb_74.jpg,6c8629b5687d6bf8652b34a230241bacf0d5d85544b9f808824575f47c30a834,ml/data/raw/dhan_shomadhan/Dhan-Shomadhan/White Background/Rice Tungro/rt_wb_74.jpg,CC BY 4.0,exclu,exclu:tungro,,,,,1
ml/data/raw/dhan_shomadhan/Dhan-Shomadhan/White Background/Rice Tungro/rt_wb_75.jpg,0777bb553443f5e5c4d4ee772cddbc5bb822adc0a50bb7546f0cc45f1243bad4,ml/data/raw/dhan_shomadhan/Dhan-Shomadhan/White Background/Rice Tungro/rt_wb_75.jpg,CC BY 4.0,exclu,exclu:tungro,,,,,1
ml/data/raw/dhan_shomadhan/Dhan-Shomadhan/White Background/Rice Tungro/rt_wb_76.jpg,b2d1e7a9feeae594f676868df6d564c1b2d24192f5125f47ae72c895f1a9db46,ml/data/raw/dhan_shomadhan/Dhan-Shomadhan/White Background/Rice Tungro/rt_wb_76.jpg,CC BY 4.0,exclu,exclu:tungro,,,,,1
ml/data/raw/dhan_shomadhan/Dhan-Shomadhan/White Background/Rice Tungro/rt_wb_77.jpg,b6ed1381e7af4212beb32f912b607af93dce0a2e30f797c8fb86ef4c0f4fe9f1,ml/data/raw/dhan_shomadhan/Dhan-Shomadhan/White Background/Rice Tungro/rt_wb_77.jpg,CC BY 4.0,exclu,exclu:tungro,,,,,1
ml/data/raw/dhan_shomadhan/Dhan-Shomadhan/White Background/Rice Tungro/rt_wb_78.jpg,660c4fd450ff764a84e0ce1feb1363f06344fbd7e716e65e1560e06db1c74087,ml/data/raw/dhan_shomadhan/Dhan-Shomadhan/White Background/Rice Tungro/rt_wb_78.jpg,CC BY 4.0,exclu,exclu:tungro,,,,,1
ml/data/raw/dhan_shomadhan/Dhan-Shomadhan/White Background/Rice Tungro/rt_wb_79.jpg,bb0b9cd166bfe446d91ec2727dc531a9867c70d36f031cc094602ee46ddd1a53,ml/data/raw/dhan_shomadhan/Dhan-Shomadhan/White Background/Rice Tungro/rt_wb_79.jpg,CC BY 4.0,exclu,exclu:tungro,,,,,1
ml/data/raw/dhan_shomadhan/Dhan-Shomadhan/White Background/Rice Tungro/rt_wb_8.jpg,d6aec5f5dcf6d684c0cfcefa46a73e7395a833f658fe716f23dbe30d43d11fe6,ml/data/raw/dhan_shomadhan/Dhan-Shomadhan/White Background/Rice Tungro/rt_wb_8.jpg,CC BY 4.0,exclu,exclu:tungro,,,,,1
ml/data/raw/dhan_shomadhan/Dhan-Shomadhan/White Background/Rice Tungro/rt_wb_80.jpg,d324d057541ac4c9c96a7b3e56c1ef842ef58213720b529c8a76721f33d14b9d,ml/data/raw/dhan_shomadhan/Dhan-Shomadhan/White Background/Rice Tungro/rt_wb_80.jpg,CC BY 4.0,exclu,exclu:tungro,,,,,1
ml/data/raw/dhan_shomadhan/Dhan-Shomadhan/White Background/Rice Tungro/rt_wb_81.jpg,6d38ae153d85104e4b7ba19c27a29fbbeedf849301ca7ecb7915bbfbfc438e2c,ml/data/raw/dhan_shomadhan/Dhan-Shomadhan/White Background/Rice Tungro/rt_wb_81.jpg,CC BY 4.0,exclu,exclu:tungro,,,,,1
ml/data/raw/dhan_shomadhan/Dhan-Shomadhan/White Background/Rice Tungro/rt_wb_82.jpg,dabbc713b7e5d72bfc751bc87a3f3fb40a04f0c03e7aa1636158fe6336c4bf5b,ml/data/raw/dhan_shomadhan/Dhan-Shomadhan/White Background/Rice Tungro/rt_wb_82.jpg,CC BY 4.0,exclu,exclu:tungro,,,,,1
ml/data/raw/dhan_shomadhan/Dhan-Shomadhan/White Background/Rice Tungro/rt_wb_83.jpg,336a4062c79f3638cb1755afd818bbe04af57040cb44171aa2515fd2ecc7383d,ml/data/raw/dhan_shomadhan/Dhan-Shomadhan/White Background/Rice Tungro/rt_wb_83.jpg,CC BY 4.0,exclu,exclu:tungro,,,,,1
ml/data/raw/dhan_shomadhan/Dhan-Shomadhan/White Background/Rice Tungro/rt_wb_84.jpg,4a7e4001149b267caf8b1abab03b7cb5d9474f322cc0c0832c123304355c6604,ml/data/raw/dhan_shomadhan/Dhan-Shomadhan/White Background/Rice Tungro/rt_wb_84.jpg,CC BY 4.0,exclu,exclu:tungro,,,,,1
ml/data/raw/dhan_shomadhan/Dhan-Shomadhan/White Background/Rice Tungro/rt_wb_85.jpg,8e3ef9aa7ab4de96f6be506042ff40757c44932316895cb690849b92b8368441,ml/data/raw/dhan_shomadhan/Dhan-Shomadhan/White Background/Rice Tungro/rt_wb_85.jpg,CC BY 4.0,exclu,exclu:tungro,,,,,1
ml/data/raw/dhan_shomadhan/Dhan-Shomadhan/White Background/Rice Tungro/rt_wb_86.jpg,74a9deacda5c86291a990e3336503b1c6fd9616daee0d2a03446d657436309b2,ml/data/raw/dhan_shomadhan/Dhan-Shomadhan/White Background/Rice Tungro/rt_wb_86.jpg,CC BY 4.0,exclu,exclu:tungro,,,,,1
ml/data/raw/dhan_shomadhan/Dhan-Shomadhan/White Background/Rice Tungro/rt_wb_87.jpg,57262743fa4e816ac720d8445208de76d0ce2354320a7cdffcd4846d94e94566,ml/data/raw/dhan_shomadhan/Dhan-Shomadhan/White Background/Rice Tungro/rt_wb_87.jpg,CC BY 4.0,exclu,exclu:tungro,,,,,1
ml/data/raw/dhan_shomadhan/Dhan-Shomadhan/White Background/Rice Tungro/rt_wb_88.jpg,3fa7b9c83e27b5ac256647ed42e01bcdc2642358e258d20e4bdf2ef5312711f5,ml/data/raw/dhan_shomadhan/Dhan-Shomadhan/White Background/Rice Tungro/rt_wb_88.jpg,CC BY 4.0,exclu,exclu:tungro,,,,,1
ml/data/raw/dhan_shomadhan/Dhan-Shomadhan/White Background/Rice Tungro/rt_wb_89.jpg,bf8015ba7e21c7fe28c47b5903e502ce53953d561af15ac6676711bab7734a3f,ml/data/raw/dhan_shomadhan/Dhan-Shomadhan/White Background/Rice Tungro/rt_wb_89.jpg,CC BY 4.0,exclu,exclu:tungro,,,,,1
ml/data/raw/dhan_shomadhan/Dhan-Shomadhan/White Background/Rice Tungro/rt_wb_9.jpg,11749e38dce1a6904428fdbb041b15814b4dd52091febd4ae18361bb4b394efb,ml/data/raw/dhan_shomadhan/Dhan-Shomadhan/White Background/Rice Tungro/rt_wb_9.jpg,CC BY 4.0,exclu,exclu:tungro,,,,,1
ml/data/raw/dhan_shomadhan/Dhan-Shomadhan/White Background/Rice Tungro/rt_wb_90.jpg,455cd89366ef308a4ed6aa94e14e312363126e7a869dc9b98bee7273cd369413,ml/data/raw/dhan_shomadhan/Dhan-Shomadhan/White Background/Rice Tungro/rt_wb_90.jpg,CC BY 4.0,exclu,exclu:tungro,,,,,1
ml/data/raw/dhan_shomadhan/Dhan-Shomadhan/White Background/Rice Tungro/rt_wb_91.jpg,6c91cb5aa73da9600edbffaf35e1b61b8cf6ba1f689db6c9ac0bead2698d9567,ml/data/raw/dhan_shomadhan/Dhan-Shomadhan/White Background/Rice Tungro/rt_wb_91.jpg,CC BY 4.0,exclu,exclu:tungro,,,,,1
ml/data/raw/dhan_shomadhan/Dhan-Shomadhan/White Background/Rice Tungro/rt_wb_92.jpg,b279a0e36db13002a416657417f608f08639a81dc007f721a95680a98e393cca,ml/data/raw/dhan_shomadhan/Dhan-Shomadhan/White Background/Rice Tungro/rt_wb_92.jpg,CC BY 4.0,exclu,exclu:tungro,,,,,1
ml/data/raw/dhan_shomadhan/Dhan-Shomadhan/White Background/Rice Tungro/rt_wb_93.jpg,5981f6036118ce404ed7c7d039b3a694352237c19084d13f0e761abc53c85621,ml/data/raw/dhan_shomadhan/Dhan-Shomadhan/White Background/Rice Tungro/rt_wb_93.jpg,CC BY 4.0,exclu,exclu:tungro,,,,,1
ml/data/raw/dhan_shomadhan/Dhan-Shomadhan/White Background/Rice Tungro/rt_wb_94.jpg,46ac8c25c49bfbe5fa95840550aa3dd06e0bb4428a782ca1642fbd28d4605bf5,ml/data/raw/dhan_shomadhan/Dhan-Shomadhan/White Background/Rice Tungro/rt_wb_94.jpg,CC BY 4.0,exclu,exclu:tungro,,,,,1
ml/data/raw/dhan_shomadhan/Dhan-Shomadhan/White Background/Rice Tungro/rt_wb_95.jpg,6304f987682b8e799778b7296a059cc87aa6c7135dee649876c17736bfef61a5,ml/data/raw/dhan_shomadhan/Dhan-Shomadhan/White Background/Rice Tungro/rt_wb_95.jpg,CC BY 4.0,exclu,exclu:tungro,,,,,1
ml/data/raw/dhan_shomadhan/Dhan-Shomadhan/White Background/Rice Tungro/rt_wb_96.jpg,7fd8a548296492651b72caf2b491757ac1bbe30971d20fb0462cda979825b28f,ml/data/raw/dhan_shomadhan/Dhan-Shomadhan/White Background/Rice Tungro/rt_wb_96.jpg,CC BY 4.0,exclu,exclu:tungro,,,,,1
ml/data/raw/dhan_shomadhan/Dhan-Shomadhan/White Background/Rice Tungro/rt_wb_97.jpg,bcb0b1c80d70f5bee63b714d92b338e80ab66e4983f8d3ed8b3497bae75a554f,ml/data/raw/dhan_shomadhan/Dhan-Shomadhan/White Background/Rice Tungro/rt_wb_97.jpg,CC BY 4.0,exclu,exclu:tungro,,,,,1
ml/data/raw/dhan_shomadhan/Dhan-Shomadhan/White Background/Rice Tungro/rt_wb_98.jpg,63f39a9a70e879767cb594ac2c180fea2d60f56c8c527958d52cd810f5128774,ml/data/raw/dhan_shomadhan/Dhan-Shomadhan/White Background/Rice Tungro/rt_wb_98.jpg,CC BY 4.0,exclu,exclu:tungro,,,,,1
ml/data/raw/dhan_shomadhan/Dhan-Shomadhan/White Background/Rice Tungro/rt_wb_99.jpg,96a72e805b095539644864c912cec7dd3e9ff21d79b65bd0954091aca955f612,ml/data/raw/dhan_shomadhan/Dhan-Shomadhan/White Background/Rice Tungro/rt_wb_99.jpg,CC BY 4.0,exclu,exclu:tungro,,,,,1
ml/data/raw/dhan_shomadhan/Dhan-Shomadhan/White Background/Shath Blight/sb_wb_0.jpg,24ad420dc27915abef6ceff62f4a108980115f09f07ed8c252656db206b67372,ml/data/raw/dhan_shomadhan/Dhan-Shomadhan/White Background/Shath Blight/sb_wb_0.jpg,CC BY 4.0,tige_gaine,rhizoctone,,,,,1
ml/data/raw/dhan_shomadhan/Dhan-Shomadhan/White Background/Shath Blight/sb_wb_1.jpg,b5ca5010112342e852d36c20e9609178b711f473208eb3c989d39949661ab951,ml/data/raw/dhan_shomadhan/Dhan-Shomadhan/White Background/Shath Blight/sb_wb_1.jpg,CC BY 4.0,tige_gaine,rhizoctone,,,,,1
ml/data/raw/dhan_shomadhan/Dhan-Shomadhan/White Background/Shath Blight/sb_wb_10.jpg,2d91a5707befea7a91278577d85f1aefccb1a5889929c24602d6c56019d00642,ml/data/raw/dhan_shomadhan/Dhan-Shomadhan/White Background/Shath Blight/sb_wb_10.jpg,CC BY 4.0,tige_gaine,rhizoctone,,,,,1
ml/data/raw/dhan_shomadhan/Dhan-Shomadhan/White Background/Shath Blight/sb_wb_100.jpg,a9f06eac3fb5d786cbad8c4636091fd7483db2126268ad416f4a33495f96f891,ml/data/raw/dhan_shomadhan/Dhan-Shomadhan/White Background/Shath Blight/sb_wb_100.jpg,CC BY 4.0,tige_gaine,rhizoctone,,,,,1
ml/data/raw/dhan_shomadhan/Dhan-Shomadhan/White Background/Shath Blight/sb_wb_101.jpg,d6092db916b1516ad1df32b3b0bfe87cee6c91c21392f4024067c9885f56ed16,ml/data/raw/dhan_shomadhan/Dhan-Shomadhan/White Background/Shath Blight/sb_wb_101.jpg,CC BY 4.0,tige_gaine,rhizoctone,,,,,1
ml/data/raw/dhan_shomadhan/Dhan-Shomadhan/White Background/Shath Blight/sb_wb_102.jpg,5d4e03a95a650d50cb66f67a4245f9c1897f23f67b4250175df1b763e1b1e29d,ml/data/raw/dhan_shomadhan/Dhan-Shomadhan/White Background/Shath Blight/sb_wb_102.jpg,CC BY 4.0,tige_gaine,rhizoctone,,,,,1
ml/data/raw/dhan_shomadhan/Dhan-Shomadhan/White Background/Shath Blight/sb_wb_103.jpg,b080906491b987b678065b952e22509c80e2e1fe7361f745c62a7a0c13ac6637,ml/data/raw/dhan_shomadhan/Dhan-Shomadhan/White Background/Shath Blight/sb_wb_103.jpg,CC BY 4.0,tige_gaine,rhizoctone,,,,,1
ml/data/raw/dhan_shomadhan/Dhan-Shomadhan/White Background/Shath Blight/sb_wb_104.jpg,8de3cd265bd78697c71b15e2bbaa5a19c29a49c01587fc02591fdbc79666df49,ml/data/raw/dhan_shomadhan/Dhan-Shomadhan/White Background/Shath Blight/sb_wb_104.jpg,CC BY 4.0,tige_gaine,rhizoctone,,,,,1
ml/data/raw/dhan_shomadhan/Dhan-Shomadhan/White Background/Shath Blight/sb_wb_105.jpg,94ac24870ad60ce02a7163759f612991c94c603c70d1a935cb60857929c008fb,ml/data/raw/dhan_shomadhan/Dhan-Shomadhan/White Background/Shath Blight/sb_wb_105.jpg,CC BY 4.0,tige_gaine,rhizoctone,,,,,1
ml/data/raw/dhan_shomadhan/Dhan-Shomadhan/White Background/Shath Blight/sb_wb_106.jpg,2e93498e5f4d4eb25d1b9d6e9ff622abea687802b8fc9e114778884a56d8ae88,ml/data/raw/dhan_shomadhan/Dhan-Shomadhan/White Background/Shath Blight/sb_wb_106.jpg,CC BY 4.0,tige_gaine,rhizoctone,,,,,1
ml/data/raw/dhan_shomadhan/Dhan-Shomadhan/White Background/Shath Blight/sb_wb_107.jpg,5a2a9ba7582e0e0238cbfa092656ceff5cbfcf690723dddbfa08df6347c18e70,ml/data/raw/dhan_shomadhan/Dhan-Shomadhan/White Background/Shath Blight/sb_wb_107.jpg,CC BY 4.0,tige_gaine,rhizoctone,,,,,1
ml/data/raw/dhan_shomadhan/Dhan-Shomadhan/White Background/Shath Blight/sb_wb_108.jpg,23f55605a50cac5abc23eb90fe6963110032a135d0743101358107786460eb2f,ml/data/raw/dhan_shomadhan/Dhan-Shomadhan/White Background/Shath Blight/sb_wb_108.jpg,CC BY 4.0,tige_gaine,rhizoctone,,,,,1
ml/data/raw/dhan_shomadhan/Dhan-Shomadhan/White Background/Shath Blight/sb_wb_109.jpg,eedac668ec41c1fe2a61f1e149dbfc4e422b25871f3a61fee56082c8eddc9f70,ml/data/raw/dhan_shomadhan/Dhan-Shomadhan/White Background/Shath Blight/sb_wb_109.jpg,CC BY 4.0,tige_gaine,rhizoctone,,,,,1
ml/data/raw/dhan_shomadhan/Dhan-Shomadhan/White Background/Shath Blight/sb_wb_11.jpg,229fd348ca708db6c2938eb5dc3dcb3d4862bf0c88197d3d872a18ea44ad15f2,ml/data/raw/dhan_shomadhan/Dhan-Shomadhan/White Background/Shath Blight/sb_wb_11.jpg,CC BY 4.0,tige_gaine,rhizoctone,,,,,1
ml/data/raw/dhan_shomadhan/Dhan-Shomadhan/White Background/Shath Blight/sb_wb_110.jpg,12d241444b0aa5c769b18f5550d6d627dc7e83c72839cf9c0a9beaaee7ae3a55,ml/data/raw/dhan_shomadhan/Dhan-Shomadhan/White Background/Shath Blight/sb_wb_110.jpg,CC BY 4.0,tige_gaine,rhizoctone,,,,,1
ml/data/raw/dhan_shomadhan/Dhan-Shomadhan/White Background/Shath Blight/sb_wb_111.jpg,db929e94aeab31c7042f4f3c0d4e6368838e8a5c22c9cafdc3a0d600b5c6ed82,ml/data/raw/dhan_shomadhan/Dhan-Shomadhan/White Background/Shath Blight/sb_wb_111.jpg,CC BY 4.0,tige_gaine,rhizoctone,,,,,1
ml/data/raw/dhan_shomadhan/Dhan-Shomadhan/White Background/Shath Blight/sb_wb_112.jpg,eb2c7571e9176dde62da716362e5eebefd9c84637d5a8fc67ab4981dd02f8a11,ml/data/raw/dhan_shomadhan/Dhan-Shomadhan/White Background/Shath Blight/sb_wb_112.jpg,CC BY 4.0,tige_gaine,rhizoctone,,,,,1
ml/data/raw/dhan_shomadhan/Dhan-Shomadhan/White Background/Shath Blight/sb_wb_113.jpg,b6b1a67e88d91d667e81a0f47a788e04846390d52f9f2ccbb5e330818aaa70aa,ml/data/raw/dhan_shomadhan/Dhan-Shomadhan/White Background/Shath Blight/sb_wb_113.jpg,CC BY 4.0,tige_gaine,rhizoctone,,,,,1
ml/data/raw/dhan_shomadhan/Dhan-Shomadhan/White Background/Shath Blight/sb_wb_114.jpg,3648a1cdfd76fa5b8f3ec3db7559486392054b39cadcae24c928047f48ec7b1d,ml/data/raw/dhan_shomadhan/Dhan-Shomadhan/White Background/Shath Blight/sb_wb_114.jpg,CC BY 4.0,tige_gaine,rhizoctone,,,,,1
ml/data/raw/dhan_shomadhan/Dhan-Shomadhan/White Background/Shath Blight/sb_wb_115.jpg,941694e3514395faca9cb7872fb2f854e2ab1399a38977eab5ecfa4f935b8f99,ml/data/raw/dhan_shomadhan/Dhan-Shomadhan/White Background/Shath Blight/sb_wb_115.jpg,CC BY 4.0,tige_gaine,rhizoctone,,,,,1
ml/data/raw/dhan_shomadhan/Dhan-Shomadhan/White Background/Shath Blight/sb_wb_116.jpg,3953c1add501aafad03727d0170a5331a75c3065b6fe3366a1794052027cfb24,ml/data/raw/dhan_shomadhan/Dhan-Shomadhan/White Background/Shath Blight/sb_wb_116.jpg,CC BY 4.0,tige_gaine,rhizoctone,,,,,1
ml/data/raw/dhan_shomadhan/Dhan-Shomadhan/White Background/Shath Blight/sb_wb_117.jpg,c9ea27ef0fa721be97a696838926215c37fc178ca743c434f6b3a7c5e10f274d,ml/data/raw/dhan_shomadhan/Dhan-Shomadhan/White Background/Shath Blight/sb_wb_117.jpg,CC BY 4.0,tige_gaine,rhizoctone,,,,,1
ml/data/raw/dhan_shomadhan/Dhan-Shomadhan/White Background/Shath Blight/sb_wb_118.jpg,ff0352614e454dc89eb53b1437d84d29c583ea331b004dfbbfbe17d49427c9fb,ml/data/raw/dhan_shomadhan/Dhan-Shomadhan/White Background/Shath Blight/sb_wb_118.jpg,CC BY 4.0,tige_gaine,rhizoctone,,,,,1
ml/data/raw/dhan_shomadhan/Dhan-Shomadhan/White Background/Shath Blight/sb_wb_119.jpg,a41352b881c901a4f5b90a262cda064fd4c3fd7ac68855a91467c00ed89064d9,ml/data/raw/dhan_shomadhan/Dhan-Shomadhan/White Background/Shath Blight/sb_wb_119.jpg,CC BY 4.0,tige_gaine,rhizoctone,,,,,1
ml/data/raw/dhan_shomadhan/Dhan-Shomadhan/White Background/Shath Blight/sb_wb_12.jpg,f340d84f1076fc5dee1e0cf40dce1cce7292c041b2ce3039fca5081f5524a829,ml/data/raw/dhan_shomadhan/Dhan-Shomadhan/White Background/Shath Blight/sb_wb_12.jpg,CC BY 4.0,tige_gaine,rhizoctone,,,,,1
ml/data/raw/dhan_shomadhan/Dhan-Shomadhan/White Background/Shath Blight/sb_wb_120.jpg,e6285ad42ababe5882409880a6c13b71949a4786a19192ed1241719f1e9c9fba,ml/data/raw/dhan_shomadhan/Dhan-Shomadhan/White Background/Shath Blight/sb_wb_120.jpg,CC BY 4.0,tige_gaine,rhizoctone,,,,,1
ml/data/raw/dhan_shomadhan/Dhan-Shomadhan/White Background/Shath Blight/sb_wb_121.jpg,0e56dd032adff08f65e4ab76ba80c018706b7b2edab9e3db31a9a7f230406cf4,ml/data/raw/dhan_shomadhan/Dhan-Shomadhan/White Background/Shath Blight/sb_wb_121.jpg,CC BY 4.0,tige_gaine,rhizoctone,,,,,1
ml/data/raw/dhan_shomadhan/Dhan-Shomadhan/White Background/Shath Blight/sb_wb_122.jpg,23b5f506162e408592fb3f622f25fa43c21aa2f91b778b8f4ac1d367206a05b3,ml/data/raw/dhan_shomadhan/Dhan-Shomadhan/White Background/Shath Blight/sb_wb_122.jpg,CC BY 4.0,tige_gaine,rhizoctone,,,,,1
ml/data/raw/dhan_shomadhan/Dhan-Shomadhan/White Background/Shath Blight/sb_wb_123.jpg,c2f0fd17a4b5a90577653854be2061d4cc9ad8ca434c74cbfea8c9c8f0cb1b0b,ml/data/raw/dhan_shomadhan/Dhan-Shomadhan/White Background/Shath Blight/sb_wb_123.jpg,CC BY 4.0,tige_gaine,rhizoctone,,,,,1
ml/data/raw/dhan_shomadhan/Dhan-Shomadhan/White Background/Shath Blight/sb_wb_124.jpg,0855f3cfb3c89803ce720f9e595bd0fd4f9f13a68a01fb41a2a1d7c06b0faf87,ml/data/raw/dhan_shomadhan/Dhan-Shomadhan/White Background/Shath Blight/sb_wb_124.jpg,CC BY 4.0,tige_gaine,rhizoctone,,,,,1
ml/data/raw/dhan_shomadhan/Dhan-Shomadhan/White Background/Shath Blight/sb_wb_125.jpg,c7e10ed37bc08344ae247adf15a5a64033a562d13681e3e4226f11538749bc4c,ml/data/raw/dhan_shomadhan/Dhan-Shomadhan/White Background/Shath Blight/sb_wb_125.jpg,CC BY 4.0,tige_gaine,rhizoctone,,,,,1
ml/data/raw/dhan_shomadhan/Dhan-Shomadhan/White Background/Shath Blight/sb_wb_126.jpg,ae57edc22ad9a35f99e4b2d6d6be2068e96717fa36975e051527b353f9c61ebb,ml/data/raw/dhan_shomadhan/Dhan-Shomadhan/White Background/Shath Blight/sb_wb_126.jpg,CC BY 4.0,tige_gaine,rhizoctone,,,,,1
ml/data/raw/dhan_shomadhan/Dhan-Shomadhan/White Background/Shath Blight/sb_wb_127.jpg,f9daa32049c63b71eb0c1e240ea028747810cf09cc9febfc25ee3fa3d4c780f7,ml/data/raw/dhan_shomadhan/Dhan-Shomadhan/White Background/Shath Blight/sb_wb_127.jpg,CC BY 4.0,tige_gaine,rhizoctone,,,,,1
ml/data/raw/dhan_shomadhan/Dhan-Shomadhan/White Background/Shath Blight/sb_wb_128.jpg,8644625ee52e8542a359afcb745ea0d8a66ac81ddc2fb8ce8f42c626af021860,ml/data/raw/dhan_shomadhan/Dhan-Shomadhan/White Background/Shath Blight/sb_wb_128.jpg,CC BY 4.0,tige_gaine,rhizoctone,,,,,1
ml/data/raw/dhan_shomadhan/Dhan-Shomadhan/White Background/Shath Blight/sb_wb_129.jpg,00ca0c2ce816e461c3ea0972f1671a78014282a95bfb1fd53872ef5830409265,ml/data/raw/dhan_shomadhan/Dhan-Shomadhan/White Background/Shath Blight/sb_wb_129.jpg,CC BY 4.0,tige_gaine,rhizoctone,,,,,1
ml/data/raw/dhan_shomadhan/Dhan-Shomadhan/White Background/Shath Blight/sb_wb_13.jpg,5abee57e9490ad7e3a89f0ba7c719bc6c66e7ca04c47f329dacff867af6b6261,ml/data/raw/dhan_shomadhan/Dhan-Shomadhan/White Background/Shath Blight/sb_wb_13.jpg,CC BY 4.0,tige_gaine,rhizoctone,,,,,1
ml/data/raw/dhan_shomadhan/Dhan-Shomadhan/White Background/Shath Blight/sb_wb_130.jpg,a434239959b89261b7c93103c0c4e5b9b8ba4551150d4cb8be9bd463ef321322,ml/data/raw/dhan_shomadhan/Dhan-Shomadhan/White Background/Shath Blight/sb_wb_130.jpg,CC BY 4.0,tige_gaine,rhizoctone,,,,,1
ml/data/raw/dhan_shomadhan/Dhan-Shomadhan/White Background/Shath Blight/sb_wb_131.jpg,fc8c0fb9713262e3a4a012c41bb11874e872b113945ca240759d415bccb4b318,ml/data/raw/dhan_shomadhan/Dhan-Shomadhan/White Background/Shath Blight/sb_wb_131.jpg,CC BY 4.0,tige_gaine,rhizoctone,,,,,1
ml/data/raw/dhan_shomadhan/Dhan-Shomadhan/White Background/Shath Blight/sb_wb_132.jpg,c0d5b970ccc7a27b6c9701cfb84ac6a9b3ad4db1f2f8c31ce896408f46f70812,ml/data/raw/dhan_shomadhan/Dhan-Shomadhan/White Background/Shath Blight/sb_wb_132.jpg,CC BY 4.0,tige_gaine,rhizoctone,,,,,1
ml/data/raw/dhan_shomadhan/Dhan-Shomadhan/White Background/Shath Blight/sb_wb_133.jpg,a95784f25c0e494f933f8f81a42c6cb30607b54daca6f012050679478fcb07b4,ml/data/raw/dhan_shomadhan/Dhan-Shomadhan/White Background/Shath Blight/sb_wb_133.jpg,CC BY 4.0,tige_gaine,rhizoctone,,,,,1
ml/data/raw/dhan_shomadhan/Dhan-Shomadhan/White Background/Shath Blight/sb_wb_134.jpg,b52a2d99da9f1081194019c789da017e286f8eaea10b6c035e438718eebc71a2,ml/data/raw/dhan_shomadhan/Dhan-Shomadhan/White Background/Shath Blight/sb_wb_134.jpg,CC BY 4.0,tige_gaine,rhizoctone,,,,,1
ml/data/raw/dhan_shomadhan/Dhan-Shomadhan/White Background/Shath Blight/sb_wb_135.jpg,f9c9712b4c2e5877ff3aae795f2ac37e3ff9e541d6c6ea86f398d6c0a4d24ae2,ml/data/raw/dhan_shomadhan/Dhan-Shomadhan/White Background/Shath Blight/sb_wb_135.jpg,CC BY 4.0,tige_gaine,rhizoctone,,,,,1
ml/data/raw/dhan_shomadhan/Dhan-Shomadhan/White Background/Shath Blight/sb_wb_136.jpg,9b6233874cca0c35725d9c1119c9ebf3c4880c0c8d37feff9ff6256f0255570c,ml/data/raw/dhan_shomadhan/Dhan-Shomadhan/White Background/Shath Blight/sb_wb_136.jpg,CC BY 4.0,tige_gaine,rhizoctone,,,,,1
ml/data/raw/dhan_shomadhan/Dhan-Shomadhan/White Background/Shath Blight/sb_wb_137.jpg,924c349474334f7061f377ebcfdbcdcfcf8f6ee98d0baea4dd254b6d9a020327,ml/data/raw/dhan_shomadhan/Dhan-Shomadhan/White Background/Shath Blight/sb_wb_137.jpg,CC BY 4.0,tige_gaine,rhizoctone,,,,,1
ml/data/raw/dhan_shomadhan/Dhan-Shomadhan/White Background/Shath Blight/sb_wb_138.jpg,5b58004f9edca94184df8a0994215dff76f21c9dfefd1ee91d1f73f43c2ceea7,ml/data/raw/dhan_shomadhan/Dhan-Shomadhan/White Background/Shath Blight/sb_wb_138.jpg,CC BY 4.0,tige_gaine,rhizoctone,,,,,1
ml/data/raw/dhan_shomadhan/Dhan-Shomadhan/White Background/Shath Blight/sb_wb_139.jpg,3c10cf3f46f37a09bac9614e0123bd3c7e8234f9d33037b8a57c889c65c103ef,ml/data/raw/dhan_shomadhan/Dhan-Shomadhan/White Background/Shath Blight/sb_wb_139.jpg,CC BY 4.0,tige_gaine,rhizoctone,,,,,1
ml/data/raw/dhan_shomadhan/Dhan-Shomadhan/White Background/Shath Blight/sb_wb_14.jpg,9f1c2d05310a5bc283c182f3de7272f36ca7dcf426ed94b673611e42c5ff25b0,ml/data/raw/dhan_shomadhan/Dhan-Shomadhan/White Background/Shath Blight/sb_wb_14.jpg,CC BY 4.0,tige_gaine,rhizoctone,,,,,1
ml/data/raw/dhan_shomadhan/Dhan-Shomadhan/White Background/Shath Blight/sb_wb_140.jpg,b9d8cc58effa5a91781c65a3b3337ea031ffece824e160770c099deff23659f6,ml/data/raw/dhan_shomadhan/Dhan-Shomadhan/White Background/Shath Blight/sb_wb_140.jpg,CC BY 4.0,tige_gaine,rhizoctone,,,,,1
ml/data/raw/dhan_shomadhan/Dhan-Shomadhan/White Background/Shath Blight/sb_wb_141.jpg,634ecde8f28c3199c2c477ba0e3b07abe00714272de0e32083bea3da2a4d1a5d,ml/data/raw/dhan_shomadhan/Dhan-Shomadhan/White Background/Shath Blight/sb_wb_141.jpg,CC BY 4.0,tige_gaine,rhizoctone,,,,,1
ml/data/raw/dhan_shomadhan/Dhan-Shomadhan/White Background/Shath Blight/sb_wb_142.jpg,a3ced4f8344a10355775e91d5dbe7d31fa667047bdd78f3c2d3d9ff2089f2c7a,ml/data/raw/dhan_shomadhan/Dhan-Shomadhan/White Background/Shath Blight/sb_wb_142.jpg,CC BY 4.0,tige_gaine,rhizoctone,,,,,1
ml/data/raw/dhan_shomadhan/Dhan-Shomadhan/White Background/Shath Blight/sb_wb_143.jpg,28d6d5b5ce3726019f59d8ddb5449adda82dfd88409d30b9aafbee732ccda225,ml/data/raw/dhan_shomadhan/Dhan-Shomadhan/White Background/Shath Blight/sb_wb_143.jpg,CC BY 4.0,tige_gaine,rhizoctone,,,,,1
ml/data/raw/dhan_shomadhan/Dhan-Shomadhan/White Background/Shath Blight/sb_wb_144.jpg,9bcf1433846afe6d3f3cd9a55a114156c67c1c02275e14c70f29c06cf0aa04e3,ml/data/raw/dhan_shomadhan/Dhan-Shomadhan/White Background/Shath Blight/sb_wb_144.jpg,CC BY 4.0,tige_gaine,rhizoctone,,,,,1
ml/data/raw/dhan_shomadhan/Dhan-Shomadhan/White Background/Shath Blight/sb_wb_145.jpg,45039f1b7158e658ecfc49d1315b3a7b492fce79a2efee48e8c11aa9a38320d5,ml/data/raw/dhan_shomadhan/Dhan-Shomadhan/White Background/Shath Blight/sb_wb_145.jpg,CC BY 4.0,tige_gaine,rhizoctone,,,,,1
ml/data/raw/dhan_shomadhan/Dhan-Shomadhan/White Background/Shath Blight/sb_wb_146.jpg,2f9765964a1099dc4f9664701e7fd59c7c31036115ef09e34ca7de4c25eb322f,ml/data/raw/dhan_shomadhan/Dhan-Shomadhan/White Background/Shath Blight/sb_wb_146.jpg,CC BY 4.0,tige_gaine,rhizoctone,,,,,1
ml/data/raw/dhan_shomadhan/Dhan-Shomadhan/White Background/Shath Blight/sb_wb_147.jpg,0c7943eac1d798cbda8d8973561edb717cf4c386f0e69ff1bb07d48568ea2080,ml/data/raw/dhan_shomadhan/Dhan-Shomadhan/White Background/Shath Blight/sb_wb_147.jpg,CC BY 4.0,tige_gaine,rhizoctone,,,,,1
ml/data/raw/dhan_shomadhan/Dhan-Shomadhan/White Background/Shath Blight/sb_wb_148.jpg,7e86e53ed0b55adb585a642c5fc4ee7b9b5cc466af4a285e30b175094d41743b,ml/data/raw/dhan_shomadhan/Dhan-Shomadhan/White Background/Shath Blight/sb_wb_148.jpg,CC BY 4.0,tige_gaine,rhizoctone,,,,,1
ml/data/raw/dhan_shomadhan/Dhan-Shomadhan/White Background/Shath Blight/sb_wb_149.jpg,2935bd5773e25c92aaefb2e10e0f2fdf01a2bd97f17ec8b37106fc1240887ba4,ml/data/raw/dhan_shomadhan/Dhan-Shomadhan/White Background/Shath Blight/sb_wb_149.jpg,CC BY 4.0,tige_gaine,rhizoctone,,,,,1
ml/data/raw/dhan_shomadhan/Dhan-Shomadhan/White Background/Shath Blight/sb_wb_15.jpg,bb075ef0b31931c539cacddbd495789b379535332df18cd82a70bf6e2635799f,ml/data/raw/dhan_shomadhan/Dhan-Shomadhan/White Background/Shath Blight/sb_wb_15.jpg,CC BY 4.0,tige_gaine,rhizoctone,,,,,1
ml/data/raw/dhan_shomadhan/Dhan-Shomadhan/White Background/Shath Blight/sb_wb_150.jpg,0d35f2d05ca980d63c5bdb10cd9521c16aa83d90bdaf06f9139b55aedc4e8c1e,ml/data/raw/dhan_shomadhan/Dhan-Shomadhan/White Background/Shath Blight/sb_wb_150.jpg,CC BY 4.0,tige_gaine,rhizoctone,,,,,1
ml/data/raw/dhan_shomadhan/Dhan-Shomadhan/White Background/Shath Blight/sb_wb_151.jpg,75bd95d6c5e7c5418650cf9e24190607862acb412535694991d99d74de0ff80a,ml/data/raw/dhan_shomadhan/Dhan-Shomadhan/White Background/Shath Blight/sb_wb_151.jpg,CC BY 4.0,tige_gaine,rhizoctone,,,,,1
ml/data/raw/dhan_shomadhan/Dhan-Shomadhan/White Background/Shath Blight/sb_wb_152.jpg,c94c771c226a6568d6fcf10f8d1c7f9f88b88649d48c551cd657e888207e2909,ml/data/raw/dhan_shomadhan/Dhan-Shomadhan/White Background/Shath Blight/sb_wb_152.jpg,CC BY 4.0,tige_gaine,rhizoctone,,,,,1
ml/data/raw/dhan_shomadhan/Dhan-Shomadhan/White Background/Shath Blight/sb_wb_153.jpg,8bf65dbbe7529cefad01bffe7f9d28409b7362419e24ccfa7f299edca55ef5f3,ml/data/raw/dhan_shomadhan/Dhan-Shomadhan/White Background/Shath Blight/sb_wb_153.jpg,CC BY 4.0,tige_gaine,rhizoctone,,,,,1
ml/data/raw/dhan_shomadhan/Dhan-Shomadhan/White Background/Shath Blight/sb_wb_154.jpg,1e4b55a6a1f9b4e2864a7985966b0e49b58979e59f307d3b0ffc894a11f4d4b3,ml/data/raw/dhan_shomadhan/Dhan-Shomadhan/White Background/Shath Blight/sb_wb_154.jpg,CC BY 4.0,tige_gaine,rhizoctone,,,,,1
ml/data/raw/dhan_shomadhan/Dhan-Shomadhan/White Background/Shath Blight/sb_wb_155.jpg,beeae9f1f996752811f678ce9b19d84c4b874aa177118285af867ef5c28cd860,ml/data/raw/dhan_shomadhan/Dhan-Shomadhan/White Background/Shath Blight/sb_wb_155.jpg,CC BY 4.0,tige_gaine,rhizoctone,,,,,1
ml/data/raw/dhan_shomadhan/Dhan-Shomadhan/White Background/Shath Blight/sb_wb_156.jpg,c2726ca5e0ce414ba7dce14af89943cc21eb21ed0c0f9be84a0246e0c88795c8,ml/data/raw/dhan_shomadhan/Dhan-Shomadhan/White Background/Shath Blight/sb_wb_156.jpg,CC BY 4.0,tige_gaine,rhizoctone,,,,,1
ml/data/raw/dhan_shomadhan/Dhan-Shomadhan/White Background/Shath Blight/sb_wb_157.jpg,409217c5910a5ff7a184479e0e17d122a001da34e281364af5d13956282e6a48,ml/data/raw/dhan_shomadhan/Dhan-Shomadhan/White Background/Shath Blight/sb_wb_157.jpg,CC BY 4.0,tige_gaine,rhizoctone,,,,,1
ml/data/raw/dhan_shomadhan/Dhan-Shomadhan/White Background/Shath Blight/sb_wb_158.jpg,109ef2497d836f8967809f6fb5c290b0bf95291b3cb7eafe0a73d19aa6df804e,ml/data/raw/dhan_shomadhan/Dhan-Shomadhan/White Background/Shath Blight/sb_wb_158.jpg,CC BY 4.0,tige_gaine,rhizoctone,,,,,1
ml/data/raw/dhan_shomadhan/Dhan-Shomadhan/White Background/Shath Blight/sb_wb_159.jpg,5aa609a9f3eda797607e77ff816ee406333718f8f75179ae5582238b1ebedafb,ml/data/raw/dhan_shomadhan/Dhan-Shomadhan/White Background/Shath Blight/sb_wb_159.jpg,CC BY 4.0,tige_gaine,rhizoctone,,,,,1
ml/data/raw/dhan_shomadhan/Dhan-Shomadhan/White Background/Shath Blight/sb_wb_16.jpg,fb3712e3d749f5eab9a693fa89ad2a1c734466901744edac8da5ab1dbdb7bb30,ml/data/raw/dhan_shomadhan/Dhan-Shomadhan/White Background/Shath Blight/sb_wb_16.jpg,CC BY 4.0,tige_gaine,rhizoctone,,,,,1
ml/data/raw/dhan_shomadhan/Dhan-Shomadhan/White Background/Shath Blight/sb_wb_160.jpg,a0f6aa974a6fd99c8e2ab9e301286eb0acd5b65d9e7f54db29426e1ba33200ef,ml/data/raw/dhan_shomadhan/Dhan-Shomadhan/White Background/Shath Blight/sb_wb_160.jpg,CC BY 4.0,tige_gaine,rhizoctone,,,,,1
ml/data/raw/dhan_shomadhan/Dhan-Shomadhan/White Background/Shath Blight/sb_wb_161.jpg,2e74e084880a7a29540b8be8f11e4b0d19323f5976d6050796f4aacee2ff5a25,ml/data/raw/dhan_shomadhan/Dhan-Shomadhan/White Background/Shath Blight/sb_wb_161.jpg,CC BY 4.0,tige_gaine,rhizoctone,,,,,1
ml/data/raw/dhan_shomadhan/Dhan-Shomadhan/White Background/Shath Blight/sb_wb_162.jpg,c686b5584150d3fff14c51434e11bed944e1ac2fff76d90ee9713194e92ea037,ml/data/raw/dhan_shomadhan/Dhan-Shomadhan/White Background/Shath Blight/sb_wb_162.jpg,CC BY 4.0,tige_gaine,rhizoctone,,,,,1
ml/data/raw/dhan_shomadhan/Dhan-Shomadhan/White Background/Shath Blight/sb_wb_163.jpg,c7165125759c8225c8bb94bbebc8415c47691677c0a329a58241125aac9d8779,ml/data/raw/dhan_shomadhan/Dhan-Shomadhan/White Background/Shath Blight/sb_wb_163.jpg,CC BY 4.0,tige_gaine,rhizoctone,,,,,1
ml/data/raw/dhan_shomadhan/Dhan-Shomadhan/White Background/Shath Blight/sb_wb_164.jpg,579e398e35dec759e73070e9cddec8b2b279d963ef5e619d7acb2e86c9bcd8f2,ml/data/raw/dhan_shomadhan/Dhan-Shomadhan/White Background/Shath Blight/sb_wb_164.jpg,CC BY 4.0,tige_gaine,rhizoctone,,,,,1
ml/data/raw/dhan_shomadhan/Dhan-Shomadhan/White Background/Shath Blight/sb_wb_165.jpg,3d0686a3a9dfa34ded350de8600ed023137120658f1a1b31234434bfb8d3b971,ml/data/raw/dhan_shomadhan/Dhan-Shomadhan/White Background/Shath Blight/sb_wb_165.jpg,CC BY 4.0,tige_gaine,rhizoctone,,,,,1
ml/data/raw/dhan_shomadhan/Dhan-Shomadhan/White Background/Shath Blight/sb_wb_166.jpg,541c059851780a22306fbe1ac2d171cdfd957692fb8fbc21fe6717fc08b4d7e1,ml/data/raw/dhan_shomadhan/Dhan-Shomadhan/White Background/Shath Blight/sb_wb_166.jpg,CC BY 4.0,tige_gaine,rhizoctone,,,,,1
ml/data/raw/dhan_shomadhan/Dhan-Shomadhan/White Background/Shath Blight/sb_wb_167.jpg,1e55c13bb4d7800f1c2b1b3cfefdb3ce470cf54ad6682f2e0cc5d82302d9930d,ml/data/raw/dhan_shomadhan/Dhan-Shomadhan/White Background/Shath Blight/sb_wb_167.jpg,CC BY 4.0,tige_gaine,rhizoctone,,,,,1
ml/data/raw/dhan_shomadhan/Dhan-Shomadhan/White Background/Shath Blight/sb_wb_168.jpg,561f43146290292ccad5233070e663c626280bbfba1b3dfa30b16664b228ee9d,ml/data/raw/dhan_shomadhan/Dhan-Shomadhan/White Background/Shath Blight/sb_wb_168.jpg,CC BY 4.0,tige_gaine,rhizoctone,,,,,1
ml/data/raw/dhan_shomadhan/Dhan-Shomadhan/White Background/Shath Blight/sb_wb_169.jpg,f8c015214ee0ea99ab29445af4ab03ebb036dc422646a6777e112d01d8ed1466,ml/data/raw/dhan_shomadhan/Dhan-Shomadhan/White Background/Shath Blight/sb_wb_169.jpg,CC BY 4.0,tige_gaine,rhizoctone,,,,,1
ml/data/raw/dhan_shomadhan/Dhan-Shomadhan/White Background/Shath Blight/sb_wb_17.jpg,946b1a51f1573eacdd8c06e53562a7bee109837ee7460dd8b1085510ced4bb05,ml/data/raw/dhan_shomadhan/Dhan-Shomadhan/White Background/Shath Blight/sb_wb_17.jpg,CC BY 4.0,tige_gaine,rhizoctone,,,,,1
ml/data/raw/dhan_shomadhan/Dhan-Shomadhan/White Background/Shath Blight/sb_wb_170.jpg,777e767975ce7c0513ebb79c674866dcda5d34269888623187256f1d11b497dd,ml/data/raw/dhan_shomadhan/Dhan-Shomadhan/White Background/Shath Blight/sb_wb_170.jpg,CC BY 4.0,tige_gaine,rhizoctone,,,,,1
ml/data/raw/dhan_shomadhan/Dhan-Shomadhan/White Background/Shath Blight/sb_wb_171.jpg,4a49ad84341988841a1d79b5c8a0cad4447407b3199b7e6ab91165ab8d8a83bd,ml/data/raw/dhan_shomadhan/Dhan-Shomadhan/White Background/Shath Blight/sb_wb_171.jpg,CC BY 4.0,tige_gaine,rhizoctone,,,,,1
ml/data/raw/dhan_shomadhan/Dhan-Shomadhan/White Background/Shath Blight/sb_wb_172.jpg,957ed278d6ae5aec916b9728188c270ad7ac1a8ee7722014ff04b64a27d8745b,ml/data/raw/dhan_shomadhan/Dhan-Shomadhan/White Background/Shath Blight/sb_wb_172.jpg,CC BY 4.0,tige_gaine,rhizoctone,,,,,1
ml/data/raw/dhan_shomadhan/Dhan-Shomadhan/White Background/Shath Blight/sb_wb_173.jpg,dd6a4ebec024fe784ec93ebbe665e84217a0523847e6ac644b4e09840359d12f,ml/data/raw/dhan_shomadhan/Dhan-Shomadhan/White Background/Shath Blight/sb_wb_173.jpg,CC BY 4.0,tige_gaine,rhizoctone,,,,,1
ml/data/raw/dhan_shomadhan/Dhan-Shomadhan/White Background/Shath Blight/sb_wb_174.jpg,2822ecb4829b6be372c58c7c9dd3e4d47b7887b012c9c9d3c36fbb875496d9d9,ml/data/raw/dhan_shomadhan/Dhan-Shomadhan/White Background/Shath Blight/sb_wb_174.jpg,CC BY 4.0,tige_gaine,rhizoctone,,,,,1
ml/data/raw/dhan_shomadhan/Dhan-Shomadhan/White Background/Shath Blight/sb_wb_175.jpg,2f8dbd57a1c11e6a8f921b466eeb2ff89ece12d1c0a8cbcae9b98cbe70272c84,ml/data/raw/dhan_shomadhan/Dhan-Shomadhan/White Background/Shath Blight/sb_wb_175.jpg,CC BY 4.0,tige_gaine,rhizoctone,,,,,1
ml/data/raw/dhan_shomadhan/Dhan-Shomadhan/White Background/Shath Blight/sb_wb_176.jpg,816a903f5678606afe11f45b2017bbfcffb702508e5a310fc36dc0a4da70ddce,ml/data/raw/dhan_shomadhan/Dhan-Shomadhan/White Background/Shath Blight/sb_wb_176.jpg,CC BY 4.0,tige_gaine,rhizoctone,,,,,1
ml/data/raw/dhan_shomadhan/Dhan-Shomadhan/White Background/Shath Blight/sb_wb_177.jpg,ddf2a82269079889021d938f9914e9404be610542f5b8e277d0a72ca65994888,ml/data/raw/dhan_shomadhan/Dhan-Shomadhan/White Background/Shath Blight/sb_wb_177.jpg,CC BY 4.0,tige_gaine,rhizoctone,,,,,1
ml/data/raw/dhan_shomadhan/Dhan-Shomadhan/White Background/Shath Blight/sb_wb_178.jpg,57ce0502a68ff65d49685e2992a8faa33b57e77370293dc31c7386343bf05aed,ml/data/raw/dhan_shomadhan/Dhan-Shomadhan/White Background/Shath Blight/sb_wb_178.jpg,CC BY 4.0,tige_gaine,rhizoctone,,,,,1
ml/data/raw/dhan_shomadhan/Dhan-Shomadhan/White Background/Shath Blight/sb_wb_179.jpg,74b6d020b19d27c64c1a1a8508102890719d24fee571f02cf86ee632f40e81b8,ml/data/raw/dhan_shomadhan/Dhan-Shomadhan/White Background/Shath Blight/sb_wb_179.jpg,CC BY 4.0,tige_gaine,rhizoctone,,,,,1
ml/data/raw/dhan_shomadhan/Dhan-Shomadhan/White Background/Shath Blight/sb_wb_18.jpg,d518ad04a596e6724e71bc6df989bd71e0886a5ff80bba434fe16d7d02e79d9e,ml/data/raw/dhan_shomadhan/Dhan-Shomadhan/White Background/Shath Blight/sb_wb_18.jpg,CC BY 4.0,tige_gaine,rhizoctone,,,,,1
ml/data/raw/dhan_shomadhan/Dhan-Shomadhan/White Background/Shath Blight/sb_wb_180.jpg,c9ad3ee563cfb2dd8a1de5552c79b75a1f391f048f391ab74d0e685b47868b3f,ml/data/raw/dhan_shomadhan/Dhan-Shomadhan/White Background/Shath Blight/sb_wb_180.jpg,CC BY 4.0,tige_gaine,rhizoctone,,,,,1
ml/data/raw/dhan_shomadhan/Dhan-Shomadhan/White Background/Shath Blight/sb_wb_181.jpg,b1d9c164d172ebf22cb6184dd1592d79643f4a403018afec37bf2b59cda0cf51,ml/data/raw/dhan_shomadhan/Dhan-Shomadhan/White Background/Shath Blight/sb_wb_181.jpg,CC BY 4.0,tige_gaine,rhizoctone,,,,,1
ml/data/raw/dhan_shomadhan/Dhan-Shomadhan/White Background/Shath Blight/sb_wb_182.jpg,0663341e74380a62c0ca8f1d384f92b8c3c46eb51dd996b53ac6ec07057cd7aa,ml/data/raw/dhan_shomadhan/Dhan-Shomadhan/White Background/Shath Blight/sb_wb_182.jpg,CC BY 4.0,tige_gaine,rhizoctone,,,,,1
ml/data/raw/dhan_shomadhan/Dhan-Shomadhan/White Background/Shath Blight/sb_wb_183.jpg,6837ced4a981ab7779bb9d9ba62dded1f990ccc72d1cec685706a45e4514b490,ml/data/raw/dhan_shomadhan/Dhan-Shomadhan/White Background/Shath Blight/sb_wb_183.jpg,CC BY 4.0,tige_gaine,rhizoctone,,,,,1
ml/data/raw/dhan_shomadhan/Dhan-Shomadhan/White Background/Shath Blight/sb_wb_184.jpg,e0870c98e98fdf1c5ebf113efdded4bba40565aae064d4f4a46bc19f561a2fee,ml/data/raw/dhan_shomadhan/Dhan-Shomadhan/White Background/Shath Blight/sb_wb_184.jpg,CC BY 4.0,tige_gaine,rhizoctone,,,,,1
ml/data/raw/dhan_shomadhan/Dhan-Shomadhan/White Background/Shath Blight/sb_wb_185.jpg,0f513558b946cec1bc7e936b966ae62fe96bee3bb76d58af60b2d4e1a9c7254f,ml/data/raw/dhan_shomadhan/Dhan-Shomadhan/White Background/Shath Blight/sb_wb_185.jpg,CC BY 4.0,tige_gaine,rhizoctone,,,,,1
ml/data/raw/dhan_shomadhan/Dhan-Shomadhan/White Background/Shath Blight/sb_wb_186.jpg,a7c993bc15f17de7f02175d15c13de750923604b22b55b641a1349316a10b6c5,ml/data/raw/dhan_shomadhan/Dhan-Shomadhan/White Background/Shath Blight/sb_wb_186.jpg,CC BY 4.0,tige_gaine,rhizoctone,,,,,1
ml/data/raw/dhan_shomadhan/Dhan-Shomadhan/White Background/Shath Blight/sb_wb_187.jpg,50108c4ec81b424b01dff43ae68f45b65c347b520665c6e097f4ebe87ddf11d0,ml/data/raw/dhan_shomadhan/Dhan-Shomadhan/White Background/Shath Blight/sb_wb_187.jpg,CC BY 4.0,tige_gaine,rhizoctone,,,,,1
ml/data/raw/dhan_shomadhan/Dhan-Shomadhan/White Background/Shath Blight/sb_wb_188.jpg,420fe8b913c5b66aee28c4f4aac5ddab474affab437b79f712b9a043e592a062,ml/data/raw/dhan_shomadhan/Dhan-Shomadhan/White Background/Shath Blight/sb_wb_188.jpg,CC BY 4.0,tige_gaine,rhizoctone,,,,,1
ml/data/raw/dhan_shomadhan/Dhan-Shomadhan/White Background/Shath Blight/sb_wb_189.jpg,f1b1252021dff84efd6e7ec4ff5289886fbcbec642af7e56f50532bc9786787a,ml/data/raw/dhan_shomadhan/Dhan-Shomadhan/White Background/Shath Blight/sb_wb_189.jpg,CC BY 4.0,tige_gaine,rhizoctone,,,,,1
ml/data/raw/dhan_shomadhan/Dhan-Shomadhan/White Background/Shath Blight/sb_wb_19.jpg,00a08bd4d5d8fe758ce8201218ddb4bd3e570f5775dc8757a54971495a0de2ab,ml/data/raw/dhan_shomadhan/Dhan-Shomadhan/White Background/Shath Blight/sb_wb_19.jpg,CC BY 4.0,tige_gaine,rhizoctone,,,,,1
ml/data/raw/dhan_shomadhan/Dhan-Shomadhan/White Background/Shath Blight/sb_wb_190.jpg,a3abe3c1ec31e0833cd3d070d48d23320745a42883b8ae9ea212cc3a39ebbf59,ml/data/raw/dhan_shomadhan/Dhan-Shomadhan/White Background/Shath Blight/sb_wb_190.jpg,CC BY 4.0,tige_gaine,rhizoctone,,,,,1
ml/data/raw/dhan_shomadhan/Dhan-Shomadhan/White Background/Shath Blight/sb_wb_191.jpg,c756a65fda6d319148b48dd09144834967c5ee73a32c64270a5187e638365717,ml/data/raw/dhan_shomadhan/Dhan-Shomadhan/White Background/Shath Blight/sb_wb_191.jpg,CC BY 4.0,tige_gaine,rhizoctone,,,,,1
ml/data/raw/dhan_shomadhan/Dhan-Shomadhan/White Background/Shath Blight/sb_wb_192.jpg,1c8f749f1dbd6987ac47d2f32eaa63479f0578d2dec6e17c4c79ef9b5faf77dc,ml/data/raw/dhan_shomadhan/Dhan-Shomadhan/White Background/Shath Blight/sb_wb_192.jpg,CC BY 4.0,tige_gaine,rhizoctone,,,,,1
ml/data/raw/dhan_shomadhan/Dhan-Shomadhan/White Background/Shath Blight/sb_wb_193.jpg,5f5f8fdf809fc37507db2aa7f7e1b3909b0694246878570d2f12317df6134a12,ml/data/raw/dhan_shomadhan/Dhan-Shomadhan/White Background/Shath Blight/sb_wb_193.jpg,CC BY 4.0,tige_gaine,rhizoctone,,,,,1
ml/data/raw/dhan_shomadhan/Dhan-Shomadhan/White Background/Shath Blight/sb_wb_194.jpg,911ec3fc82394a10631fd05230d09c8b2089551a0d1a2fdd124b358077da9d28,ml/data/raw/dhan_shomadhan/Dhan-Shomadhan/White Background/Shath Blight/sb_wb_194.jpg,CC BY 4.0,tige_gaine,rhizoctone,,,,,1
ml/data/raw/dhan_shomadhan/Dhan-Shomadhan/White Background/Shath Blight/sb_wb_195.jpg,6a6ea3f218ce897208dee05a11783f573e0b71c958120625532089e551a81fbc,ml/data/raw/dhan_shomadhan/Dhan-Shomadhan/White Background/Shath Blight/sb_wb_195.jpg,CC BY 4.0,tige_gaine,rhizoctone,,,,,1
ml/data/raw/dhan_shomadhan/Dhan-Shomadhan/White Background/Shath Blight/sb_wb_196.jpg,1a8cbe6aedf07a8f4d8c874cb09778da07a55989770f25a2550eb3f43f808c3a,ml/data/raw/dhan_shomadhan/Dhan-Shomadhan/White Background/Shath Blight/sb_wb_196.jpg,CC BY 4.0,tige_gaine,rhizoctone,,,,,1
ml/data/raw/dhan_shomadhan/Dhan-Shomadhan/White Background/Shath Blight/sb_wb_197.jpg,b87d68b10aee99cd8623cc66668244d63525f6f327da44d40ed33a304f40438c,ml/data/raw/dhan_shomadhan/Dhan-Shomadhan/White Background/Shath Blight/sb_wb_197.jpg,CC BY 4.0,tige_gaine,rhizoctone,,,,,1
ml/data/raw/dhan_shomadhan/Dhan-Shomadhan/White Background/Shath Blight/sb_wb_198.jpg,cb3e2e3b02d6ec32e846674574c9e17aab799a1529fbee1119f7c673ec910931,ml/data/raw/dhan_shomadhan/Dhan-Shomadhan/White Background/Shath Blight/sb_wb_198.jpg,CC BY 4.0,tige_gaine,rhizoctone,,,,,1
ml/data/raw/dhan_shomadhan/Dhan-Shomadhan/White Background/Shath Blight/sb_wb_199.jpg,08dda03ca96d0dee0b8018240e4bdbf25871908496fa5c848ac8619d28e43c9e,ml/data/raw/dhan_shomadhan/Dhan-Shomadhan/White Background/Shath Blight/sb_wb_199.jpg,CC BY 4.0,tige_gaine,rhizoctone,,,,,1
ml/data/raw/dhan_shomadhan/Dhan-Shomadhan/White Background/Shath Blight/sb_wb_2.jpg,5ba74716dd8192e8911bede9766e1254f5d67cd2c270b204b1fb894e27a4a714,ml/data/raw/dhan_shomadhan/Dhan-Shomadhan/White Background/Shath Blight/sb_wb_2.jpg,CC BY 4.0,tige_gaine,rhizoctone,,,,,1
ml/data/raw/dhan_shomadhan/Dhan-Shomadhan/White Background/Shath Blight/sb_wb_20.jpg,39cf20e2c6558cffe6bfdbf893219e81c3c2e600b4ee7279c4f6be355d365b7f,ml/data/raw/dhan_shomadhan/Dhan-Shomadhan/White Background/Shath Blight/sb_wb_20.jpg,CC BY 4.0,tige_gaine,rhizoctone,,,,,1
ml/data/raw/dhan_shomadhan/Dhan-Shomadhan/White Background/Shath Blight/sb_wb_200.jpg,0dbb9bad4b87458b3bedeb5a5351e437148e02d5e7b855d68b8508a0913d9e84,ml/data/raw/dhan_shomadhan/Dhan-Shomadhan/White Background/Shath Blight/sb_wb_200.jpg,CC BY 4.0,tige_gaine,rhizoctone,,,,,1
ml/data/raw/dhan_shomadhan/Dhan-Shomadhan/White Background/Shath Blight/sb_wb_201.jpg,da748f112b72af7a0c599bc5392d2641de8de7f3197f5964da2f6d55adb10788,ml/data/raw/dhan_shomadhan/Dhan-Shomadhan/White Background/Shath Blight/sb_wb_201.jpg,CC BY 4.0,tige_gaine,rhizoctone,,,,,1
ml/data/raw/dhan_shomadhan/Dhan-Shomadhan/White Background/Shath Blight/sb_wb_202.jpg,eaf50eac2a5d6a6956a25e13790cef402cd11aa1fdbe410afd791df91e1cda1a,ml/data/raw/dhan_shomadhan/Dhan-Shomadhan/White Background/Shath Blight/sb_wb_202.jpg,CC BY 4.0,tige_gaine,rhizoctone,,,,,1
ml/data/raw/dhan_shomadhan/Dhan-Shomadhan/White Background/Shath Blight/sb_wb_203.jpg,122dd8568ad4c2a743ad011be4e507a326c1aee8aaa1b38a945cfb4274b40c17,ml/data/raw/dhan_shomadhan/Dhan-Shomadhan/White Background/Shath Blight/sb_wb_203.jpg,CC BY 4.0,tige_gaine,rhizoctone,,,,,1
ml/data/raw/dhan_shomadhan/Dhan-Shomadhan/White Background/Shath Blight/sb_wb_204.jpg,ab64708a4e292c5ae3f2a956235ee003f63cafe5c3509ca6d3b248170257c05c,ml/data/raw/dhan_shomadhan/Dhan-Shomadhan/White Background/Shath Blight/sb_wb_204.jpg,CC BY 4.0,tige_gaine,rhizoctone,,,,,1
ml/data/raw/dhan_shomadhan/Dhan-Shomadhan/White Background/Shath Blight/sb_wb_205.jpg,22a0fba7d4ff164ba9a089b20360fb7351278c5b97f03945368ea9c50870975e,ml/data/raw/dhan_shomadhan/Dhan-Shomadhan/White Background/Shath Blight/sb_wb_205.jpg,CC BY 4.0,tige_gaine,rhizoctone,,,,,1
ml/data/raw/dhan_shomadhan/Dhan-Shomadhan/White Background/Shath Blight/sb_wb_206.jpg,c6cfa75c8f74bdefa07dd2fe3aefdaca66857f0e75015b428dc6cd3134726d14,ml/data/raw/dhan_shomadhan/Dhan-Shomadhan/White Background/Shath Blight/sb_wb_206.jpg,CC BY 4.0,tige_gaine,rhizoctone,,,,,1
ml/data/raw/dhan_shomadhan/Dhan-Shomadhan/White Background/Shath Blight/sb_wb_207.jpg,ffb205d39b4e1e34f5bf6a6304a6320b2478f9cb87ffb11deb65d5a3b8a47176,ml/data/raw/dhan_shomadhan/Dhan-Shomadhan/White Background/Shath Blight/sb_wb_207.jpg,CC BY 4.0,tige_gaine,rhizoctone,,,,,1
ml/data/raw/dhan_shomadhan/Dhan-Shomadhan/White Background/Shath Blight/sb_wb_208.jpg,befa0c47f942d6229c99d7d66e3186ea1135111e56fc4e329ba1d5410991ede3,ml/data/raw/dhan_shomadhan/Dhan-Shomadhan/White Background/Shath Blight/sb_wb_208.jpg,CC BY 4.0,tige_gaine,rhizoctone,,,,,1
ml/data/raw/dhan_shomadhan/Dhan-Shomadhan/White Background/Shath Blight/sb_wb_209.jpg,75721764e011a3d6867dba060e023297364fa6ccd13fd323fb649b546749c20e,ml/data/raw/dhan_shomadhan/Dhan-Shomadhan/White Background/Shath Blight/sb_wb_209.jpg,CC BY 4.0,tige_gaine,rhizoctone,,,,,1
ml/data/raw/dhan_shomadhan/Dhan-Shomadhan/White Background/Shath Blight/sb_wb_21.jpg,dbc73723584abcf460eeef69133fd301067948ca65f29cb56c3bd85f5aae3fa7,ml/data/raw/dhan_shomadhan/Dhan-Shomadhan/White Background/Shath Blight/sb_wb_21.jpg,CC BY 4.0,tige_gaine,rhizoctone,,,,,1
ml/data/raw/dhan_shomadhan/Dhan-Shomadhan/White Background/Shath Blight/sb_wb_210.jpg,698e242bc7f41c8581a7feda3a722e94631d37b9541bb56fa994956134a1c81c,ml/data/raw/dhan_shomadhan/Dhan-Shomadhan/White Background/Shath Blight/sb_wb_210.jpg,CC BY 4.0,tige_gaine,rhizoctone,,,,,1
ml/data/raw/dhan_shomadhan/Dhan-Shomadhan/White Background/Shath Blight/sb_wb_211.jpg,ca3d6181e7245c6c6cdfa31ae588e62e6d9536c7499f9c62339b7ac00a540ae3,ml/data/raw/dhan_shomadhan/Dhan-Shomadhan/White Background/Shath Blight/sb_wb_211.jpg,CC BY 4.0,tige_gaine,rhizoctone,,,,,1
ml/data/raw/dhan_shomadhan/Dhan-Shomadhan/White Background/Shath Blight/sb_wb_212.jpg,86385dbdf0e7990ea969105304c87aba0da47486642b6ae3db742ad76cb54f4c,ml/data/raw/dhan_shomadhan/Dhan-Shomadhan/White Background/Shath Blight/sb_wb_212.jpg,CC BY 4.0,tige_gaine,rhizoctone,,,,,1
ml/data/raw/dhan_shomadhan/Dhan-Shomadhan/White Background/Shath Blight/sb_wb_213.jpg,6b82870956579031da963be0fd02910f21c079bcd3de9cefc9185e2ce9582ce7,ml/data/raw/dhan_shomadhan/Dhan-Shomadhan/White Background/Shath Blight/sb_wb_213.jpg,CC BY 4.0,tige_gaine,rhizoctone,,,,,1
ml/data/raw/dhan_shomadhan/Dhan-Shomadhan/White Background/Shath Blight/sb_wb_214.jpg,546fbc00018b462e81f84e4c54ec0112f565cab3e5b555d748637afe18ec1a6a,ml/data/raw/dhan_shomadhan/Dhan-Shomadhan/White Background/Shath Blight/sb_wb_214.jpg,CC BY 4.0,tige_gaine,rhizoctone,,,,,1
ml/data/raw/dhan_shomadhan/Dhan-Shomadhan/White Background/Shath Blight/sb_wb_215.jpg,f777ae4a515bec44c041de4ef9db40c282584d0486d464a34915a0be194f1e1b,ml/data/raw/dhan_shomadhan/Dhan-Shomadhan/White Background/Shath Blight/sb_wb_215.jpg,CC BY 4.0,tige_gaine,rhizoctone,,,,,1
ml/data/raw/dhan_shomadhan/Dhan-Shomadhan/White Background/Shath Blight/sb_wb_216.jpg,09ede2115c4a1c19ebe2e9fa6342dc1e7793bf138a666c4ba31d3577c0328bd7,ml/data/raw/dhan_shomadhan/Dhan-Shomadhan/White Background/Shath Blight/sb_wb_216.jpg,CC BY 4.0,tige_gaine,rhizoctone,,,,,1
ml/data/raw/dhan_shomadhan/Dhan-Shomadhan/White Background/Shath Blight/sb_wb_217.jpg,ef15d4688a50457d83d191171809b3e8ab0e9fecb78da612c565cbd32f3b21bb,ml/data/raw/dhan_shomadhan/Dhan-Shomadhan/White Background/Shath Blight/sb_wb_217.jpg,CC BY 4.0,tige_gaine,rhizoctone,,,,,1
ml/data/raw/dhan_shomadhan/Dhan-Shomadhan/White Background/Shath Blight/sb_wb_218.jpg,dfa79d9c03308213b9281412310aa09be678f81449f4743b9bd7b59a6eecf90d,ml/data/raw/dhan_shomadhan/Dhan-Shomadhan/White Background/Shath Blight/sb_wb_218.jpg,CC BY 4.0,tige_gaine,rhizoctone,,,,,1
ml/data/raw/dhan_shomadhan/Dhan-Shomadhan/White Background/Shath Blight/sb_wb_22.jpg,6ce003dc55fd9c768d5f8e2365c2306c21d10f60f9237626f806c409ed7d777b,ml/data/raw/dhan_shomadhan/Dhan-Shomadhan/White Background/Shath Blight/sb_wb_22.jpg,CC BY 4.0,tige_gaine,rhizoctone,,,,,1
ml/data/raw/dhan_shomadhan/Dhan-Shomadhan/White Background/Shath Blight/sb_wb_23.jpg,39cdd5b066c7b35f414140fa1b3ab5dc68efee2fbe06ad424f28706571821e5a,ml/data/raw/dhan_shomadhan/Dhan-Shomadhan/White Background/Shath Blight/sb_wb_23.jpg,CC BY 4.0,tige_gaine,rhizoctone,,,,,1
ml/data/raw/dhan_shomadhan/Dhan-Shomadhan/White Background/Shath Blight/sb_wb_24.jpg,f708a98ebe47a7edc6b0fa7f9b26e3a4f4a28903ec95ac696ae86d6b13f8db4c,ml/data/raw/dhan_shomadhan/Dhan-Shomadhan/White Background/Shath Blight/sb_wb_24.jpg,CC BY 4.0,tige_gaine,rhizoctone,,,,,1
ml/data/raw/dhan_shomadhan/Dhan-Shomadhan/White Background/Shath Blight/sb_wb_25.jpg,e6fa4de135e5b36df37fba20c644574aab9496736f0e3df845db2208ad736ccb,ml/data/raw/dhan_shomadhan/Dhan-Shomadhan/White Background/Shath Blight/sb_wb_25.jpg,CC BY 4.0,tige_gaine,rhizoctone,,,,,1
ml/data/raw/dhan_shomadhan/Dhan-Shomadhan/White Background/Shath Blight/sb_wb_26.jpg,223a83d26654877684fed28965e57bda512c6594a327262c45dcc4dbe126e91f,ml/data/raw/dhan_shomadhan/Dhan-Shomadhan/White Background/Shath Blight/sb_wb_26.jpg,CC BY 4.0,tige_gaine,rhizoctone,,,,,1
ml/data/raw/dhan_shomadhan/Dhan-Shomadhan/White Background/Shath Blight/sb_wb_27.jpg,cb7ea65c8d0c01f752bd25a761a827f51a58e1e433e21796553ff1a99428d7b0,ml/data/raw/dhan_shomadhan/Dhan-Shomadhan/White Background/Shath Blight/sb_wb_27.jpg,CC BY 4.0,tige_gaine,rhizoctone,,,,,1
ml/data/raw/dhan_shomadhan/Dhan-Shomadhan/White Background/Shath Blight/sb_wb_28.jpg,0c68a7a7f1930fcbb2c94a83314bb5ee524c37b73348c845e26cf97c2fde7a0f,ml/data/raw/dhan_shomadhan/Dhan-Shomadhan/White Background/Shath Blight/sb_wb_28.jpg,CC BY 4.0,tige_gaine,rhizoctone,,,,,1
ml/data/raw/dhan_shomadhan/Dhan-Shomadhan/White Background/Shath Blight/sb_wb_29.jpg,6cc162a18c761ad67650f28342e050cea8d586b7c0beaa47d01734e1a58a1c65,ml/data/raw/dhan_shomadhan/Dhan-Shomadhan/White Background/Shath Blight/sb_wb_29.jpg,CC BY 4.0,tige_gaine,rhizoctone,,,,,1
ml/data/raw/dhan_shomadhan/Dhan-Shomadhan/White Background/Shath Blight/sb_wb_3.jpg,592b109fa1664ed18c04acee301bdc2656a9117029bdf74e533feb9369389481,ml/data/raw/dhan_shomadhan/Dhan-Shomadhan/White Background/Shath Blight/sb_wb_3.jpg,CC BY 4.0,tige_gaine,rhizoctone,,,,,1
ml/data/raw/dhan_shomadhan/Dhan-Shomadhan/White Background/Shath Blight/sb_wb_30.jpg,21f972b1969422a8378db9d2121a08081ff6b93d20eacfb5d4d93eb740abc5ed,ml/data/raw/dhan_shomadhan/Dhan-Shomadhan/White Background/Shath Blight/sb_wb_30.jpg,CC BY 4.0,tige_gaine,rhizoctone,,,,,1
ml/data/raw/dhan_shomadhan/Dhan-Shomadhan/White Background/Shath Blight/sb_wb_31.jpg,7ec096878be84a4c7c94e1101564da763c077812a4b0038f118994eed5262411,ml/data/raw/dhan_shomadhan/Dhan-Shomadhan/White Background/Shath Blight/sb_wb_31.jpg,CC BY 4.0,tige_gaine,rhizoctone,,,,,1
ml/data/raw/dhan_shomadhan/Dhan-Shomadhan/White Background/Shath Blight/sb_wb_32.jpg,ea4320dc821f7b73a7fc55c9c6b057f4d5e757b4c0a3fbcaf9964ec4a2791aa9,ml/data/raw/dhan_shomadhan/Dhan-Shomadhan/White Background/Shath Blight/sb_wb_32.jpg,CC BY 4.0,tige_gaine,rhizoctone,,,,,1
ml/data/raw/dhan_shomadhan/Dhan-Shomadhan/White Background/Shath Blight/sb_wb_33.jpg,bad212994063bd2c0921b7db92c6b53239fd94ef8fb54fa77b3b4423c07a0fc5,ml/data/raw/dhan_shomadhan/Dhan-Shomadhan/White Background/Shath Blight/sb_wb_33.jpg,CC BY 4.0,tige_gaine,rhizoctone,,,,,1
ml/data/raw/dhan_shomadhan/Dhan-Shomadhan/White Background/Shath Blight/sb_wb_34.jpg,7f5b7f9d9405ac3ef097f807c488cc6fdbc760655167d2c2679ed20041ee6aad,ml/data/raw/dhan_shomadhan/Dhan-Shomadhan/White Background/Shath Blight/sb_wb_34.jpg,CC BY 4.0,tige_gaine,rhizoctone,,,,,1
ml/data/raw/dhan_shomadhan/Dhan-Shomadhan/White Background/Shath Blight/sb_wb_35.jpg,e8ff497c6eacad467caf3ced63e53273c8fde28d12960fc210eb2abdc818b0e2,ml/data/raw/dhan_shomadhan/Dhan-Shomadhan/White Background/Shath Blight/sb_wb_35.jpg,CC BY 4.0,tige_gaine,rhizoctone,,,,,1
ml/data/raw/dhan_shomadhan/Dhan-Shomadhan/White Background/Shath Blight/sb_wb_36.jpg,95d38687491b86cefc86988e5448875f3ae0302fbf5989f34dcb11364ba084c2,ml/data/raw/dhan_shomadhan/Dhan-Shomadhan/White Background/Shath Blight/sb_wb_36.jpg,CC BY 4.0,tige_gaine,rhizoctone,,,,,1
ml/data/raw/dhan_shomadhan/Dhan-Shomadhan/White Background/Shath Blight/sb_wb_37.jpg,5d11a6fc456981b756566c4a92b82829de859d094782823e2e007db55525b0ec,ml/data/raw/dhan_shomadhan/Dhan-Shomadhan/White Background/Shath Blight/sb_wb_37.jpg,CC BY 4.0,tige_gaine,rhizoctone,,,,,1
ml/data/raw/dhan_shomadhan/Dhan-Shomadhan/White Background/Shath Blight/sb_wb_38.jpg,ef87f55dbffbe363afe6e0ddbfd994d5aaee813f25dd1e63f6529e2c25d71176,ml/data/raw/dhan_shomadhan/Dhan-Shomadhan/White Background/Shath Blight/sb_wb_38.jpg,CC BY 4.0,tige_gaine,rhizoctone,,,,,1
ml/data/raw/dhan_shomadhan/Dhan-Shomadhan/White Background/Shath Blight/sb_wb_39.jpg,097fade1ecc76d737f5367c65c06a26d905908a1a598a279ac153a22df6c1075,ml/data/raw/dhan_shomadhan/Dhan-Shomadhan/White Background/Shath Blight/sb_wb_39.jpg,CC BY 4.0,tige_gaine,rhizoctone,,,,,1
ml/data/raw/dhan_shomadhan/Dhan-Shomadhan/White Background/Shath Blight/sb_wb_4.jpg,e3fa1ebb576a75912e95e2b93649109afd1c2f779375401b443a940e2326b3c4,ml/data/raw/dhan_shomadhan/Dhan-Shomadhan/White Background/Shath Blight/sb_wb_4.jpg,CC BY 4.0,tige_gaine,rhizoctone,,,,,1
ml/data/raw/dhan_shomadhan/Dhan-Shomadhan/White Background/Shath Blight/sb_wb_40.jpg,6257f5645f54a9b536d6020709ccf37e930a86fde7ff52f91be2ccea770cfb92,ml/data/raw/dhan_shomadhan/Dhan-Shomadhan/White Background/Shath Blight/sb_wb_40.jpg,CC BY 4.0,tige_gaine,rhizoctone,,,,,1
ml/data/raw/dhan_shomadhan/Dhan-Shomadhan/White Background/Shath Blight/sb_wb_41.jpg,fd9375549417504ebf300d22c50100e2384c42f3faf547597974573f11a811d0,ml/data/raw/dhan_shomadhan/Dhan-Shomadhan/White Background/Shath Blight/sb_wb_41.jpg,CC BY 4.0,tige_gaine,rhizoctone,,,,,1
ml/data/raw/dhan_shomadhan/Dhan-Shomadhan/White Background/Shath Blight/sb_wb_42.jpg,38c224682b5baa717a65be3cc0fe03c0c199dac20249c0829c6fcbb8fcd3002f,ml/data/raw/dhan_shomadhan/Dhan-Shomadhan/White Background/Shath Blight/sb_wb_42.jpg,CC BY 4.0,tige_gaine,rhizoctone,,,,,1
ml/data/raw/dhan_shomadhan/Dhan-Shomadhan/White Background/Shath Blight/sb_wb_43.jpg,d669dfbdfc6ccb74072873e9b8e57b006d66ec76612fca6e9c689244b869897c,ml/data/raw/dhan_shomadhan/Dhan-Shomadhan/White Background/Shath Blight/sb_wb_43.jpg,CC BY 4.0,tige_gaine,rhizoctone,,,,,1
ml/data/raw/dhan_shomadhan/Dhan-Shomadhan/White Background/Shath Blight/sb_wb_44.jpg,34ee0aa8a97a34c5f819594cfd01c240ccfde5cd3cc1a3e30b6f3d4c8404b339,ml/data/raw/dhan_shomadhan/Dhan-Shomadhan/White Background/Shath Blight/sb_wb_44.jpg,CC BY 4.0,tige_gaine,rhizoctone,,,,,1
ml/data/raw/dhan_shomadhan/Dhan-Shomadhan/White Background/Shath Blight/sb_wb_45.jpg,dd0d84b0366f15aecdda6120e094075f81abf346da50d15d483321f2338c79e3,ml/data/raw/dhan_shomadhan/Dhan-Shomadhan/White Background/Shath Blight/sb_wb_45.jpg,CC BY 4.0,tige_gaine,rhizoctone,,,,,1
ml/data/raw/dhan_shomadhan/Dhan-Shomadhan/White Background/Shath Blight/sb_wb_46.jpg,5deacde60fb33f7e92b630d66ea04d6e0e34fca5f13eacf625db97588aed94f8,ml/data/raw/dhan_shomadhan/Dhan-Shomadhan/White Background/Shath Blight/sb_wb_46.jpg,CC BY 4.0,tige_gaine,rhizoctone,,,,,1
ml/data/raw/dhan_shomadhan/Dhan-Shomadhan/White Background/Shath Blight/sb_wb_47.jpg,b324c3c663dbd51bd7601c01f2f18178c4ff6bc212baeb4c80d798571a4ce7d9,ml/data/raw/dhan_shomadhan/Dhan-Shomadhan/White Background/Shath Blight/sb_wb_47.jpg,CC BY 4.0,tige_gaine,rhizoctone,,,,,1
ml/data/raw/dhan_shomadhan/Dhan-Shomadhan/White Background/Shath Blight/sb_wb_48.jpg,27dc2714d251ffab36941b8b92bfe85b580dfe9213ecba69ae037fc593d207d9,ml/data/raw/dhan_shomadhan/Dhan-Shomadhan/White Background/Shath Blight/sb_wb_48.jpg,CC BY 4.0,tige_gaine,rhizoctone,,,,,1
ml/data/raw/dhan_shomadhan/Dhan-Shomadhan/White Background/Shath Blight/sb_wb_49.jpg,928dfc00c3a7ec2567bd60b13e76a1c5f19c3be83be53c5f5f80c160a998059a,ml/data/raw/dhan_shomadhan/Dhan-Shomadhan/White Background/Shath Blight/sb_wb_49.jpg,CC BY 4.0,tige_gaine,rhizoctone,,,,,1
ml/data/raw/dhan_shomadhan/Dhan-Shomadhan/White Background/Shath Blight/sb_wb_5.jpg,5d2e04712fa2e9f0b397b7d2c7c241859de157c7366c59ee3df8015b96566f9d,ml/data/raw/dhan_shomadhan/Dhan-Shomadhan/White Background/Shath Blight/sb_wb_5.jpg,CC BY 4.0,tige_gaine,rhizoctone,,,,,1
ml/data/raw/dhan_shomadhan/Dhan-Shomadhan/White Background/Shath Blight/sb_wb_50.jpg,dd312ed0bce735da321da0088b395d5f7e411e09bf52545f91da96dc54245a94,ml/data/raw/dhan_shomadhan/Dhan-Shomadhan/White Background/Shath Blight/sb_wb_50.jpg,CC BY 4.0,tige_gaine,rhizoctone,,,,,1
ml/data/raw/dhan_shomadhan/Dhan-Shomadhan/White Background/Shath Blight/sb_wb_51.jpg,4e5b0d14433a7c71905265d33b6e223db4053e24c77fd8e3393977dbf6aedf2b,ml/data/raw/dhan_shomadhan/Dhan-Shomadhan/White Background/Shath Blight/sb_wb_51.jpg,CC BY 4.0,tige_gaine,rhizoctone,,,,,1
ml/data/raw/dhan_shomadhan/Dhan-Shomadhan/White Background/Shath Blight/sb_wb_52.jpg,9f23befc8701d3bc25bb469a09fb46f3058b7fd01cc32b983088d223577cf334,ml/data/raw/dhan_shomadhan/Dhan-Shomadhan/White Background/Shath Blight/sb_wb_52.jpg,CC BY 4.0,tige_gaine,rhizoctone,,,,,1
ml/data/raw/dhan_shomadhan/Dhan-Shomadhan/White Background/Shath Blight/sb_wb_53.jpg,1e4f5e262d584fa40ff1116975aa2440fd21ac9e90c221714e1190eba861df71,ml/data/raw/dhan_shomadhan/Dhan-Shomadhan/White Background/Shath Blight/sb_wb_53.jpg,CC BY 4.0,tige_gaine,rhizoctone,,,,,1
ml/data/raw/dhan_shomadhan/Dhan-Shomadhan/White Background/Shath Blight/sb_wb_54.jpg,fdabd12f6c9636728b6a30b4063c37057f6941bea27e977b53cfda3ebdee5742,ml/data/raw/dhan_shomadhan/Dhan-Shomadhan/White Background/Shath Blight/sb_wb_54.jpg,CC BY 4.0,tige_gaine,rhizoctone,,,,,1
ml/data/raw/dhan_shomadhan/Dhan-Shomadhan/White Background/Shath Blight/sb_wb_55.jpg,ef4385200060a19a1ed1c49a33bbbe18a92027c59b5e6e4c308e766b69fb812d,ml/data/raw/dhan_shomadhan/Dhan-Shomadhan/White Background/Shath Blight/sb_wb_55.jpg,CC BY 4.0,tige_gaine,rhizoctone,,,,,1
ml/data/raw/dhan_shomadhan/Dhan-Shomadhan/White Background/Shath Blight/sb_wb_56.jpg,89978607091ae1b13d6f531c946fa2d7d307aa05b28a446335fb52eef38fd075,ml/data/raw/dhan_shomadhan/Dhan-Shomadhan/White Background/Shath Blight/sb_wb_56.jpg,CC BY 4.0,tige_gaine,rhizoctone,,,,,1
ml/data/raw/dhan_shomadhan/Dhan-Shomadhan/White Background/Shath Blight/sb_wb_57.jpg,bbeec5a0839c6d2efc9e44f037a32ce9020956d2c3ce9da638d404bc04f2a07e,ml/data/raw/dhan_shomadhan/Dhan-Shomadhan/White Background/Shath Blight/sb_wb_57.jpg,CC BY 4.0,tige_gaine,rhizoctone,,,,,1
ml/data/raw/dhan_shomadhan/Dhan-Shomadhan/White Background/Shath Blight/sb_wb_58.jpg,a3b667eb759d89dcda07abbb82f7441d6013b98a9b740c29090bd46eadad63d0,ml/data/raw/dhan_shomadhan/Dhan-Shomadhan/White Background/Shath Blight/sb_wb_58.jpg,CC BY 4.0,tige_gaine,rhizoctone,,,,,1
ml/data/raw/dhan_shomadhan/Dhan-Shomadhan/White Background/Shath Blight/sb_wb_59.jpg,382533de29b79ef2ac0e67a2d5c42aa499c35c64a6b70c604c783102f0f51c48,ml/data/raw/dhan_shomadhan/Dhan-Shomadhan/White Background/Shath Blight/sb_wb_59.jpg,CC BY 4.0,tige_gaine,rhizoctone,,,,,1
ml/data/raw/dhan_shomadhan/Dhan-Shomadhan/White Background/Shath Blight/sb_wb_6.jpg,041a8570aafcd64d39d9c30847ce151f7014c428f6f12de511035a8c2fc98320,ml/data/raw/dhan_shomadhan/Dhan-Shomadhan/White Background/Shath Blight/sb_wb_6.jpg,CC BY 4.0,tige_gaine,rhizoctone,,,,,1
ml/data/raw/dhan_shomadhan/Dhan-Shomadhan/White Background/Shath Blight/sb_wb_60.jpg,c8db7a826aa470b18ecae0d122bf70a2104f70e6f4a93e56881a323159e8df5b,ml/data/raw/dhan_shomadhan/Dhan-Shomadhan/White Background/Shath Blight/sb_wb_60.jpg,CC BY 4.0,tige_gaine,rhizoctone,,,,,1
ml/data/raw/dhan_shomadhan/Dhan-Shomadhan/White Background/Shath Blight/sb_wb_61.jpg,b3159c667fd283b701600b6175976109377d8243fc2094a4f088a263115e6118,ml/data/raw/dhan_shomadhan/Dhan-Shomadhan/White Background/Shath Blight/sb_wb_61.jpg,CC BY 4.0,tige_gaine,rhizoctone,,,,,1
ml/data/raw/dhan_shomadhan/Dhan-Shomadhan/White Background/Shath Blight/sb_wb_62.jpg,8d35d2e4536df3876688a0c2082c182eb9ce11faa63284517c894a525c6d96db,ml/data/raw/dhan_shomadhan/Dhan-Shomadhan/White Background/Shath Blight/sb_wb_62.jpg,CC BY 4.0,tige_gaine,rhizoctone,,,,,1
ml/data/raw/dhan_shomadhan/Dhan-Shomadhan/White Background/Shath Blight/sb_wb_63.jpg,cbc2b69df1e4162818140eb798e7bc28353752da83e951e798ce2b8f298b86f5,ml/data/raw/dhan_shomadhan/Dhan-Shomadhan/White Background/Shath Blight/sb_wb_63.jpg,CC BY 4.0,tige_gaine,rhizoctone,,,,,1
ml/data/raw/dhan_shomadhan/Dhan-Shomadhan/White Background/Shath Blight/sb_wb_64.jpg,265c46e7954edd2192a36a0193007d607b98ccf965c6cb92d9141cdb53a127a2,ml/data/raw/dhan_shomadhan/Dhan-Shomadhan/White Background/Shath Blight/sb_wb_64.jpg,CC BY 4.0,tige_gaine,rhizoctone,,,,,1
ml/data/raw/dhan_shomadhan/Dhan-Shomadhan/White Background/Shath Blight/sb_wb_65.jpg,a31dd072d10b470329b46b36deafb9fa5e17699d959466f83b92f90824d31407,ml/data/raw/dhan_shomadhan/Dhan-Shomadhan/White Background/Shath Blight/sb_wb_65.jpg,CC BY 4.0,tige_gaine,rhizoctone,,,,,1
ml/data/raw/dhan_shomadhan/Dhan-Shomadhan/White Background/Shath Blight/sb_wb_66.jpg,614df8f4935c91301db6827268fbc4cbb8de2d27b95744b4ade52d548631602b,ml/data/raw/dhan_shomadhan/Dhan-Shomadhan/White Background/Shath Blight/sb_wb_66.jpg,CC BY 4.0,tige_gaine,rhizoctone,,,,,1
ml/data/raw/dhan_shomadhan/Dhan-Shomadhan/White Background/Shath Blight/sb_wb_67.jpg,0dc473cf5d054220723930a65520b7f83a3d4efcd9d1a6b80d6d196f89075faf,ml/data/raw/dhan_shomadhan/Dhan-Shomadhan/White Background/Shath Blight/sb_wb_67.jpg,CC BY 4.0,tige_gaine,rhizoctone,,,,,1
ml/data/raw/dhan_shomadhan/Dhan-Shomadhan/White Background/Shath Blight/sb_wb_68.jpg,40f4b84ff258f39f6ced58b55ef61ae915176b8d4509e9390263164404e36acb,ml/data/raw/dhan_shomadhan/Dhan-Shomadhan/White Background/Shath Blight/sb_wb_68.jpg,CC BY 4.0,tige_gaine,rhizoctone,,,,,1
ml/data/raw/dhan_shomadhan/Dhan-Shomadhan/White Background/Shath Blight/sb_wb_69.jpg,fd14a512d92d8ea33b5bbe98a87fd0d3e332fe1e1fd5d304eff43fd41b3c4d97,ml/data/raw/dhan_shomadhan/Dhan-Shomadhan/White Background/Shath Blight/sb_wb_69.jpg,CC BY 4.0,tige_gaine,rhizoctone,,,,,1
ml/data/raw/dhan_shomadhan/Dhan-Shomadhan/White Background/Shath Blight/sb_wb_7.jpg,c5e091ec3483923814fb8c81f3a2b8327858840bbaad7438af1ccfe2affa1621,ml/data/raw/dhan_shomadhan/Dhan-Shomadhan/White Background/Shath Blight/sb_wb_7.jpg,CC BY 4.0,tige_gaine,rhizoctone,,,,,1
ml/data/raw/dhan_shomadhan/Dhan-Shomadhan/White Background/Shath Blight/sb_wb_70.jpg,950ef37296bc6f95bb41b027347d4814cd955be3b203cfccb737166caa6da8f8,ml/data/raw/dhan_shomadhan/Dhan-Shomadhan/White Background/Shath Blight/sb_wb_70.jpg,CC BY 4.0,tige_gaine,rhizoctone,,,,,1
ml/data/raw/dhan_shomadhan/Dhan-Shomadhan/White Background/Shath Blight/sb_wb_71.jpg,e9e0a2485a7c7305444ee3e2e44114d837e3b5dae5c6a5064bf26905e09f24ed,ml/data/raw/dhan_shomadhan/Dhan-Shomadhan/White Background/Shath Blight/sb_wb_71.jpg,CC BY 4.0,tige_gaine,rhizoctone,,,,,1
ml/data/raw/dhan_shomadhan/Dhan-Shomadhan/White Background/Shath Blight/sb_wb_72.jpg,953eefb7b15770c8367e346797dd03722b8ae121705b0606e527363839ea6cb2,ml/data/raw/dhan_shomadhan/Dhan-Shomadhan/White Background/Shath Blight/sb_wb_72.jpg,CC BY 4.0,tige_gaine,rhizoctone,,,,,1
ml/data/raw/dhan_shomadhan/Dhan-Shomadhan/White Background/Shath Blight/sb_wb_73.jpg,9db32c76662c48ad6026cfdcd3adb2b7882798277a85f69176d897241195184c,ml/data/raw/dhan_shomadhan/Dhan-Shomadhan/White Background/Shath Blight/sb_wb_73.jpg,CC BY 4.0,tige_gaine,rhizoctone,,,,,1
ml/data/raw/dhan_shomadhan/Dhan-Shomadhan/White Background/Shath Blight/sb_wb_74.jpg,7d441527f048bf2a0d3afe1d800cb26ea3b66c4249bb68520ec4eb5011bab63d,ml/data/raw/dhan_shomadhan/Dhan-Shomadhan/White Background/Shath Blight/sb_wb_74.jpg,CC BY 4.0,tige_gaine,rhizoctone,,,,,1
ml/data/raw/dhan_shomadhan/Dhan-Shomadhan/White Background/Shath Blight/sb_wb_75.jpg,dadea5dce68be6571a13eca67d04e6c77097a678e71e442ba7e08f356360e4e8,ml/data/raw/dhan_shomadhan/Dhan-Shomadhan/White Background/Shath Blight/sb_wb_75.jpg,CC BY 4.0,tige_gaine,rhizoctone,,,,,1
ml/data/raw/dhan_shomadhan/Dhan-Shomadhan/White Background/Shath Blight/sb_wb_76.jpg,6ac1db9d0184f3c29bcb68f336176f802a7ac40b738f9dd5533de70962ab2a00,ml/data/raw/dhan_shomadhan/Dhan-Shomadhan/White Background/Shath Blight/sb_wb_76.jpg,CC BY 4.0,tige_gaine,rhizoctone,,,,,1
ml/data/raw/dhan_shomadhan/Dhan-Shomadhan/White Background/Shath Blight/sb_wb_77.jpg,e9094842ebc44b6f7341178014490a0b1ea8b8975a74673a67c5c9e004a91b3d,ml/data/raw/dhan_shomadhan/Dhan-Shomadhan/White Background/Shath Blight/sb_wb_77.jpg,CC BY 4.0,tige_gaine,rhizoctone,,,,,1
ml/data/raw/dhan_shomadhan/Dhan-Shomadhan/White Background/Shath Blight/sb_wb_78.jpg,066de355a08bdb9f6e492a257bd441aeb0ea980d985e599753106807eb149443,ml/data/raw/dhan_shomadhan/Dhan-Shomadhan/White Background/Shath Blight/sb_wb_78.jpg,CC BY 4.0,tige_gaine,rhizoctone,,,,,1
ml/data/raw/dhan_shomadhan/Dhan-Shomadhan/White Background/Shath Blight/sb_wb_79.jpg,c901124fb16bac7fd7049bbf5c559dcd97c1957c342897563fcae90c61e04b1e,ml/data/raw/dhan_shomadhan/Dhan-Shomadhan/White Background/Shath Blight/sb_wb_79.jpg,CC BY 4.0,tige_gaine,rhizoctone,,,,,1
ml/data/raw/dhan_shomadhan/Dhan-Shomadhan/White Background/Shath Blight/sb_wb_8.jpg,f2b5f0943671dd7de2e181c79c6a125ad103c77cecd838032479617982c6b8dc,ml/data/raw/dhan_shomadhan/Dhan-Shomadhan/White Background/Shath Blight/sb_wb_8.jpg,CC BY 4.0,tige_gaine,rhizoctone,,,,,1
ml/data/raw/dhan_shomadhan/Dhan-Shomadhan/White Background/Shath Blight/sb_wb_80.jpg,06cc15e34a16bf2986e629db4bee17e994c5010be97556a6e53fe7ae28fbd935,ml/data/raw/dhan_shomadhan/Dhan-Shomadhan/White Background/Shath Blight/sb_wb_80.jpg,CC BY 4.0,tige_gaine,rhizoctone,,,,,1
ml/data/raw/dhan_shomadhan/Dhan-Shomadhan/White Background/Shath Blight/sb_wb_81.jpg,b031ff0c496ed59a95057385c888743fec57afda57d03d0f598e7f681eb947f3,ml/data/raw/dhan_shomadhan/Dhan-Shomadhan/White Background/Shath Blight/sb_wb_81.jpg,CC BY 4.0,tige_gaine,rhizoctone,,,,,1
ml/data/raw/dhan_shomadhan/Dhan-Shomadhan/White Background/Shath Blight/sb_wb_82.jpg,f3a526df2b456ec54ad934f22e3717a11decd2df6a4f06def74a4e49be065958,ml/data/raw/dhan_shomadhan/Dhan-Shomadhan/White Background/Shath Blight/sb_wb_82.jpg,CC BY 4.0,tige_gaine,rhizoctone,,,,,1
ml/data/raw/dhan_shomadhan/Dhan-Shomadhan/White Background/Shath Blight/sb_wb_83.jpg,a0f2613deeaadd9298179afa438daa4dac6ff4213f23fd8891e5d8a06f191174,ml/data/raw/dhan_shomadhan/Dhan-Shomadhan/White Background/Shath Blight/sb_wb_83.jpg,CC BY 4.0,tige_gaine,rhizoctone,,,,,1
ml/data/raw/dhan_shomadhan/Dhan-Shomadhan/White Background/Shath Blight/sb_wb_84.jpg,e87b9623e93132b8c81ec7e6aad75505c8e5c61f0605cc448f64a506f0756174,ml/data/raw/dhan_shomadhan/Dhan-Shomadhan/White Background/Shath Blight/sb_wb_84.jpg,CC BY 4.0,tige_gaine,rhizoctone,,,,,1
ml/data/raw/dhan_shomadhan/Dhan-Shomadhan/White Background/Shath Blight/sb_wb_85.jpg,4ffa44e5e849c5b6c69bba60ff8d4ec56c1c11416ab9322d138f47646c4cde8e,ml/data/raw/dhan_shomadhan/Dhan-Shomadhan/White Background/Shath Blight/sb_wb_85.jpg,CC BY 4.0,tige_gaine,rhizoctone,,,,,1
ml/data/raw/dhan_shomadhan/Dhan-Shomadhan/White Background/Shath Blight/sb_wb_86.jpg,346bbce0fa5cb277b20bb381dadab7721e8aaeaaf5d25c37109d6429b5651a3d,ml/data/raw/dhan_shomadhan/Dhan-Shomadhan/White Background/Shath Blight/sb_wb_86.jpg,CC BY 4.0,tige_gaine,rhizoctone,,,,,1
ml/data/raw/dhan_shomadhan/Dhan-Shomadhan/White Background/Shath Blight/sb_wb_87.jpg,29d0ca54545166d2e2ac74b9a8fb4c1bc64b3b4f36011dba5a3d1756efb36df9,ml/data/raw/dhan_shomadhan/Dhan-Shomadhan/White Background/Shath Blight/sb_wb_87.jpg,CC BY 4.0,tige_gaine,rhizoctone,,,,,1
ml/data/raw/dhan_shomadhan/Dhan-Shomadhan/White Background/Shath Blight/sb_wb_88.jpg,c0646801b98ad3fa946604f07fff07bbc6f4bf2f0470f89407f957ab1858c8d5,ml/data/raw/dhan_shomadhan/Dhan-Shomadhan/White Background/Shath Blight/sb_wb_88.jpg,CC BY 4.0,tige_gaine,rhizoctone,,,,,1
ml/data/raw/dhan_shomadhan/Dhan-Shomadhan/White Background/Shath Blight/sb_wb_89.jpg,261b55ad4dcbfcf6de6eb49bfd1d0074742d4e7db11ed395d49f7cb884195595,ml/data/raw/dhan_shomadhan/Dhan-Shomadhan/White Background/Shath Blight/sb_wb_89.jpg,CC BY 4.0,tige_gaine,rhizoctone,,,,,1
ml/data/raw/dhan_shomadhan/Dhan-Shomadhan/White Background/Shath Blight/sb_wb_9.jpg,b5d98b32c07caea548b9c5275459a6789c10634eb3cb39198e6b8260ca14ed8f,ml/data/raw/dhan_shomadhan/Dhan-Shomadhan/White Background/Shath Blight/sb_wb_9.jpg,CC BY 4.0,tige_gaine,rhizoctone,,,,,1
ml/data/raw/dhan_shomadhan/Dhan-Shomadhan/White Background/Shath Blight/sb_wb_90.jpg,7e0600eb578e9240ae684e80c6a0130d843ee74abeaeeaa3c7ea5123388bae02,ml/data/raw/dhan_shomadhan/Dhan-Shomadhan/White Background/Shath Blight/sb_wb_90.jpg,CC BY 4.0,tige_gaine,rhizoctone,,,,,1
ml/data/raw/dhan_shomadhan/Dhan-Shomadhan/White Background/Shath Blight/sb_wb_91.jpg,d8ae058c7665723143b723f7fae48c8e4b30283562c8a43addf4df4f7d0d1813,ml/data/raw/dhan_shomadhan/Dhan-Shomadhan/White Background/Shath Blight/sb_wb_91.jpg,CC BY 4.0,tige_gaine,rhizoctone,,,,,1
ml/data/raw/dhan_shomadhan/Dhan-Shomadhan/White Background/Shath Blight/sb_wb_92.jpg,33845f260a784f186dcc5603c55374b33177f37f5cb659a6f52f4ba2092350bc,ml/data/raw/dhan_shomadhan/Dhan-Shomadhan/White Background/Shath Blight/sb_wb_92.jpg,CC BY 4.0,tige_gaine,rhizoctone,,,,,1
ml/data/raw/dhan_shomadhan/Dhan-Shomadhan/White Background/Shath Blight/sb_wb_93.jpg,b6cf40b5cfb777e21c8aa00330694c6c0511f3deb72c49af244a4b7301adf397,ml/data/raw/dhan_shomadhan/Dhan-Shomadhan/White Background/Shath Blight/sb_wb_93.jpg,CC BY 4.0,tige_gaine,rhizoctone,,,,,1
ml/data/raw/dhan_shomadhan/Dhan-Shomadhan/White Background/Shath Blight/sb_wb_94.jpg,ba0b1743e4f99115151848867299586062633fa7d6fa0df617855f03e68b64da,ml/data/raw/dhan_shomadhan/Dhan-Shomadhan/White Background/Shath Blight/sb_wb_94.jpg,CC BY 4.0,tige_gaine,rhizoctone,,,,,1
ml/data/raw/dhan_shomadhan/Dhan-Shomadhan/White Background/Shath Blight/sb_wb_95.jpg,d8a2c22b4be8101ccf728eb462ad1e1f5418433fb29287ca63fdf867149c294a,ml/data/raw/dhan_shomadhan/Dhan-Shomadhan/White Background/Shath Blight/sb_wb_95.jpg,CC BY 4.0,tige_gaine,rhizoctone,,,,,1
ml/data/raw/dhan_shomadhan/Dhan-Shomadhan/White Background/Shath Blight/sb_wb_96.jpg,e5c28b15166f7827f53301950cd0d6c0dedb8e68f7d0b1f92ecc348a35d33330,ml/data/raw/dhan_shomadhan/Dhan-Shomadhan/White Background/Shath Blight/sb_wb_96.jpg,CC BY 4.0,tige_gaine,rhizoctone,,,,,1
ml/data/raw/dhan_shomadhan/Dhan-Shomadhan/White Background/Shath Blight/sb_wb_97.jpg,b67158ed9daa6832a8b30b7d72586de3f2e1bcdf1bf271197dc96dc95ed4ce60,ml/data/raw/dhan_shomadhan/Dhan-Shomadhan/White Background/Shath Blight/sb_wb_97.jpg,CC BY 4.0,tige_gaine,rhizoctone,,,,,1
ml/data/raw/dhan_shomadhan/Dhan-Shomadhan/White Background/Shath Blight/sb_wb_98.jpg,77cf133e39b7ef2f37282c09741d2bc245357713f064ea910ee95b47fa5b8176,ml/data/raw/dhan_shomadhan/Dhan-Shomadhan/White Background/Shath Blight/sb_wb_98.jpg,CC BY 4.0,tige_gaine,rhizoctone,,,,,1
ml/data/raw/dhan_shomadhan/Dhan-Shomadhan/White Background/Shath Blight/sb_wb_99.jpg,fa1f0c9d574a47ed46bfcde07030aac84f8de4489c8288734c4eac3a902a4be6,ml/data/raw/dhan_shomadhan/Dhan-Shomadhan/White Background/Shath Blight/sb_wb_99.jpg,CC BY 4.0,tige_gaine,rhizoctone,,,,,1
ml/data/raw/hors_sujet/sol/sol_01.jpg,54119ed8c65d2e08e76d6e0709a75071cb57fa631db1a7a34a95b0cda9961f58,ml/data/raw/hors_sujet/sol/sol_01.jpg,CC BY-SA 2.0,porte,pas_riz,,,,,1
ml/data/raw/hors_sujet/sol/sol_02.jpg,5ff03d04ae0e46621d7fe168036397177733d6c1249745acddd44c6dcf8cf29f,ml/data/raw/hors_sujet/sol/sol_02.jpg,CC BY-SA 2.0,porte,pas_riz,,,,,1
ml/data/raw/hors_sujet/sol/sol_03.jpg,4dda0ac1c2082a51043e950c08fc56afc54d308017e832c6e95938424ddfd91a,ml/data/raw/hors_sujet/sol/sol_03.jpg,CC BY-SA 2.0,porte,pas_riz,,,,,1
ml/data/raw/hors_sujet/sol/sol_04.jpg,01f0533a9b13786236a847a0f7a1d13ebb51bb34e6e476af21513498eac639c0,ml/data/raw/hors_sujet/sol/sol_04.jpg,CC BY-SA 2.0,porte,pas_riz,,,,,1
ml/data/raw/hors_sujet/sol/sol_05.jpg,aded70ff5b6d68092b0f2b219148034b574c7aa176466804c48981800ce8f8f7,ml/data/raw/hors_sujet/sol/sol_05.jpg,CC BY-SA 2.0,porte,pas_riz,,,,,1
ml/data/raw/hors_sujet/mains/mains_01.jpg,75667f6be3bd173b0f2b26d82618bab84c6cc414c039a05f7a0a7652225b2f2f,ml/data/raw/hors_sujet/mains/mains_01.jpg,CC BY-SA 4.0,porte,pas_riz,,,,,1
ml/data/raw/hors_sujet/mains/mains_02.jpg,e20856e35ecfbe558ce9a18dee9f86d809b78be9a4bd3fb6ebec4f903504cca1,ml/data/raw/hors_sujet/mains/mains_02.jpg,CC BY-SA 4.0,porte,pas_riz,,,,,1
ml/data/raw/hors_sujet/mains/mains_03.jpg,c5486a12de8e2d6b35fbc1ee75588aed65a66aa5d7830941c68c398e77e38ccb,ml/data/raw/hors_sujet/mains/mains_03.jpg,CC0,porte,pas_riz,,,,,1
ml/data/raw/hors_sujet/mains/mains_04.jpg,7b946b1dc00396910555986396640f77cb4fb708501a811bda39f94281a1dc9d,ml/data/raw/hors_sujet/mains/mains_04.jpg,CC0,porte,pas_riz,,,,,1
ml/data/raw/hors_sujet/mains/mains_05.jpg,5ab5fd6bc8cfb2fe3f441babba89eeb0c79720b244dbe46e9f2260ff70038940,ml/data/raw/hors_sujet/mains/mains_05.jpg,CC BY-SA 3.0,porte,pas_riz,,,,,1
ml/data/raw/hors_sujet/mais/mais_01.jpg,ac508449a09c9cb0a6808f89ceada1b247138d66b574fbc1dcc5c7338772ac85,ml/data/raw/hors_sujet/mais/mais_01.jpg,CC BY-SA 3.0,porte,pas_riz,,,,,1
ml/data/raw/hors_sujet/mais/mais_02.jpg,3f6db8947969902b6c73a92cb20477c4d3f56dceb43e3ca02bf44ed51f7502b7,ml/data/raw/hors_sujet/mais/mais_02.jpg,CC BY-SA 3.0,porte,pas_riz,,,,,1
ml/data/raw/hors_sujet/mais/mais_03.jpg,bafcb74bd99a63e40acebffe627ada387e9181990a813b1593be448422695de6,ml/data/raw/hors_sujet/mais/mais_03.jpg,CC BY-SA 3.0,porte,pas_riz,,,,,1
ml/data/raw/hors_sujet/mais/mais_04.jpg,616ac09141bb033e66bf3c2a2db07bb8ebd5994855a3b48bf8dc4f44b6be1137,ml/data/raw/hors_sujet/mais/mais_04.jpg,CC BY-SA 4.0,porte,pas_riz,,,,,1
ml/data/raw/hors_sujet/mais/mais_05.jpg,df389905a7f7ca6b066e693e20c49eb2e593657764fa1b830d132eed9b979307,ml/data/raw/hors_sujet/mais/mais_05.jpg,CC BY 3.0 us,porte,pas_riz,,,,,1
ml/data/raw/hors_sujet/herbes/herbes_01.jpg,495821a160433ec9b9abd44937b8209cc9d889541c9b2467c538901d58fbcd23,ml/data/raw/hors_sujet/herbes/herbes_01.jpg,CC BY-SA 3.0,porte,pas_riz,,,,,1
ml/data/raw/hors_sujet/herbes/herbes_02.jpg,ba88bff2b8d6a70bcb0d6593afddf2b318fc9e8ec014e193d65677493f7a95bf,ml/data/raw/hors_sujet/herbes/herbes_02.jpg,CC0,porte,pas_riz,,,,,1
ml/data/raw/hors_sujet/herbes/herbes_03.jpg,8decbe4385d4c2fa12db8468f17f8e40b4ab9dd302392018249bfc3258af7e3c,ml/data/raw/hors_sujet/herbes/herbes_03.jpg,CC BY-SA 4.0,porte,pas_riz,,,,,1
ml/data/raw/hors_sujet/herbes/herbes_04.jpg,21d319b5f140983b96d6d9e59cf4263c3c43d7fa9462956820a7a7e95b016acf,ml/data/raw/hors_sujet/herbes/herbes_04.jpg,CC BY-SA 4.0,porte,pas_riz,,,,,1
ml/data/raw/hors_sujet/herbes/herbes_05.jpg,fbb9b859ba1c13df7c58c71b28d43fef0fca80bf5af3edecea9757fc21b81b78,ml/data/raw/hors_sujet/herbes/herbes_05.jpg,CC BY-SA 4.0,porte,pas_riz,,,,,1
ml/data/raw/hors_sujet/canne_a_sucre/canne_a_sucre_01.jpg,627e50e2afb0a3dd579b10f0949b26c77fe5ac6d8785ffc8904e392b74b3e0a0,ml/data/raw/hors_sujet/canne_a_sucre/canne_a_sucre_01.jpg,CC BY 4.0,porte,pas_riz,,,,,1
ml/data/raw/hors_sujet/canne_a_sucre/canne_a_sucre_02.jpg,cc7c8c6baec578a2e562cba89c978a1ea69736d0d3c80f82c4f4c7588b933bdd,ml/data/raw/hors_sujet/canne_a_sucre/canne_a_sucre_02.jpg,CC BY-SA 4.0,porte,pas_riz,,,,,1
ml/data/raw/hors_sujet/canne_a_sucre/canne_a_sucre_03.jpg,a1ab3eba0310a2625cb512b713f53c99bd89caf689e291ef59bfa77fe18ec441,ml/data/raw/hors_sujet/canne_a_sucre/canne_a_sucre_03.jpg,CC BY-SA 4.0,porte,pas_riz,,,,,1
ml/data/raw/hors_sujet/canne_a_sucre/canne_a_sucre_04.jpg,bdcaf56bc6e1a227b8be71bdfe873dd0285a4d16e4fdd283e827cfc15db06c8a,ml/data/raw/hors_sujet/canne_a_sucre/canne_a_sucre_04.jpg,Public domain,porte,pas_riz,,,,,1
ml/data/raw/hors_sujet/canne_a_sucre/canne_a_sucre_05.jpg,c54b0822266883ad275c8339c0886873c042ce2a82dcd9c5f3fc7d32466f1cde,ml/data/raw/hors_sujet/canne_a_sucre/canne_a_sucre_05.jpg,CC BY 3.0 us,porte,pas_riz,,,,,1
ml/data/raw/hors_sujet/eau/eau_01.jpg,6e8ebba3763c280acf1770d44ad0ae3b88a7fda2f68bf89a123643e0db3e68a0,ml/data/raw/hors_sujet/eau/eau_01.jpg,Public domain,porte,pas_riz,,,,,1
ml/data/raw/hors_sujet/eau/eau_02.jpg,82956a3f297198b20973ceae097d491dd2ee36e03ee95154d3395ce3d8bde108,ml/data/raw/hors_sujet/eau/eau_02.jpg,Public domain,porte,pas_riz,,,,,1
ml/data/raw/hors_sujet/eau/eau_03.jpg,758d7f410f282ae4ae7b7586d293f5786a69c78a531b541644ba6928ce277133,ml/data/raw/hors_sujet/eau/eau_03.jpg,CC BY-SA 4.0,porte,pas_riz,,,,,1
ml/data/raw/hors_sujet/eau/eau_04.jpg,f899dd0960bdad0efb4bea69704e956ec758a2cfb4cfe3497387c4008cebcaa8,ml/data/raw/hors_sujet/eau/eau_04.jpg,CC BY-SA 4.0,porte,pas_riz,,,,,1
ml/data/raw/hors_sujet/eau/eau_05.jpg,e9e627f89798d58a8008833205a74313d4f7ff6f679b791fa580897161247d75,ml/data/raw/hors_sujet/eau/eau_05.jpg,CC BY-SA 4.0,porte,pas_riz,,,,,1
ml/data/raw/hors_sujet/outils/outils_01.jpg,049fc3d081f5127bbd79f209664743b0aded18c383ef388ba1c19e2aafcc15ca,ml/data/raw/hors_sujet/outils/outils_01.jpg,CC BY-SA 2.0,porte,pas_riz,,,,,1
ml/data/raw/hors_sujet/outils/outils_02.jpg,aea9445f62032b11f14f228e9148b13fe5bc12d38a2c79834b64d07d76eda0c8,ml/data/raw/hors_sujet/outils/outils_02.jpg,CC BY-SA 2.0,porte,pas_riz,,,,,1
ml/data/raw/hors_sujet/outils/outils_03.jpg,5fa64a19bcb93223ea03f41f2055befe72a545e66c8f099aff7e491391fd39be,ml/data/raw/hors_sujet/outils/outils_03.jpg,CC BY-SA 4.0,porte,pas_riz,,,,,1
ml/data/raw/hors_sujet/outils/outils_04.jpg,0f7a33a15903d739086f1d64eb067513228e0ed227e3a8d7d9f01e10b8b990c0,ml/data/raw/hors_sujet/outils/outils_04.jpg,CC BY-SA 4.0,porte,pas_riz,,,,,1
ml/data/raw/hors_sujet/outils/outils_05.jpg,240a3d8ed5690ba214f3fe5a3f25838b065df0355bafc11f24308dd340a3f915,ml/data/raw/hors_sujet/outils/outils_05.jpg,CC BY-SA 4.0,porte,pas_riz,,,,,1
ml/data/raw/hors_sujet/zebus/zebus_01.jpg,574da8044fe64eb06ef35014cc6fcb025bcc95e57c1dc73e4c3a6b0a3764303d,ml/data/raw/hors_sujet/zebus/zebus_01.jpg,CC0,porte,pas_riz,,,,,1
ml/data/raw/hors_sujet/zebus/zebus_02.jpg,d5c02311764dae87b40564b4af0ae9c0f88f956b795ca76c89da39bb49510cea,ml/data/raw/hors_sujet/zebus/zebus_02.jpg,CC0,porte,pas_riz,,,,,1
ml/data/raw/hors_sujet/zebus/zebus_03.jpg,4125c40b52eab4e18abe4f402ef5072d7f0235c0de5914880b79bedcbdc71f4b,ml/data/raw/hors_sujet/zebus/zebus_03.jpg,CC BY-SA 4.0,porte,pas_riz,,,,,1
ml/data/raw/hors_sujet/zebus/zebus_04.jpg,cdea42fad2b2096dfd231d71ada399a85d87d4671d25eefe8992b01e79df0173,ml/data/raw/hors_sujet/zebus/zebus_04.jpg,CC BY-SA 3.0,porte,pas_riz,,,,,1
ml/data/raw/hors_sujet/zebus/zebus_05.jpg,5b7a22ac3bcd784010ec731b73c5539d4aefd25fc6bcaaf404b8c98415745a72,ml/data/raw/hors_sujet/zebus/zebus_05.jpg,CC0,porte,pas_riz,,,,,1
ml/data/raw/hors_sujet/ecrans/ecrans_01.jpg,f51b596a603736a779a43be76dfbe3d55c995efcf237c62cd3c504f8407048ba,ml/data/raw/hors_sujet/ecrans/ecrans_01.jpg,CC0,porte,pas_riz,,,,,1
ml/data/raw/hors_sujet/ecrans/ecrans_02.jpg,fb5b451e1ef36dbc7eafa5970f5fcf13c3d24548a4e8da345eb3f9fef81eba90,ml/data/raw/hors_sujet/ecrans/ecrans_02.jpg,CC BY 2.0,porte,pas_riz,,,,,1
ml/data/raw/hors_sujet/ecrans/ecrans_03.jpg,cd993c9b5132ed0a3736aefdf24dab529ad9c36d5912d0da1dbfb6f8c7138c55,ml/data/raw/hors_sujet/ecrans/ecrans_03.jpg,CC BY 2.0,porte,pas_riz,,,,,1
ml/data/raw/hors_sujet/ecrans/ecrans_04.jpg,576fad02eae365988cb0cbc7881cbc13306b48b60beab2d65cc88a576781951d,ml/data/raw/hors_sujet/ecrans/ecrans_04.jpg,CC BY-SA 4.0,porte,pas_riz,,,,,1
ml/data/raw/hors_sujet/ecrans/ecrans_05.jpg,4f08ee132d7b2aa99b1888f89b46a2c3aff5860ae846e0f31c93b55739d6b228,ml/data/raw/hors_sujet/ecrans/ecrans_05.jpg,CC BY 2.0,porte,pas_riz,,,,,1
ml/data/raw/hors_sujet/autres_feuilles/autres_feuilles_01.jpg,6082812a29f2ea17dfadd7e98130973a8ecbd398b0581ad2af582e0d960e839e,ml/data/raw/hors_sujet/autres_feuilles/autres_feuilles_01.jpg,CC BY-SA 4.0,porte,pas_riz,,,,,1
ml/data/raw/hors_sujet/autres_feuilles/autres_feuilles_02.jpg,57e791b855109043728437e598f9ebe0af6c82e792fcbce1e255d9d54d1259ab,ml/data/raw/hors_sujet/autres_feuilles/autres_feuilles_02.jpg,CC BY-SA 4.0,porte,pas_riz,,,,,1
ml/data/raw/hors_sujet/autres_feuilles/autres_feuilles_03.jpg,16dfef299ddebe3ea329a04f76397aa4171ed73e0aad39158c8f7580590a9684,ml/data/raw/hors_sujet/autres_feuilles/autres_feuilles_03.jpg,CC BY-SA 4.0,porte,pas_riz,,,,,1
ml/data/raw/hors_sujet/autres_feuilles/autres_feuilles_04.jpg,f21eb148d574a45c4cb51d335dcc3ffd98230b8e5fa4ce77bdda8eeaebbfe87a,ml/data/raw/hors_sujet/autres_feuilles/autres_feuilles_04.jpg,CC BY-SA 4.0,porte,pas_riz,,,,,1
ml/data/raw/hors_sujet/autres_feuilles/autres_feuilles_05.jpg,ca26131d53a02e18c711f2d1acda659c5ff60803c979d79f2fe2359d705fdc7e,ml/data/raw/hors_sujet/autres_feuilles/autres_feuilles_05.jpg,CC BY-SA 4.0,porte,pas_riz,,,,,1
